id,path_id,level_id,component_added
7fffffffffffffffffff,0,79,p.sorted.6.pred.70
0,0,0,NA
8000000000,0,1,m.create_list.3.fold.39
8000010000,0,2,m.list_insert.4.unfold.62
8000050000,0,3,m.list_insert.3.fold.60
8000050040,0,4,p.sortedSeg.6.pred.72
8000058040,0,5,m.list_insert.3.fold.63
800005a040,0,6,m.list_insert.4.unfold.65
20000000800005a040,0,7,m.appendLemmaAfterLoopBody.2.post.9
20100000800005a040,0,8,m.appendLemmaLoopBody.1.pre.18
20140000800005a040,0,9,m.appendLemmaLoopBody.1.pre.20
20140000800005a042,0,10,p.sortedSegHelper.6.pred.77
20140002800005a042,0,11,m.appendLemmaLoopBody.3.fold.37
20140002820005a042,0,12,m.list_insert.4.unfold.45
20140002820205a042,0,13,m.list_insert.5.inv.53
420140002820205a042,0,14,m.appendLemmaAfterLoopBody.1.pre.4
420140002820205e042,0,15,m.list_insert.3.fold.64
42014000282020de042,0,16,m.list_insert.4.unfold.59
42014000283020de042,0,17,m.list_insert.3.fold.46
42014000283020de062,0,18,p.sortedSeg.6.pred.73
4201400028b020de062,0,19,m.list_insert.2.post.43
420140002ab020de062,0,20,m.create_list.3.fold.41
520140002ab020de062,0,21,m.appendLemmaAfterLoopBody.1.pre.6
560140002ab020de062,0,22,m.appendLemmaAfterLoopBody.1.pre.8
560160002ab020de062,0,23,m.appendLemmaLoopBody.1.pre.21
560168002ab020de062,0,24,m.appendLemmaLoopBody.1.pre.23
560168002ab021de062,0,25,m.list_insert.5.inv.58
560168002ab021de066,0,26,p.sortedSegHelper.6.pred.76
560168002af021de066,0,27,m.list_insert.4.unfold.44
560168002ef021de066,0,28,m.create_list.3.fold.40
4560168002ef021de066,0,29,m.appendLemmaAfterLoopBody.1.pre.0
4562168002ef021de066,0,30,m.appendLemmaAfterLoopBody.4.unfold.13
4562168002ef221de066,0,31,m.list_insert.4.unfold.49
4562168002ef221de866,0,32,m.list_insert.3.fold.67
4562168002ef221dea66,0,33,m.main.5.inv.69
4562169002ef221dea66,0,34,m.appendLemmaLoopBody.1.pre.26
4572169002ef221dea66,0,35,m.appendLemmaAfterLoopBody.2.post.10
4572169006ef221dea66,0,36,m.appendLemmaLoopBody.4.unfold.36
4572169016ef221dea66,0,37,m.appendLemmaLoopBody.4.unfold.34
4572169016ef221deae6,0,38,p.sortedSeg.6.pred.71
4572169016ef221deae7,0,39,p.sortedSegHelper.6.pred.78
457a169016ef221deae7,0,40,m.appendLemmaAfterLoopBody.2.post.11
457a169016ef221deee7,0,41,m.main.5.inv.68
457b169016ef221deee7,0,42,m.appendLemmaAfterLoopBody.3.fold.14
457b169016ef221dfee7,0,43,m.list_insert.3.fold.66
457b169016ff221dfee7,0,44,m.list_insert.1.pre.42
457b169016ff231dfee7,0,45,m.list_insert.5.inv.54
45fb169016ff231dfee7,0,46,m.appendLemmaAfterLoopBody.1.pre.7
45fb169816ff231dfee7,0,47,m.appendLemmaLoopBody.1.pre.27
45fb369816ff231dfee7,0,48,m.appendLemmaLoopBody.1.pre.17
4dfb369816ff231dfee7,0,49,m.appendLemmaAfterLoopBody.1.pre.3
4dfb369836ff231dfee7,0,50,m.appendLemmaLoopBody.2.post.33
4dfbb69836ff231dfee7,0,51,m.appendLemmaAfterLoopBody.4.unfold.15
4dfbb69c36ff231dfee7,0,52,m.appendLemmaLoopBody.2.post.28
4dfbb69c36ffa31dfee7,0,53,m.list_insert.3.fold.47
4dfbb69cb6ffa31dfee7,0,54,m.appendLemmaLoopBody.2.post.31
4dfbb69cb6ffb31dfee7,0,55,m.list_insert.3.fold.50
5dfbb69cb6ffb31dfee7,0,56,m.appendLemmaAfterLoopBody.1.pre.2
5dfbb69eb6ffb31dfee7,0,57,m.appendLemmaLoopBody.2.post.29
5dfbb69fb6ffb31dfee7,0,58,m.appendLemmaLoopBody.2.post.30
5dfbb79fb6ffb31dfee7,0,59,m.appendLemmaLoopBody.1.pre.22
5dfbb79fb6fff31dfee7,0,60,m.list_insert.3.fold.48
5dfbb7dfb6fff31dfee7,0,61,m.appendLemmaLoopBody.1.pre.24
5dfbf7dfb6fff31dfee7,0,62,m.appendLemmaAfterLoopBody.3.fold.16
5dfbf7dfb6fff39dfee7,0,63,m.list_insert.5.inv.55
5dfbf7ffb6fff39dfee7,0,64,m.appendLemmaLoopBody.1.pre.25
5dfbf7ffb6fff3ddfee7,0,65,m.list_insert.5.inv.56
5dfbf7ffb6fff3ddfeef,0,66,p.sortedSegHelper.6.pred.75
5dfbf7ffb6fff7ddfeef,0,67,m.list_insert.5.inv.52
5ffbf7ffb6fff7ddfeef,0,68,m.appendLemmaAfterLoopBody.1.pre.5
5ffff7ffb6fff7ddfeef,0,69,m.appendLemmaAfterLoopBody.2.post.12
7ffff7ffb6fff7ddfeef,0,70,m.appendLemmaAfterLoopBody.1.pre.1
7ffff7fff6fff7ddfeef,0,71,m.appendLemmaLoopBody.2.post.32
7ffff7fff7fff7ddfeef,0,72,m.create_list.2.post.38
7ffff7fff7fff7dffeef,0,73,m.list_insert.3.fold.61
7ffffffff7fff7dffeef,0,74,m.appendLemmaLoopBody.1.pre.19
7ffffffffffff7dffeef,0,75,m.appendLemmaLoopBody.3.fold.35
7ffffffffffff7fffeef,0,76,m.list_insert.5.inv.57
7ffffffffffff7fffeff,0,77,p.sortedSegHelper.6.pred.74
7ffffffffffffffffeff,0,78,m.list_insert.5.inv.51
7fffffffffffffffffff,0,79,p.sorted.6.pred.70
7fffffffffffffffffff,1,79,m.appendLemmaAfterLoopBody.1.pre.4
0,1,0,NA
8000,1,1,m.list_insert.3.fold.63
8000000008000,1,2,m.appendLemmaLoopBody.1.pre.27
1008000000008000,1,3,m.appendLemmaLoopBody.1.pre.18
20001008000000008000,1,4,m.appendLemmaAfterLoopBody.1.pre.1
20001008000002008000,1,5,m.list_insert.5.inv.53
20201008000002008000,1,6,m.appendLemmaAfterLoopBody.2.post.9
20201008000003008000,1,7,m.list_insert.5.inv.54
20201208000003008000,1,8,m.appendLemmaLoopBody.1.pre.21
20203208000003008000,1,9,m.appendLemmaLoopBody.1.pre.17
22203208000003008000,1,10,m.appendLemmaAfterLoopBody.1.pre.5
22223208000003008000,1,11,m.appendLemmaAfterLoopBody.4.unfold.13
22223208000043008000,1,12,m.list_insert.3.fold.48
22223208002043008000,1,13,m.create_list.3.fold.41
22223208002043108000,1,14,m.list_insert.5.inv.58
32223208002043108000,1,15,m.appendLemmaAfterLoopBody.1.pre.2
32227208002043108000,1,16,m.appendLemmaAfterLoopBody.3.fold.16
32227218002043108000,1,17,m.appendLemmaLoopBody.1.pre.26
72227218002043108000,1,18,m.appendLemmaAfterLoopBody.1.pre.0
72227218002053108000,1,19,m.list_insert.3.fold.50
72627218002053108000,1,20,m.appendLemmaAfterLoopBody.1.pre.8
72627218402053108000,1,21,m.appendLemmaLoopBody.2.post.32
72627218c02053108000,1,22,m.appendLemmaLoopBody.2.post.31
72627a18c02053108000,1,23,m.appendLemmaLoopBody.1.pre.19
72627a18c02453108000,1,24,m.list_insert.4.unfold.44
7262fa18c02453108000,1,25,m.appendLemmaAfterLoopBody.4.unfold.15
7262fa18c02453108100,1,26,p.sorted.6.pred.70
7262fa18c02553108100,1,27,m.list_insert.3.fold.46
7262fa18c02553108108,1,28,p.sortedSegHelper.6.pred.75
726afa18c02553108108,1,29,m.appendLemmaAfterLoopBody.2.post.11
726afa18c0255310c108,1,30,m.list_insert.3.fold.64
726afa18c0255310c188,1,31,p.sortedSeg.6.pred.71
726afa18c2255310c188,1,32,m.appendLemmaLoopBody.3.fold.37
726afa1cc2255310c188,1,33,m.appendLemmaLoopBody.2.post.28
726afa1cc2255311c188,1,34,m.list_insert.4.unfold.62
726afa1cd2255311c188,1,35,m.appendLemmaLoopBody.4.unfold.34
726afa1cd2655311c188,1,36,m.create_list.3.fold.40
726afa1cd2675311c188,1,37,m.list_insert.4.unfold.45
726afa1cd3675311c188,1,38,m.create_list.2.post.38
726afa1cd3675351c188,1,39,m.list_insert.5.inv.56
726afa1cd3675b51c188,1,40,m.list_insert.5.inv.51
726afa1cd3675b59c188,1,41,m.list_insert.4.unfold.59
726afa1cdb675b59c188,1,42,m.appendLemmaLoopBody.3.fold.35
726afa1cdb675b59c18a,1,43,p.sortedSegHelper.6.pred.77
726afa1cdb675b59c58a,1,44,m.main.5.inv.68
736afa1cdb675b59c58a,1,45,m.appendLemmaAfterLoopBody.1.pre.6
736afa5cdb675b59c58a,1,46,m.appendLemmaLoopBody.1.pre.24
736afe5cdb675b59c58a,1,47,m.appendLemmaLoopBody.1.pre.20
737afe5cdb675b59c58a,1,48,m.appendLemmaAfterLoopBody.2.post.10
737afe5cdb675b59c59a,1,49,p.sortedSegHelper.6.pred.74
737afe5cdb675b59cd9a,1,50,m.list_insert.3.fold.67
7b7afe5cdb675b59cd9a,1,51,m.appendLemmaAfterLoopBody.1.pre.3
7b7afe5cdf675b59cd9a,1,52,m.appendLemmaLoopBody.4.unfold.36
7b7afe5cdf675bd9cd9a,1,53,m.list_insert.5.inv.55
7b7afe5cdf675bdbcd9a,1,54,m.list_insert.3.fold.61
7b7afe5edf675bdbcd9a,1,55,m.appendLemmaLoopBody.2.post.29
7b7afe5fdf675bdbcd9a,1,56,m.appendLemmaLoopBody.2.post.30
7b7afe5fdf675bdbcdda,1,57,p.sortedSeg.6.pred.72
7b7afe5fdf675bdbcfda,1,58,m.main.5.inv.69
7b7afe5fdf775bdbcfda,1,59,m.list_insert.1.pre.42
7b7afe5fff775bdbcfda,1,60,m.appendLemmaLoopBody.2.post.33
7b7afe5fff775fdbcfda,1,61,m.list_insert.5.inv.52
7b7afe5ffff75fdbcfda,1,62,m.create_list.3.fold.39
7b7afe5ffff75fdbcfde,1,63,p.sortedSegHelper.6.pred.76
7b7afe5ffff75fdbefde,1,64,m.list_insert.4.unfold.65
7b7afe5ffff7dfdbefde,1,65,m.list_insert.3.fold.47
7b7afe5ffff7dfdbefdf,1,66,p.sortedSegHelper.6.pred.78
7b7bfe5ffff7dfdbefdf,1,67,m.appendLemmaAfterLoopBody.3.fold.14
7b7bfe5ffff7dfdfefdf,1,68,m.list_insert.3.fold.60
7b7bfe7ffff7dfdfefdf,1,69,m.appendLemmaLoopBody.1.pre.25
7b7ffe7ffff7dfdfefdf,1,70,m.appendLemmaAfterLoopBody.2.post.12
7b7ffe7ffff7dfffefdf,1,71,m.list_insert.5.inv.57
7b7ffe7ffff7dfffefff,1,72,p.sortedSeg.6.pred.73
7b7ffe7fffffdfffefff,1,73,m.list_insert.2.post.43
7b7ffe7fffffdfffffff,1,74,m.list_insert.3.fold.66
7b7fff7fffffdfffffff,1,75,m.appendLemmaLoopBody.1.pre.22
7b7fffffffffdfffffff,1,76,m.appendLemmaLoopBody.1.pre.23
7b7fffffffffffffffff,1,77,m.list_insert.4.unfold.49
7bffffffffffffffffff,1,78,m.appendLemmaAfterLoopBody.1.pre.7
7fffffffffffffffffff,1,79,m.appendLemmaAfterLoopBody.1.pre.4
7fffffffffffffffffff,2,79,m.list_insert.4.unfold.44
0,2,0,NA
2000000000000000,2,1,m.appendLemmaLoopBody.1.pre.17
2040000000000000,2,2,m.appendLemmaLoopBody.1.pre.24
2040000000400000,2,3,m.list_insert.5.inv.56
102040000000400000,2,4,m.appendLemmaAfterLoopBody.2.post.10
102040002000400000,2,5,m.create_list.3.fold.41
102040002000402000,2,6,m.list_insert.4.unfold.65
102040002000442000,2,7,m.list_insert.3.fold.60
102050002000442000,2,8,m.appendLemmaLoopBody.1.pre.26
102050012000442000,2,9,m.create_list.2.post.38
20102050012000442000,2,10,m.appendLemmaAfterLoopBody.1.pre.1
201020500120004c2000,2,11,m.list_insert.4.unfold.59
2010a0500120004c2000,2,12,m.appendLemmaAfterLoopBody.4.unfold.15
2010a0500120014c2000,2,13,m.list_insert.5.inv.54
2010a0520120014c2000,2,14,m.appendLemmaLoopBody.2.post.29
2030a0520120014c2000,2,15,m.appendLemmaAfterLoopBody.2.post.9
2030a0d20120014c2000,2,16,m.appendLemmaLoopBody.1.pre.23
2030a0d20120034c2000,2,17,m.list_insert.5.inv.53
2030a0d20520034c2000,2,18,m.appendLemmaLoopBody.4.unfold.36
2030a0d20520034e2000,2,19,m.list_insert.3.fold.61
2030a0d20528034e2000,2,20,m.list_insert.2.post.43
2030a0da0528034e2000,2,21,m.appendLemmaLoopBody.1.pre.27
2031a0da0528034e2000,2,22,m.appendLemmaAfterLoopBody.3.fold.14
2031a0da0529034e2000,2,23,m.list_insert.3.fold.46
2031a0da0529034e2002,2,24,p.sortedSegHelper.6.pred.77
2031a0da1529034e2002,2,25,m.appendLemmaLoopBody.4.unfold.34
2831a0da1529034e2002,2,26,m.appendLemmaAfterLoopBody.1.pre.3
2831a0da1529434e2002,2,27,m.list_insert.3.fold.48
2831a0da152943ce2002,2,28,m.list_insert.5.inv.55
2831a0da152943ce2022,2,29,p.sortedSeg.6.pred.73
6831a0da152943ce2022,2,30,m.appendLemmaAfterLoopBody.1.pre.0
6831a2da152943ce2022,2,31,m.appendLemmaLoopBody.1.pre.21
6835a2da152943ce2022,2,32,m.appendLemmaAfterLoopBody.2.post.12
6835a2da152943ce2422,2,33,m.main.5.inv.68
68b5a2da152943ce2422,2,34,m.appendLemmaAfterLoopBody.1.pre.7
68b5aada152943ce2422,2,35,m.appendLemmaLoopBody.1.pre.19
68b5aada152943cea422,2,36,m.list_insert.3.fold.63
68b5aada153943cea422,2,37,m.list_insert.1.pre.42
68b5aada153943ceb422,2,38,m.list_insert.3.fold.66
68b5aada153943ceb4a2,2,39,p.sortedSeg.6.pred.71
68b5abda153943ceb4a2,2,40,m.appendLemmaLoopBody.1.pre.22
68b5abda153947ceb4a2,2,41,m.list_insert.5.inv.52
68b5abda153947ceb4e2,2,42,p.sortedSeg.6.pred.72
6cb5abda153947ceb4e2,2,43,m.appendLemmaAfterLoopBody.1.pre.4
6cb5abda153947deb4e2,2,44,m.list_insert.5.inv.58
6cb5abda1d3947deb4e2,2,45,m.appendLemmaLoopBody.3.fold.35
6cb5abfa1d3947deb4e2,2,46,m.appendLemmaLoopBody.1.pre.25
6cb5abfa3d3947deb4e2,2,47,m.appendLemmaLoopBody.2.post.33
7cb5abfa3d3947deb4e2,2,48,m.appendLemmaAfterLoopBody.1.pre.2
7cbdabfa3d3947deb4e2,2,49,m.appendLemmaAfterLoopBody.2.post.11
7cbdabfa3d3947deb4ea,2,50,p.sortedSegHelper.6.pred.75
7cbdabfa3d3967deb4ea,2,51,m.list_insert.4.unfold.49
7cfdabfa3d3967deb4ea,2,52,m.appendLemmaAfterLoopBody.1.pre.8
7cfdabfa3d3967def4ea,2,53,m.list_insert.3.fold.64
7cfdabfa3d3967dff4ea,2,54,m.list_insert.4.unfold.62
7cffabfa3d3967dff4ea,2,55,m.appendLemmaAfterLoopBody.4.unfold.13
7cffabfa3d3b67dff4ea,2,56,m.list_insert.4.unfold.45
7cffabfa3dbb67dff4ea,2,57,m.create_list.3.fold.39
7cffebfa3dbb67dff4ea,2,58,m.appendLemmaAfterLoopBody.3.fold.16
7cffebfe3dbb67dff4ea,2,59,m.appendLemmaLoopBody.2.post.28
7cffebfebdbb67dff4ea,2,60,m.appendLemmaLoopBody.2.post.31
7effebfebdbb67dff4ea,2,61,m.appendLemmaAfterLoopBody.1.pre.5
7effebfebdbbe7dff4ea,2,62,m.list_insert.3.fold.47
7effebfebdbbe7dff4eb,2,63,p.sortedSegHelper.6.pred.78
7effebfebdbbe7dff5eb,2,64,p.sorted.6.pred.70
7efffbfebdbbe7dff5eb,2,65,m.appendLemmaLoopBody.1.pre.18
7efffbfefdbbe7dff5eb,2,66,m.appendLemmaLoopBody.2.post.32
7efffbfefdbbf7dff5eb,2,67,m.list_insert.3.fold.50
7efffbfffdbbf7dff5eb,2,68,m.appendLemmaLoopBody.2.post.30
7efffffffdbbf7dff5eb,2,69,m.appendLemmaLoopBody.1.pre.20
7efffffffdbbf7dff5fb,2,70,p.sortedSegHelper.6.pred.74
7efffffffdbbf7dffdfb,2,71,m.list_insert.3.fold.67
7efffffffdbbf7fffdfb,2,72,m.list_insert.5.inv.57
7efffffffdbbf7fffdff,2,73,p.sortedSegHelper.6.pred.76
7ffffffffdbbf7fffdff,2,74,m.appendLemmaAfterLoopBody.1.pre.6
7fffffffffbbf7fffdff,2,75,m.appendLemmaLoopBody.3.fold.37
7fffffffffbbfffffdff,2,76,m.list_insert.5.inv.51
7ffffffffffbfffffdff,2,77,m.create_list.3.fold.40
7ffffffffffbffffffff,2,78,m.main.5.inv.69
7fffffffffffffffffff,2,79,m.list_insert.4.unfold.44
7fffffffffffffffffff,3,79,m.appendLemmaAfterLoopBody.1.pre.5
0,3,0,NA
2000000,3,1,m.list_insert.5.inv.53
800002000000,3,2,m.appendLemmaLoopBody.2.post.31
800002100000,3,3,m.list_insert.5.inv.58
800002100004,3,4,p.sortedSegHelper.6.pred.76
840002100004,3,5,m.appendLemmaLoopBody.4.unfold.36
842002100004,3,6,m.create_list.3.fold.41
842002900004,3,7,m.list_insert.5.inv.55
1000842002900004,3,8,m.appendLemmaLoopBody.1.pre.18
1000842002900804,3,9,m.list_insert.3.fold.67
1000842003900804,3,10,m.list_insert.5.inv.54
10001000842003900804,3,11,m.appendLemmaAfterLoopBody.1.pre.2
10001000842803900804,3,12,m.list_insert.2.post.43
10001000842803920804,3,13,m.list_insert.3.fold.61
10001000842803924804,3,14,m.list_insert.3.fold.64
10001400842803924804,3,15,m.appendLemmaLoopBody.1.pre.20
10001400842c03924804,3,16,m.list_insert.4.unfold.44
10001c00842c03924804,3,17,m.appendLemmaLoopBody.1.pre.19
10003c00842c03924804,3,18,m.appendLemmaLoopBody.1.pre.17
10003c0084ac03924804,3,19,m.create_list.3.fold.39
10003c0086ac03924804,3,20,m.appendLemmaLoopBody.3.fold.37
10003c0086ac03924805,3,21,p.sortedSegHelper.6.pred.78
10003c0086ac03934805,3,22,m.list_insert.4.unfold.62
10003c0086ac83934805,3,23,m.list_insert.3.fold.47
10003c0086ac87934805,3,24,m.list_insert.5.inv.52
10003c0086bc87934805,3,25,m.list_insert.1.pre.42
10003c0086bc87b34805,3,26,m.list_insert.5.inv.57
10203c0086bc87b34805,3,27,m.appendLemmaAfterLoopBody.2.post.9
10203d0086bc87b34805,3,28,m.appendLemmaLoopBody.1.pre.22
10203d0086bc87b35805,3,29,m.list_insert.3.fold.66
10203d0086bc87b75805,3,30,m.list_insert.3.fold.60
10203d0086bc97b75805,3,31,m.list_insert.3.fold.50
10203d0086bc97b75825,3,32,p.sortedSeg.6.pred.73
18203d0086bc97b75825,3,33,m.appendLemmaAfterLoopBody.1.pre.3
18223d0086bc97b75825,3,34,m.appendLemmaAfterLoopBody.4.unfold.13
18223d0087bc97b75825,3,35,m.create_list.2.post.38
18223d0087bc97b75c25,3,36,m.main.5.inv.68
18223d0087bc97b77c25,3,37,m.list_insert.4.unfold.65
18223d0087bc97b77c65,3,38,p.sortedSeg.6.pred.72
18223d00a7bc97b77c65,3,39,m.appendLemmaLoopBody.2.post.33
18223d00a7bc97b77c67,3,40,p.sortedSegHelper.6.pred.77
18223d00b7bc97b77c67,3,41,m.appendLemmaLoopBody.4.unfold.34
18223d80b7bc97b77c67,3,42,m.appendLemmaLoopBody.1.pre.23
18223d80bfbc97b77c67,3,43,m.appendLemmaLoopBody.3.fold.35
18227d80bfbc97b77c67,3,44,m.appendLemmaAfterLoopBody.3.fold.16
18227d80bfbcb7b77c67,3,45,m.list_insert.4.unfold.49
18227f80bfbcb7b77c67,3,46,m.appendLemmaLoopBody.1.pre.21
18227f80bfbcb7b77c6f,3,47,p.sortedSegHelper.6.pred.75
18227fc0bfbcb7b77c6f,3,48,m.appendLemmaLoopBody.1.pre.24
38227fc0bfbcb7b77c6f,3,49,m.appendLemmaAfterLoopBody.1.pre.1
38227fc0bfbcb7bf7c6f,3,50,m.list_insert.4.unfold.59
38227fc0bfbcb7ff7c6f,3,51,m.list_insert.5.inv.56
38227fc0bfbcbfff7c6f,3,52,m.list_insert.5.inv.51
38227fc0bfbcbfff7e6f,3,53,m.main.5.inv.69
38327fc0bfbcbfff7e6f,3,54,m.appendLemmaAfterLoopBody.2.post.10
38337fc0bfbcbfff7e6f,3,55,m.appendLemmaAfterLoopBody.3.fold.14
38337fc0bfbcffff7e6f,3,56,m.list_insert.3.fold.48
38737fc0bfbcffff7e6f,3,57,m.appendLemmaAfterLoopBody.1.pre.8
38737fc2bfbcffff7e6f,3,58,m.appendLemmaLoopBody.2.post.29
38737fc2bfbcffff7f6f,3,59,p.sorted.6.pred.70
38f37fc2bfbcffff7f6f,3,60,m.appendLemmaAfterLoopBody.1.pre.7
78f37fc2bfbcffff7f6f,3,61,m.appendLemmaAfterLoopBody.1.pre.0
78f37fc2bfbdffff7f6f,3,62,m.list_insert.3.fold.46
78f37fc2bfbdffff7fef,3,63,p.sortedSeg.6.pred.71
78f37fc2bffdffff7fef,3,64,m.create_list.3.fold.40
78f77fc2bffdffff7fef,3,65,m.appendLemmaAfterLoopBody.2.post.12
78f77fc6bffdffff7fef,3,66,m.appendLemmaLoopBody.2.post.28
78f77fc6bffdffffffef,3,67,m.list_insert.3.fold.63
78f77fc6fffdffffffef,3,68,m.appendLemmaLoopBody.2.post.32
78f77fe6fffdffffffef,3,69,m.appendLemmaLoopBody.1.pre.25
78f77fe7fffdffffffef,3,70,m.appendLemmaLoopBody.2.post.30
78ff7fe7fffdffffffef,3,71,m.appendLemmaAfterLoopBody.2.post.11
78ff7ff7fffdffffffef,3,72,m.appendLemmaLoopBody.1.pre.26
78ff7ffffffdffffffef,3,73,m.appendLemmaLoopBody.1.pre.27
79ff7ffffffdffffffef,3,74,m.appendLemmaAfterLoopBody.1.pre.6
79ff7ffffffdffffffff,3,75,p.sortedSegHelper.6.pred.74
79ff7fffffffffffffff,3,76,m.list_insert.4.unfold.45
79ffffffffffffffffff,3,77,m.appendLemmaAfterLoopBody.4.unfold.15
7dffffffffffffffffff,3,78,m.appendLemmaAfterLoopBody.1.pre.4
7fffffffffffffffffff,3,79,m.appendLemmaAfterLoopBody.1.pre.5
7fffffffffffffffffff,4,79,p.sortedSegHelper.6.pred.74
0,4,0,NA
800000000000000000,4,1,m.appendLemmaAfterLoopBody.1.pre.7
800000000000000800,4,2,m.list_insert.3.fold.67
804000000000000800,4,3,m.appendLemmaAfterLoopBody.3.fold.16
804080000000000800,4,4,m.appendLemmaLoopBody.1.pre.23
804280000000000800,4,5,m.appendLemmaLoopBody.1.pre.21
804280000000080800,4,6,m.list_insert.4.unfold.59
40804280000000080800,4,7,m.appendLemmaAfterLoopBody.1.pre.0
40804280040000080800,4,8,m.appendLemmaLoopBody.4.unfold.36
40804280040000480800,4,9,m.list_insert.5.inv.56
408042800400004c0800,4,10,m.list_insert.3.fold.60
40804a800400004c0800,4,11,m.appendLemmaLoopBody.1.pre.19
40804a801400004c0800,4,12,m.appendLemmaLoopBody.4.unfold.34
40804a811400004c0800,4,13,m.appendLemmaLoopBody.2.post.30
40804a811400004c0840,4,14,p.sortedSeg.6.pred.72
40804a831400004c0840,4,15,m.appendLemmaLoopBody.2.post.29
40804a831400204c0840,4,16,m.list_insert.4.unfold.49
40804a831400204c0a40,4,17,m.main.5.inv.69
40804a831401204c0a40,4,18,m.list_insert.3.fold.46
40804ac31401204c0a40,4,19,m.appendLemmaLoopBody.1.pre.24
40804ac31401284c0a40,4,20,m.list_insert.5.inv.51
40804ad31401284c0a40,4,21,m.appendLemmaLoopBody.1.pre.26
41804ad31401284c0a40,4,22,m.appendLemmaAfterLoopBody.1.pre.6
41804bd31401284c0a40,4,23,m.appendLemmaLoopBody.1.pre.22
41804bd31441284c0a40,4,24,m.create_list.3.fold.40
43804bd31441284c0a40,4,25,m.appendLemmaAfterLoopBody.1.pre.5
43804bd31441284c0ac0,4,26,p.sortedSeg.6.pred.71
43804bd31441384c0ac0,4,27,m.list_insert.3.fold.50
43804bd31441384c4ac0,4,28,m.list_insert.3.fold.64
43804fd31441384c4ac0,4,29,m.appendLemmaLoopBody.1.pre.20
43805fd31441384c4ac0,4,30,m.appendLemmaLoopBody.1.pre.18
43805fd31441384c4ec0,4,31,m.main.5.inv.68
43805fd31451384c4ec0,4,32,m.list_insert.1.pre.42
43805fd31451784c4ec0,4,33,m.list_insert.3.fold.48
43805fd31451784ccec0,4,34,m.list_insert.3.fold.63
43805fd31459784ccec0,4,35,m.list_insert.2.post.43
43805fd31c59784ccec0,4,36,m.appendLemmaLoopBody.3.fold.35
43805fd71c59784ccec0,4,37,m.appendLemmaLoopBody.2.post.28
43a05fd71c59784ccec0,4,38,m.appendLemmaAfterLoopBody.2.post.9
43a05fd79c59784ccec0,4,39,m.appendLemmaLoopBody.2.post.31
43a05fd79cd9784ccec0,4,40,m.create_list.3.fold.39
43a05ff79cd9784ccec0,4,41,m.appendLemmaLoopBody.1.pre.25
43a05ff79cd9784ccec4,4,42,p.sortedSegHelper.6.pred.76
43a05ff79cd9784dcec4,4,43,m.list_insert.4.unfold.62
43a85ff79cd9784dcec4,4,44,m.appendLemmaAfterLoopBody.2.post.11
43a85ff79dd9784dcec4,4,45,m.create_list.2.post.38
43a85ff79ddd784dcec4,4,46,m.list_insert.4.unfold.44
43a85ff79ddd7c4dcec4,4,47,m.list_insert.5.inv.52
43a95ff79ddd7c4dcec4,4,48,m.appendLemmaAfterLoopBody.3.fold.14
43a95ff79ddf7c4dcec4,4,49,m.list_insert.4.unfold.45
43a95ff79fdf7c4dcec4,4,50,m.appendLemmaLoopBody.3.fold.37
43a95ff79fdf7c4dcfc4,4,51,p.sorted.6.pred.70
53a95ff79fdf7c4dcfc4,4,52,m.appendLemmaAfterLoopBody.1.pre.2
53a95ff7dfdf7c4dcfc4,4,53,m.appendLemmaLoopBody.2.post.32
73a95ff7dfdf7c4dcfc4,4,54,m.appendLemmaAfterLoopBody.1.pre.1
73a97ff7dfdf7c4dcfc4,4,55,m.appendLemmaLoopBody.1.pre.17
73a97fffdfdf7c4dcfc4,4,56,m.appendLemmaLoopBody.1.pre.27
73a97fffdfdf7e4dcfc4,4,57,m.list_insert.5.inv.53
73ad7fffdfdf7e4dcfc4,4,58,m.appendLemmaAfterLoopBody.2.post.12
77ad7fffdfdf7e4dcfc4,4,59,m.appendLemmaAfterLoopBody.1.pre.4
77ad7fffffdf7e4dcfc4,4,60,m.appendLemmaLoopBody.2.post.33
7fad7fffffdf7e4dcfc4,4,61,m.appendLemmaAfterLoopBody.1.pre.3
7fad7fffffdf7e6dcfc4,4,62,m.list_insert.5.inv.57
7fad7fffffdf7e7dcfc4,4,63,m.list_insert.5.inv.58
7fed7fffffdf7e7dcfc4,4,64,m.appendLemmaAfterLoopBody.1.pre.8
7fef7fffffdf7e7dcfc4,4,65,m.appendLemmaAfterLoopBody.4.unfold.13
7fef7fffffff7e7dcfc4,4,66,m.create_list.3.fold.41
7fef7fffffff7f7dcfc4,4,67,m.list_insert.5.inv.54
7fff7fffffff7f7dcfc4,4,68,m.appendLemmaAfterLoopBody.2.post.10
7fff7fffffff7f7dcfc6,4,69,p.sortedSegHelper.6.pred.77
7fffffffffff7f7dcfc6,4,70,m.appendLemmaAfterLoopBody.4.unfold.15
7fffffffffff7ffdcfc6,4,71,m.list_insert.5.inv.55
7fffffffffff7ffdcfc7,4,72,p.sortedSegHelper.6.pred.78
7fffffffffff7ffdcfcf,4,73,p.sortedSegHelper.6.pred.75
7ffffffffffffffdcfcf,4,74,m.list_insert.3.fold.47
7fffffffffffffffcfcf,4,75,m.list_insert.3.fold.61
7fffffffffffffffdfcf,4,76,m.list_insert.3.fold.66
7fffffffffffffffffcf,4,77,m.list_insert.4.unfold.65
7fffffffffffffffffef,4,78,p.sortedSeg.6.pred.73
7fffffffffffffffffff,4,79,p.sortedSegHelper.6.pred.74
7fffffffffffffffffff,5,79,m.appendLemmaLoopBody.1.pre.23
0,5,0,NA
1000000000000,5,1,m.appendLemmaLoopBody.2.post.30
3000000000000,5,2,m.appendLemmaLoopBody.2.post.29
40003000000000000,5,3,m.appendLemmaAfterLoopBody.2.post.12
40003000000000100,5,4,p.sorted.6.pred.70
40203000000000100,5,5,m.appendLemmaLoopBody.1.pre.21
40203000000400100,5,6,m.list_insert.5.inv.56
440203000000400100,5,7,m.appendLemmaAfterLoopBody.1.pre.8
440213000000400100,5,8,m.appendLemmaLoopBody.1.pre.26
440213000000400102,5,9,p.sortedSegHelper.6.pred.77
440213000000400302,5,10,m.main.5.inv.69
440213004000400302,5,11,m.create_list.3.fold.40
440213204000400302,5,12,m.appendLemmaLoopBody.2.post.33
40440213204000400302,5,13,m.appendLemmaAfterLoopBody.1.pre.0
40540213204000400302,5,14,m.appendLemmaAfterLoopBody.2.post.10
40540213204004400302,5,15,m.list_insert.5.inv.52
40d40213204004400302,5,16,m.appendLemmaAfterLoopBody.1.pre.7
40d40213224004400302,5,17,m.appendLemmaLoopBody.3.fold.37
40d4021322400c400302,5,18,m.list_insert.5.inv.51
44d4021322400c400302,5,19,m.appendLemmaAfterLoopBody.1.pre.4
44d4021322410c400302,5,20,m.list_insert.3.fold.46
44d4021322410c401302,5,21,m.list_insert.3.fold.66
44d4021722410c401302,5,22,m.appendLemmaLoopBody.2.post.28
44f4021722410c401302,5,23,m.appendLemmaAfterLoopBody.2.post.9
44f4021722410c401312,5,24,p.sortedSegHelper.6.pred.74
44f4031722410c401312,5,25,m.appendLemmaLoopBody.1.pre.22
44f4031762410c401312,5,26,m.appendLemmaLoopBody.2.post.32
44f4031762410c401392,5,27,p.sortedSeg.6.pred.71
44f4031762410c401792,5,28,m.main.5.inv.68
44f4031762410c403792,5,29,m.list_insert.4.unfold.65
44f4831762410c403792,5,30,m.appendLemmaAfterLoopBody.4.unfold.15
44f4831762410c503792,5,31,m.list_insert.5.inv.58
44f4831762510c503792,5,32,m.list_insert.1.pre.42
44f4831762510c50379a,5,33,p.sortedSegHelper.6.pred.75
44f4831762510c50779a,5,34,m.list_insert.3.fold.64
44f4831762510c50779b,5,35,p.sortedSegHelper.6.pred.78
44f48317e2510c50779b,5,36,m.appendLemmaLoopBody.2.post.31
46f48317e2510c50779b,5,37,m.appendLemmaAfterLoopBody.1.pre.5
46f48317e2510c5077db,5,38,p.sortedSeg.6.pred.72
56f48317e2510c5077db,5,39,m.appendLemmaAfterLoopBody.1.pre.2
56f48317e2510c50f7db,5,40,m.list_insert.3.fold.63
56f48317ea510c50f7db,5,41,m.appendLemmaLoopBody.3.fold.35
56fc8317ea510c50f7db,5,42,m.appendLemmaAfterLoopBody.2.post.11
56fc8317ea510c51f7db,5,43,m.list_insert.4.unfold.62
56fc8317ea590c51f7db,5,44,m.list_insert.2.post.43
56fc8317ea594c51f7db,5,45,m.list_insert.3.fold.48
56fcc317ea594c51f7db,5,46,m.appendLemmaAfterLoopBody.3.fold.16
56fccb17ea594c51f7db,5,47,m.appendLemmaLoopBody.1.pre.19
56fccb17ea594c55f7db,5,48,m.list_insert.3.fold.60
5efccb17ea594c55f7db,5,49,m.appendLemmaAfterLoopBody.1.pre.3
5efccb17ea596c55f7db,5,50,m.list_insert.4.unfold.49
5efccb17ea59ec55f7db,5,51,m.list_insert.3.fold.47
5efccb17ea59ed55f7db,5,52,m.list_insert.5.inv.54
5efccb17ea5ded55f7db,5,53,m.list_insert.4.unfold.44
5efccb17ea5ded5df7db,5,54,m.list_insert.4.unfold.59
5efccb57ea5ded5df7db,5,55,m.appendLemmaLoopBody.1.pre.24
5efccb57ea5ded7df7db,5,56,m.list_insert.5.inv.57
5efccf57ea5ded7df7db,5,57,m.appendLemmaLoopBody.1.pre.20
5efccf57ea5fed7df7db,5,58,m.list_insert.4.unfold.45
5efccf57ea5fed7dffdb,5,59,m.list_insert.3.fold.67
5efcdf57ea5fed7dffdb,5,60,m.appendLemmaLoopBody.1.pre.18
5efcdf57eb5fed7dffdb,5,61,m.create_list.2.post.38
5efcdf5feb5fed7dffdb,5,62,m.appendLemmaLoopBody.1.pre.27
5efcdf5febdfed7dffdb,5,63,m.create_list.3.fold.39
5efddf5febdfed7dffdb,5,64,m.appendLemmaAfterLoopBody.3.fold.14
5ffddf5febdfed7dffdb,5,65,m.appendLemmaAfterLoopBody.1.pre.6
5ffddf5febdfed7fffdb,5,66,m.list_insert.3.fold.61
5ffddf5febdffd7fffdb,5,67,m.list_insert.3.fold.50
5fffdf5febdffd7fffdb,5,68,m.appendLemmaAfterLoopBody.4.unfold.13
5fffdf5febdffdffffdb,5,69,m.list_insert.5.inv.55
5fffdf5febdfffffffdb,5,70,m.list_insert.5.inv.53
5fffdf5febdfffffffdf,5,71,p.sortedSegHelper.6.pred.76
7fffdf5febdfffffffdf,5,72,m.appendLemmaAfterLoopBody.1.pre.1
7fffdf5fefdfffffffdf,5,73,m.appendLemmaLoopBody.4.unfold.36
7fffdf7fefdfffffffdf,5,74,m.appendLemmaLoopBody.1.pre.25
7fffdf7fefffffffffdf,5,75,m.create_list.3.fold.41
7fffff7fefffffffffdf,5,76,m.appendLemmaLoopBody.1.pre.17
7fffff7fefffffffffff,5,77,p.sortedSeg.6.pred.73
7fffff7fffffffffffff,5,78,m.appendLemmaLoopBody.4.unfold.34
7fffffffffffffffffff,5,79,m.appendLemmaLoopBody.1.pre.23
7fffffffffffffffffff,6,79,m.appendLemmaAfterLoopBody.1.pre.1
0,6,0,NA
200000000000,6,1,m.appendLemmaLoopBody.2.post.33
10200000000000,6,2,m.appendLemmaLoopBody.1.pre.26
10200000100000,6,3,m.list_insert.5.inv.58
10200800100000,6,4,m.list_insert.2.post.43
10200800100002,6,5,p.sortedSegHelper.6.pred.77
10200800100402,6,6,m.main.5.inv.68
10200800100c02,6,7,m.list_insert.3.fold.67
10200800100e02,6,8,m.main.5.inv.69
90200800100e02,6,9,m.appendLemmaLoopBody.1.pre.23
40090200800100e02,6,10,m.appendLemmaAfterLoopBody.2.post.12
40090200800300e02,6,11,m.list_insert.5.inv.57
40090208800300e02,6,12,m.create_list.3.fold.39
40190208800300e02,6,13,m.appendLemmaLoopBody.1.pre.22
4040190208800300e02,6,14,m.appendLemmaAfterLoopBody.1.pre.4
4040190208800340e02,6,15,m.list_insert.3.fold.60
4240190208800340e02,6,16,m.appendLemmaAfterLoopBody.2.post.9
42401902088003c0e02,6,17,m.list_insert.4.unfold.59
4a401902088003c0e02,6,18,m.appendLemmaAfterLoopBody.1.pre.7
44a401902088003c0e02,6,19,m.appendLemmaAfterLoopBody.1.pre.0
44a401902288003c0e02,6,20,m.appendLemmaLoopBody.3.fold.37
44a411902288003c0e02,6,21,m.appendLemmaLoopBody.1.pre.18
44a415902288003c0e02,6,22,m.appendLemmaLoopBody.1.pre.20
44a41590a288003c0e02,6,23,m.appendLemmaLoopBody.2.post.31
44ac1590a288003c0e02,6,24,m.appendLemmaAfterLoopBody.2.post.11
44ac1590a288013c0e02,6,25,m.list_insert.5.inv.54
44ad1590a288013c0e02,6,26,m.appendLemmaAfterLoopBody.3.fold.14
44ad1592a288013c0e02,6,27,m.appendLemmaLoopBody.2.post.29
44ad1592a28801bc0e02,6,28,m.list_insert.5.inv.55
44ad1592a28801bc0f02,6,29,p.sorted.6.pred.70
44ad1593a28801bc0f02,6,30,m.appendLemmaLoopBody.2.post.30
44ad1593a28801bc0f22,6,31,p.sortedSeg.6.pred.73
44ad3593a28801bc0f22,6,32,m.appendLemmaLoopBody.1.pre.17
44ad3593a28901bc0f22,6,33,m.list_insert.3.fold.46
44ad3593a28909bc0f22,6,34,m.list_insert.5.inv.51
44ad3593a28909bc8f22,6,35,m.list_insert.3.fold.63
45ad3593a28909bc8f22,6,36,m.appendLemmaAfterLoopBody.1.pre.6
45ad3593a28909bc8f62,6,37,p.sortedSeg.6.pred.72
45ad3593a28909bccf62,6,38,m.list_insert.3.fold.64
45ad3593a2c909bccf62,6,39,m.create_list.3.fold.40
45ad3593a2cd09bccf62,6,40,m.list_insert.4.unfold.44
45ad3593a2cd0dbccf62,6,41,m.list_insert.5.inv.52
45ad3593a2cd0dbcef62,6,42,m.list_insert.4.unfold.65
45ad3593a2cd0dbeef62,6,43,m.list_insert.3.fold.61
45ad3593a2cd0dbeef6a,6,44,p.sortedSegHelper.6.pred.75
45ad3593a2cd0fbeef6a,6,45,m.list_insert.5.inv.53
45ad3d93a2cd0fbeef6a,6,46,m.appendLemmaLoopBody.1.pre.19
45ad7d93a2cd0fbeef6a,6,47,m.appendLemmaAfterLoopBody.3.fold.16
45af7d93a2cd0fbeef6a,6,48,m.appendLemmaAfterLoopBody.4.unfold.13
45af7d93a2cd8fbeef6a,6,49,m.list_insert.3.fold.47
45af7d93a2cd9fbeef6a,6,50,m.list_insert.3.fold.50
45af7d97a2cd9fbeef6a,6,51,m.appendLemmaLoopBody.2.post.28
45af7d97a2cd9fbeef6b,6,52,p.sortedSegHelper.6.pred.78
45af7d9fa2cd9fbeef6b,6,53,m.appendLemmaLoopBody.1.pre.27
45af7d9fa6cd9fbeef6b,6,54,m.appendLemmaLoopBody.4.unfold.36
45af7d9fa7cd9fbeef6b,6,55,m.create_list.2.post.38
45bf7d9fa7cd9fbeef6b,6,56,m.appendLemmaAfterLoopBody.2.post.10
45bf7d9fa7ed9fbeef6b,6,57,m.create_list.3.fold.41
45bf7d9fa7ed9fbeefeb,6,58,p.sortedSeg.6.pred.71
45bf7d9fa7ed9fbeeffb,6,59,p.sortedSegHelper.6.pred.74
45bf7d9fa7ed9fbeefff,6,60,p.sortedSegHelper.6.pred.76
45bf7d9fa7ed9ffeefff,6,61,m.list_insert.5.inv.56
47bf7d9fa7ed9ffeefff,6,62,m.appendLemmaAfterLoopBody.1.pre.5
47bf7d9fa7ed9ffeffff,6,63,m.list_insert.3.fold.66
4fbf7d9fa7ed9ffeffff,6,64,m.appendLemmaAfterLoopBody.1.pre.3
4fbf7f9fa7ed9ffeffff,6,65,m.appendLemmaLoopBody.1.pre.21
4fbf7fbfa7ed9ffeffff,6,66,m.appendLemmaLoopBody.1.pre.25
5fbf7fbfa7ed9ffeffff,6,67,m.appendLemmaAfterLoopBody.1.pre.2
5fbf7fbfb7ed9ffeffff,6,68,m.appendLemmaLoopBody.4.unfold.34
5fbf7fbfb7ed9fffffff,6,69,m.list_insert.4.unfold.62
5fbf7fbfb7eddfffffff,6,70,m.list_insert.3.fold.48
5fff7fbfb7eddfffffff,6,71,m.appendLemmaAfterLoopBody.1.pre.8
5fff7fbff7eddfffffff,6,72,m.appendLemmaLoopBody.2.post.32
5fff7ffff7eddfffffff,6,73,m.appendLemmaLoopBody.1.pre.24
5fff7ffff7fddfffffff,6,74,m.list_insert.1.pre.42
5fff7ffff7ffdfffffff,6,75,m.list_insert.4.unfold.45
5ffffffff7ffdfffffff,6,76,m.appendLemmaAfterLoopBody.4.unfold.15
5ffffffff7ffffffffff,6,77,m.list_insert.4.unfold.49
5fffffffffffffffffff,6,78,m.appendLemmaLoopBody.3.fold.35
7fffffffffffffffffff,6,79,m.appendLemmaAfterLoopBody.1.pre.1
7fffffffffffffffffff,7,79,m.appendLemmaAfterLoopBody.1.pre.4
0,7,0,NA
8000000,7,1,m.list_insert.5.inv.51
8000000000008000000,7,2,m.appendLemmaAfterLoopBody.1.pre.3
8000000000008000010,7,3,p.sortedSegHelper.6.pred.74
8000000000008001010,7,4,m.list_insert.3.fold.66
18000000000008001010,7,5,m.appendLemmaAfterLoopBody.1.pre.2
18000000040008001010,7,6,m.appendLemmaLoopBody.4.unfold.36
18100000040008001010,7,7,m.appendLemmaAfterLoopBody.2.post.10
18100000040808001010,7,8,m.list_insert.2.post.43
1810000004080c001010,7,9,m.list_insert.5.inv.52
1810000004080c005010,7,10,m.list_insert.3.fold.64
1810000004080d005010,7,11,m.list_insert.5.inv.54
1810000006080d005010,7,12,m.appendLemmaLoopBody.3.fold.37
1810000006080d015010,7,13,m.list_insert.4.unfold.62
1810000006080d015110,7,14,p.sorted.6.pred.70
1810000007080d015110,7,15,m.create_list.2.post.38
1810000007080f015110,7,16,m.list_insert.5.inv.53
1810000047080f015110,7,17,m.appendLemmaLoopBody.2.post.32
1818000047080f015110,7,18,m.appendLemmaAfterLoopBody.2.post.11
1818000047080f015310,7,19,m.main.5.inv.69
1818000047080f015b10,7,20,m.list_insert.3.fold.67
1918000047080f015b10,7,21,m.appendLemmaAfterLoopBody.1.pre.6
191800004f080f015b10,7,22,m.appendLemmaLoopBody.3.fold.35
191800004f090f015b10,7,23,m.list_insert.3.fold.46
191a00004f090f015b10,7,24,m.appendLemmaAfterLoopBody.4.unfold.13
191a00104f090f015b10,7,25,m.appendLemmaLoopBody.1.pre.26
191a00104f090f015b12,7,26,p.sortedSegHelper.6.pred.77
191a00104f090f055b12,7,27,m.list_insert.3.fold.60
191a00104f090f057b12,7,28,m.list_insert.4.unfold.65
191a00104f290f057b12,7,29,m.create_list.3.fold.41
1b1a00104f290f057b12,7,30,m.appendLemmaAfterLoopBody.1.pre.5
1b1a00104f290f077b12,7,31,m.list_insert.3.fold.61
1b1a00104f290f877b12,7,32,m.list_insert.5.inv.55
1b1a00104f290f877f12,7,33,m.main.5.inv.68
1b1a80104f290f877f12,7,34,m.appendLemmaAfterLoopBody.4.unfold.15
1b1aa0104f290f877f12,7,35,m.appendLemmaLoopBody.1.pre.17
1b1aa0104f291f877f12,7,36,m.list_insert.3.fold.50
1b1ae0104f291f877f12,7,37,m.appendLemmaAfterLoopBody.3.fold.16
1b1ae0104f291f977f12,7,38,m.list_insert.5.inv.58
1b9ae0104f291f977f12,7,39,m.appendLemmaAfterLoopBody.1.pre.7
1b9ae0106f291f977f12,7,40,m.appendLemmaLoopBody.2.post.33
1b9ae010ef291f977f12,7,41,m.appendLemmaLoopBody.2.post.31
1b9ae010ef291f9f7f12,7,42,m.list_insert.4.unfold.59
1bbae010ef291f9f7f12,7,43,m.appendLemmaAfterLoopBody.2.post.9
1bbae018ef291f9f7f12,7,44,m.appendLemmaLoopBody.1.pre.27
1bbae818ef291f9f7f12,7,45,m.appendLemmaLoopBody.1.pre.19
1bbae818ef291f9f7f16,7,46,p.sortedSegHelper.6.pred.76
1bbae818ef291fdf7f16,7,47,m.list_insert.5.inv.56
1bbae818ef291fff7f16,7,48,m.list_insert.5.inv.57
1bbae818ef299fff7f16,7,49,m.list_insert.3.fold.47
1bbae818ef299fff7f36,7,50,p.sortedSeg.6.pred.73
1bbae818ff299fff7f36,7,51,m.appendLemmaLoopBody.4.unfold.34
1bfae818ff299fff7f36,7,52,m.appendLemmaAfterLoopBody.1.pre.8
5bfae818ff299fff7f36,7,53,m.appendLemmaAfterLoopBody.1.pre.0
7bfae818ff299fff7f36,7,54,m.appendLemmaAfterLoopBody.1.pre.1
7bfae818ff299fff7f37,7,55,p.sortedSegHelper.6.pred.78
7bfae818ff399fff7f37,7,56,m.list_insert.1.pre.42
7bfaea18ff399fff7f37,7,57,m.appendLemmaLoopBody.1.pre.21
7bfafa18ff399fff7f37,7,58,m.appendLemmaLoopBody.1.pre.18
7bfafa18ff799fff7f37,7,59,m.create_list.3.fold.40
7bfafa18ff7b9fff7f37,7,60,m.list_insert.4.unfold.45
7bfafa18ff7b9fff7f3f,7,61,p.sortedSegHelper.6.pred.75
7bfafa1aff7b9fff7f3f,7,62,m.appendLemmaLoopBody.2.post.29
7bfafa1aff7b9fff7fbf,7,63,p.sortedSeg.6.pred.71
7bfbfa1aff7b9fff7fbf,7,64,m.appendLemmaAfterLoopBody.3.fold.14
7bfbfa5aff7b9fff7fbf,7,65,m.appendLemmaLoopBody.1.pre.24
7bfbfa5aff7bbfff7fbf,7,66,m.list_insert.4.unfold.49
7bfbfa5bff7bbfff7fbf,7,67,m.appendLemmaLoopBody.2.post.30
7bfbfe5bff7bbfff7fbf,7,68,m.appendLemmaLoopBody.1.pre.20
7bfbfe5bff7bffff7fbf,7,69,m.list_insert.3.fold.48
7bfffe5bff7bffff7fbf,7,70,m.appendLemmaAfterLoopBody.2.post.12
7bfffe7bff7bffff7fbf,7,71,m.appendLemmaLoopBody.1.pre.25
7bfffefbff7bffff7fbf,7,72,m.appendLemmaLoopBody.1.pre.23
7bfffefbfffbffff7fbf,7,73,m.create_list.3.fold.39
7bfffefbffffffff7fbf,7,74,m.list_insert.4.unfold.44
7bfffefbffffffffffbf,7,75,m.list_insert.3.fold.63
7bfffefbffffffffffff,7,76,p.sortedSeg.6.pred.72
7bfffeffffffffffffff,7,77,m.appendLemmaLoopBody.2.post.28
7bffffffffffffffffff,7,78,m.appendLemmaLoopBody.1.pre.22
7fffffffffffffffffff,7,79,m.appendLemmaAfterLoopBody.1.pre.4
7fffffffffffffffffff,8,79,m.appendLemmaLoopBody.4.unfold.36
0,8,0,NA
4000000,8,1,m.list_insert.5.inv.52
20000004000000,8,2,m.appendLemmaLoopBody.1.pre.25
20000004000200,8,3,m.main.5.inv.69
20000020000004000200,8,4,m.appendLemmaAfterLoopBody.1.pre.1
20000020000004400200,8,5,m.list_insert.5.inv.56
20080020000004400200,8,6,m.appendLemmaAfterLoopBody.2.post.11
20080024000004400200,8,7,m.appendLemmaLoopBody.2.post.28
200a0024000004400200,8,8,m.appendLemmaAfterLoopBody.4.unfold.13
200a0024000004c00200,8,9,m.list_insert.5.inv.55
200a0124000004c00200,8,10,m.appendLemmaLoopBody.1.pre.22
200a0164000004c00200,8,11,m.appendLemmaLoopBody.1.pre.24
200a0164000004c00240,8,12,p.sortedSeg.6.pred.72
600a0164000004c00240,8,13,m.appendLemmaAfterLoopBody.1.pre.0
600a0164000004c80240,8,14,m.list_insert.4.unfold.59
600a0164000004e80240,8,15,m.list_insert.5.inv.57
600a0164000084e80240,8,16,m.list_insert.3.fold.47
600a0164800084e80240,8,17,m.appendLemmaLoopBody.2.post.31
600a0964800084e80240,8,18,m.appendLemmaLoopBody.1.pre.19
600a0964800084e81240,8,19,m.list_insert.3.fold.66
600a0964900084e81240,8,20,m.appendLemmaLoopBody.4.unfold.34
600a09e4900084e81240,8,21,m.appendLemmaLoopBody.1.pre.23
600a09f4900084e81240,8,22,m.appendLemmaLoopBody.1.pre.26
600a09f4901084e81240,8,23,m.list_insert.1.pre.42
600a09f4901084e81340,8,24,p.sorted.6.pred.70
600a09f4901484e81340,8,25,m.list_insert.4.unfold.44
600a09f4901484e81b40,8,26,m.list_insert.3.fold.67
600a09f4901485e81b40,8,27,m.list_insert.5.inv.54
604a09f4901485e81b40,8,28,m.appendLemmaAfterLoopBody.1.pre.8
604a09f4901485e81b50,8,29,p.sortedSegHelper.6.pred.74
604a09f4911485e81b50,8,30,m.create_list.2.post.38
604a49f4911485e81b50,8,31,m.appendLemmaAfterLoopBody.3.fold.16
604a49f4911485e81b51,8,32,p.sortedSegHelper.6.pred.78
605a49f4911485e81b51,8,33,m.appendLemmaAfterLoopBody.2.post.10
605a49f4911485e81b71,8,34,p.sortedSeg.6.pred.73
615a49f4911485e81b71,8,35,m.appendLemmaAfterLoopBody.1.pre.6
615a49f4911485e81bf1,8,36,p.sortedSeg.6.pred.71
615a49f4911485e81ff1,8,37,m.main.5.inv.68
715a49f4911485e81ff1,8,38,m.appendLemmaAfterLoopBody.1.pre.2
715a69f4911485e81ff1,8,39,m.appendLemmaLoopBody.1.pre.17
715a69f4d11485e81ff1,8,40,m.appendLemmaLoopBody.2.post.32
715a69f4d11485e81ff9,8,41,p.sortedSegHelper.6.pred.75
715a69f4d114a5e81ff9,8,42,m.list_insert.4.unfold.49
715a69f4d114a5e91ff9,8,43,m.list_insert.4.unfold.62
715a69f4d114ade91ff9,8,44,m.list_insert.5.inv.51
715a69f4d314ade91ff9,8,45,m.appendLemmaLoopBody.3.fold.37
715b69f4d314ade91ff9,8,46,m.appendLemmaAfterLoopBody.3.fold.14
717b69f4d314ade91ff9,8,47,m.appendLemmaAfterLoopBody.2.post.9
717b69f5d314ade91ff9,8,48,m.appendLemmaLoopBody.2.post.30
717b69f5d394ade91ff9,8,49,m.create_list.3.fold.39
717b69f7d394ade91ff9,8,50,m.appendLemmaLoopBody.2.post.29
717b69f7d39cade91ff9,8,51,m.list_insert.2.post.43
717b69f7d39cede91ff9,8,52,m.list_insert.3.fold.48
71fb69f7d39cede91ff9,8,53,m.appendLemmaAfterLoopBody.1.pre.7
71fb69f7d39cede91ffd,8,54,p.sortedSegHelper.6.pred.76
71fb69f7d39cedeb1ffd,8,55,m.list_insert.3.fold.61
71fb69f7d39cefeb1ffd,8,56,m.list_insert.5.inv.53
71fb69f7d3bcefeb1ffd,8,57,m.create_list.3.fold.41
71fb69f7d3fcefeb1ffd,8,58,m.create_list.3.fold.40
79fb69f7d3fcefeb1ffd,8,59,m.appendLemmaAfterLoopBody.1.pre.3
79fb79f7d3fcefeb1ffd,8,60,m.appendLemmaLoopBody.1.pre.18
79fb79f7dbfcefeb1ffd,8,61,m.appendLemmaLoopBody.3.fold.35
79fb79f7dbfeefeb1ffd,8,62,m.list_insert.4.unfold.45
79fb79f7dbfeefeb3ffd,8,63,m.list_insert.4.unfold.65
79ff79f7dbfeefeb3ffd,8,64,m.appendLemmaAfterLoopBody.2.post.12
7dff79f7dbfeefeb3ffd,8,65,m.appendLemmaAfterLoopBody.1.pre.4
7dff79f7dbfeefeb7ffd,8,66,m.list_insert.3.fold.64
7dff79f7dbfeeffb7ffd,8,67,m.list_insert.5.inv.58
7dff79f7fbfeeffb7ffd,8,68,m.appendLemmaLoopBody.2.post.33
7dff7df7fbfeeffb7ffd,8,69,m.appendLemmaLoopBody.1.pre.20
7dfffdf7fbfeeffb7ffd,8,70,m.appendLemmaAfterLoopBody.4.unfold.15
7ffffdf7fbfeeffb7ffd,8,71,m.appendLemmaAfterLoopBody.1.pre.5
7ffffdf7fbfeeffbfffd,8,72,m.list_insert.3.fold.63
7ffffdf7fbfeeffbffff,8,73,p.sortedSegHelper.6.pred.77
7ffffdf7fbffeffbffff,8,74,m.list_insert.3.fold.46
7ffffdf7fbfffffbffff,8,75,m.list_insert.3.fold.50
7ffffdf7fbffffffffff,8,76,m.list_insert.3.fold.60
7ffffff7fbffffffffff,8,77,m.appendLemmaLoopBody.1.pre.21
7ffffffffbffffffffff,8,78,m.appendLemmaLoopBody.1.pre.27
7fffffffffffffffffff,8,79,m.appendLemmaLoopBody.4.unfold.36
7fffffffffffffffffff,9,79,m.appendLemmaAfterLoopBody.1.pre.1
0,9,0,NA
400000000000000,9,1,m.appendLemmaLoopBody.1.pre.20
400000004000000,9,2,m.list_insert.5.inv.52
400002004000000,9,3,m.create_list.3.fold.41
400002004000100,9,4,p.sorted.6.pred.70
400002004000180,9,5,p.sortedSeg.6.pred.71
400002004000190,9,6,p.sortedSegHelper.6.pred.74
400002804000190,9,7,m.list_insert.2.post.43
400002804000194,9,8,p.sortedSegHelper.6.pred.76
400402804000194,9,9,m.appendLemmaLoopBody.2.post.32
2400402804000194,9,10,m.appendLemmaLoopBody.1.pre.17
2400402804040194,9,11,m.list_insert.3.fold.60
2400402804041194,9,12,m.list_insert.3.fold.66
10002400402804041194,9,13,m.appendLemmaAfterLoopBody.1.pre.2
10082400402804041194,9,14,m.appendLemmaAfterLoopBody.2.post.11
10082402402804041194,9,15,m.appendLemmaLoopBody.2.post.29
1008a402402804041194,9,16,m.appendLemmaAfterLoopBody.4.unfold.15
100ca402402804041194,9,17,m.appendLemmaAfterLoopBody.2.post.12
100ca4024028040411b4,9,18,p.sortedSeg.6.pred.73
100cb4024028040411b4,9,19,m.appendLemmaLoopBody.1.pre.18
100cb4024028440411b4,9,20,m.list_insert.3.fold.48
100cb4024028440411bc,9,21,p.sortedSegHelper.6.pred.75
100cb40240a8440411bc,9,22,m.create_list.3.fold.39
100cb40240a8440451bc,9,23,m.list_insert.3.fold.64
100cb40640a8440451bc,9,24,m.appendLemmaLoopBody.2.post.28
100eb40640a8440451bc,9,25,m.appendLemmaAfterLoopBody.4.unfold.13
100eb40640a84404d1bc,9,26,m.list_insert.3.fold.63
100eb40640a84414d1bc,9,27,m.list_insert.5.inv.58
140eb40640a84414d1bc,9,28,m.appendLemmaAfterLoopBody.1.pre.4
140eb40640a84414d1fc,9,29,p.sortedSeg.6.pred.72
140eb40640a84494d1fc,9,30,m.list_insert.5.inv.55
144eb40640a84494d1fc,9,31,m.appendLemmaAfterLoopBody.1.pre.8
144eb40640a94494d1fc,9,32,m.list_insert.3.fold.46
144eb40640a94495d1fc,9,33,m.list_insert.4.unfold.62
146eb40640a94495d1fc,9,34,m.appendLemmaAfterLoopBody.2.post.9
146ef40640a94495d1fc,9,35,m.appendLemmaAfterLoopBody.3.fold.16
146ef40640a94495d1fd,9,36,p.sortedSegHelper.6.pred.78
166ef40640a94495d1fd,9,37,m.appendLemmaAfterLoopBody.1.pre.5
166ef40650a94495d1fd,9,38,m.appendLemmaLoopBody.4.unfold.34
166ef40750a94495d1fd,9,39,m.appendLemmaLoopBody.2.post.30
166ef40750a95495d1fd,9,40,m.list_insert.3.fold.50
166ef40750ad5495d1fd,9,41,m.list_insert.4.unfold.44
166ef40750bd5495d1fd,9,42,m.list_insert.1.pre.42
166ef40750bd7495d1fd,9,43,m.list_insert.4.unfold.49
166ef40750bd7495d5fd,9,44,m.main.5.inv.68
166ef40750bd7495ddfd,9,45,m.list_insert.3.fold.67
166ef40750bd74d5ddfd,9,46,m.list_insert.5.inv.56
166ef40752bd74d5ddfd,9,47,m.appendLemmaLoopBody.3.fold.37
166ef40752fd74d5ddfd,9,48,m.create_list.3.fold.40
166ef60752fd74d5ddfd,9,49,m.appendLemmaLoopBody.1.pre.21
166ff60752fd74d5ddfd,9,50,m.appendLemmaAfterLoopBody.3.fold.14
166ff60752fdf4d5ddfd,9,51,m.list_insert.3.fold.47
166ff60753fdf4d5ddfd,9,52,m.create_list.2.post.38
166ff60753fff4d5ddfd,9,53,m.list_insert.4.unfold.45
566ff60753fff4d5ddfd,9,54,m.appendLemmaAfterLoopBody.1.pre.0
576ff60753fff4d5ddfd,9,55,m.appendLemmaAfterLoopBody.1.pre.6
576ff60753fffcd5ddfd,9,56,m.list_insert.5.inv.51
576ff60773fffcd5ddfd,9,57,m.appendLemmaLoopBody.2.post.33
576ff60773fffcd5ddff,9,58,p.sortedSegHelper.6.pred.77
576ff6077bfffcd5ddff,9,59,m.appendLemmaLoopBody.3.fold.35
577ff6077bfffcd5ddff,9,60,m.appendLemmaAfterLoopBody.2.post.10
577ff6077ffffcd5ddff,9,61,m.appendLemmaLoopBody.4.unfold.36
577ff6077ffffdd5ddff,9,62,m.list_insert.5.inv.54
577ff6077ffffdddddff,9,63,m.list_insert.4.unfold.59
577ff60f7ffffdddddff,9,64,m.appendLemmaLoopBody.1.pre.27
577ff64f7ffffdddddff,9,65,m.appendLemmaLoopBody.1.pre.24
577ff6cf7ffffdddddff,9,66,m.appendLemmaLoopBody.1.pre.23
577ff6ef7ffffdddddff,9,67,m.appendLemmaLoopBody.1.pre.25
577ff6ef7ffffddfddff,9,68,m.list_insert.3.fold.61
577ff6ff7ffffddfddff,9,69,m.appendLemmaLoopBody.1.pre.26
577ff6ff7ffffddfdfff,9,70,m.main.5.inv.69
577ff6ff7ffffddfffff,9,71,m.list_insert.4.unfold.65
577ff6fffffffddfffff,9,72,m.appendLemmaLoopBody.2.post.31
577ff6ffffffffdfffff,9,73,m.list_insert.5.inv.53
577ffeffffffffdfffff,9,74,m.appendLemmaLoopBody.1.pre.19
577fffffffffffdfffff,9,75,m.appendLemmaLoopBody.1.pre.22
57ffffffffffffdfffff,9,76,m.appendLemmaAfterLoopBody.1.pre.7
57ffffffffffffffffff,9,77,m.list_insert.5.inv.57
5fffffffffffffffffff,9,78,m.appendLemmaAfterLoopBody.1.pre.3
7fffffffffffffffffff,9,79,m.appendLemmaAfterLoopBody.1.pre.1
7fffffffffffffffffff,10,79,m.appendLemmaLoopBody.1.pre.27
0,10,0,NA
400000000000,10,1,m.appendLemmaLoopBody.2.post.32
400020000000,10,2,m.list_insert.4.unfold.49
400022000000,10,3,m.list_insert.5.inv.53
400022080000,10,4,m.list_insert.4.unfold.59
40400022080000,10,5,m.appendLemmaLoopBody.1.pre.24
40404022080000,10,6,m.create_list.3.fold.40
40404022280000,10,7,m.list_insert.5.inv.57
404040a2280000,10,8,m.list_insert.3.fold.47
424040a2280000,10,9,m.appendLemmaLoopBody.2.post.29
40424040a2280000,10,10,m.appendLemmaAfterLoopBody.3.fold.16
140424040a2280000,10,11,m.appendLemmaAfterLoopBody.3.fold.14
140424040a2280200,10,12,m.main.5.inv.69
140424040a2284200,10,13,m.list_insert.3.fold.64
10140424040a2284200,10,14,m.appendLemmaAfterLoopBody.1.pre.6
10140424040a2384200,10,15,m.list_insert.5.inv.58
10150424040a2384200,10,16,m.appendLemmaLoopBody.1.pre.18
10150424040a2384240,10,17,p.sortedSeg.6.pred.72
10150c24040a2384240,10,18,m.appendLemmaLoopBody.1.pre.23
101d0c24040a2384240,10,19,m.appendLemmaAfterLoopBody.4.unfold.15
101d4c24040a2384240,10,20,m.appendLemmaLoopBody.1.pre.20
101d4c24040a2384640,10,21,m.main.5.inv.68
501d4c24040a2384640,10,22,m.appendLemmaAfterLoopBody.1.pre.4
501d4c24440a2384640,10,23,m.appendLemmaLoopBody.4.unfold.36
501d4c24440a23846c0,10,24,p.sortedSeg.6.pred.71
509d4c24440a23846c0,10,25,m.appendLemmaAfterLoopBody.2.post.11
509d4c24440a23846c1,10,26,p.sortedSegHelper.6.pred.78
509d4c24440b23846c1,10,27,m.list_insert.3.fold.50
509d4c24444b23846c1,10,28,m.list_insert.4.unfold.44
509d4c24444b238c6c1,10,29,m.list_insert.3.fold.63
d09d4c24444b238c6c1,10,30,m.appendLemmaAfterLoopBody.1.pre.3
d09d4c34444b238c6c1,10,31,m.appendLemmaLoopBody.2.post.30
d09d4c34444f238c6c1,10,32,m.list_insert.3.fold.48
d29d4c34444f238c6c1,10,33,m.appendLemmaAfterLoopBody.2.post.9
d29d4c34444f238c6d1,10,34,p.sortedSegHelper.6.pred.74
d29d4c3c444f238c6d1,10,35,m.appendLemmaLoopBody.2.post.31
d29d4c3c544f238c6d1,10,36,m.create_list.2.post.38
d29d4c3c544fa38c6d1,10,37,m.list_insert.5.inv.51
d29d5c3c544fa38c6d1,10,38,m.appendLemmaLoopBody.1.pre.22
d29d5c7c544fa38c6d1,10,39,m.appendLemmaLoopBody.2.post.28
4d29d5c7c544fa38c6d1,10,40,m.appendLemmaAfterLoopBody.1.pre.0
4d69d5c7c544fa38c6d1,10,41,m.appendLemmaAfterLoopBody.1.pre.8
4d69d5c7c546fa38c6d1,10,42,m.list_insert.4.unfold.45
4d69d5c7c54efa38c6d1,10,43,m.list_insert.2.post.43
4d6dd5c7c54efa38c6d1,10,44,m.appendLemmaAfterLoopBody.2.post.12
5d6dd5c7c54efa38c6d1,10,45,m.appendLemmaAfterLoopBody.1.pre.2
5d6dd5c7c54efa38d6d1,10,46,m.list_insert.3.fold.66
5d6dd5c7c54efa39d6d1,10,47,m.list_insert.4.unfold.62
5d6dd5c7c54efa39d7d1,10,48,p.sorted.6.pred.70
5d6dd5c7c54ffa39d7d1,10,49,m.list_insert.3.fold.46
5d6dd5c7c54ffa39d7d5,10,50,p.sortedSegHelper.6.pred.76
5d6dd7c7c54ffa39d7d5,10,51,m.appendLemmaLoopBody.1.pre.21
5d6dd7d7c54ffa39d7d5,10,52,m.appendLemmaLoopBody.1.pre.26
5d6dd7d7d54ffa39d7d5,10,53,m.appendLemmaLoopBody.4.unfold.34
5d6dd7d7d54ffa3bd7d5,10,54,m.list_insert.3.fold.61
5d6dd7d7d54ffabbd7d5,10,55,m.list_insert.5.inv.55
5d6dd7d7d54ffafbd7d5,10,56,m.list_insert.5.inv.56
5d6dd7f7d54ffafbd7d5,10,57,m.appendLemmaLoopBody.1.pre.25
5d6dd7f7f54ffafbd7d5,10,58,m.appendLemmaLoopBody.2.post.33
5d6dd7f7f54ffbfbd7d5,10,59,m.list_insert.5.inv.54
5d6dd7f7f54ffbfbf7d5,10,60,m.list_insert.4.unfold.65
5d6dd7f7f55ffbfbf7d5,10,61,m.list_insert.1.pre.42
5d6dd7f7f5dffbfbf7d5,10,62,m.create_list.3.fold.39
5d6dd7f7f5dffbfbf7f5,10,63,p.sortedSeg.6.pred.73
5d6df7f7f5dffbfbf7f5,10,64,m.appendLemmaLoopBody.1.pre.17
5d6df7f7fddffbfbf7f5,10,65,m.appendLemmaLoopBody.3.fold.35
5d6dfff7fddffbfbf7f5,10,66,m.appendLemmaLoopBody.1.pre.19
5d6dfff7fddffbfbfff5,10,67,m.list_insert.3.fold.67
5d7dfff7fddffbfbfff5,10,68,m.appendLemmaAfterLoopBody.2.post.10
5d7dfff7fddffbfffff5,10,69,m.list_insert.3.fold.60
7d7dfff7fddffbfffff5,10,70,m.appendLemmaAfterLoopBody.1.pre.1
7f7dfff7fddffbfffff5,10,71,m.appendLemmaAfterLoopBody.1.pre.5
7ffdfff7fddffbfffff5,10,72,m.appendLemmaAfterLoopBody.1.pre.7
7ffffff7fddffbfffff5,10,73,m.appendLemmaAfterLoopBody.4.unfold.13
7ffffff7ffdffbfffff5,10,74,m.appendLemmaLoopBody.3.fold.37
7ffffff7ffdffffffff5,10,75,m.list_insert.5.inv.52
7ffffff7fffffffffff5,10,76,m.create_list.3.fold.41
7ffffff7fffffffffff7,10,77,p.sortedSegHelper.6.pred.77
7ffffff7ffffffffffff,10,78,p.sortedSegHelper.6.pred.75
7fffffffffffffffffff,10,79,m.appendLemmaLoopBody.1.pre.27
7fffffffffffffffffff,11,79,m.appendLemmaAfterLoopBody.1.pre.3
0,11,0,NA
4,11,1,p.sortedSegHelper.6.pred.76
100000000004,11,2,m.appendLemmaLoopBody.4.unfold.34
900000000004,11,3,m.appendLemmaLoopBody.2.post.31
900080000004,11,4,m.list_insert.3.fold.47
900080000044,11,5,p.sortedSeg.6.pred.72
900082000044,11,6,m.list_insert.5.inv.53
908082000044,11,7,m.create_list.3.fold.39
400000908082000044,11,8,m.appendLemmaAfterLoopBody.1.pre.8
40000090808200004c,11,9,p.sortedSegHelper.6.pred.75
40000090828200004c,11,10,m.list_insert.4.unfold.45
240000090828200004c,11,11,m.appendLemmaAfterLoopBody.1.pre.5
242000090828200004c,11,12,m.appendLemmaAfterLoopBody.4.unfold.13
1242000090828200004c,11,13,m.appendLemmaAfterLoopBody.1.pre.2
1242000090828208004c,11,14,m.list_insert.4.unfold.59
1242000090828208024c,11,15,m.main.5.inv.69
12c2000090828208024c,11,16,m.appendLemmaAfterLoopBody.1.pre.7
13c2000090828208024c,11,17,m.appendLemmaAfterLoopBody.1.pre.6
13c20000908282080a4c,11,18,m.list_insert.3.fold.67
13c20000908282088a4c,11,19,m.list_insert.3.fold.63
13c20000b08282088a4c,11,20,m.appendLemmaLoopBody.2.post.33
13e20000b08282088a4c,11,21,m.appendLemmaAfterLoopBody.2.post.9
13e20100b08282088a4c,11,22,m.appendLemmaLoopBody.1.pre.22
13e20100b08282188a4c,11,23,m.list_insert.5.inv.58
13e20300b08282188a4c,11,24,m.appendLemmaLoopBody.1.pre.21
13e20300b082821c8a4c,11,25,m.list_insert.3.fold.60
13e20700b082821c8a4c,11,26,m.appendLemmaLoopBody.1.pre.20
13e20704b082821c8a4c,11,27,m.appendLemmaLoopBody.2.post.28
53e20704b082821c8a4c,11,28,m.appendLemmaAfterLoopBody.1.pre.0
53e28704b082821c8a4c,11,29,m.appendLemmaAfterLoopBody.4.unfold.15
53e28704b082823c8a4c,11,30,m.list_insert.5.inv.57
53e28704b082923c8a4c,11,31,m.list_insert.3.fold.50
53e28705b082923c8a4c,11,32,m.appendLemmaLoopBody.2.post.30
53e28705b082923c8e4c,11,33,m.main.5.inv.68
53e28705b083923c8e4c,11,34,m.list_insert.3.fold.46
53e28705b083923cae4c,11,35,m.list_insert.4.unfold.65
53e28705b083b23cae4c,11,36,m.list_insert.4.unfold.49
53e28785b083b23cae4c,11,37,m.appendLemmaLoopBody.1.pre.23
53e28785b083b33cae4c,11,38,m.list_insert.5.inv.54
53e28785b083b37cae4c,11,39,m.list_insert.5.inv.56
53e28785b083b37eae4c,11,40,m.list_insert.3.fold.61
73e28785b083b37eae4c,11,41,m.appendLemmaAfterLoopBody.1.pre.1
73e28785b083b37eae5c,11,42,p.sortedSegHelper.6.pred.74
73e28785b0c3b37eae5c,11,43,m.create_list.3.fold.40
73f28785b0c3b37eae5c,11,44,m.appendLemmaAfterLoopBody.2.post.10
73f28785b0c3b37ebe5c,11,45,m.list_insert.3.fold.66
73f287c5b0c3b37ebe5c,11,46,m.appendLemmaLoopBody.1.pre.24
73f287c5b0d3b37ebe5c,11,47,m.list_insert.1.pre.42
73f287c5b0dbb37ebe5c,11,48,m.list_insert.2.post.43
73f287c5b2dbb37ebe5c,11,49,m.appendLemmaLoopBody.3.fold.37
73f287c5badbb37ebe5c,11,50,m.appendLemmaLoopBody.3.fold.35
73f287e5badbb37ebe5c,11,51,m.appendLemmaLoopBody.1.pre.25
73f287e5badbb37ebedc,11,52,p.sortedSeg.6.pred.71
73f287e5badbb37ebfdc,11,53,p.sorted.6.pred.70
73f687e5badbb37ebfdc,11,54,m.appendLemmaAfterLoopBody.2.post.12
73f687e5badbb77ebfdc,11,55,m.list_insert.5.inv.52
73f687e5badbb77effdc,11,56,m.list_insert.3.fold.64
73f6c7e5badbb77effdc,11,57,m.appendLemmaAfterLoopBody.3.fold.16
73f6c7e5badbf77effdc,11,58,m.list_insert.3.fold.48
73f6e7e5badbf77effdc,11,59,m.appendLemmaLoopBody.1.pre.17
73f6e7e5badbff7effdc,11,60,m.list_insert.5.inv.51
73f7e7e5badbff7effdc,11,61,m.appendLemmaAfterLoopBody.3.fold.14
73f7e7e5badfff7effdc,11,62,m.list_insert.4.unfold.44
73f7efe5badfff7effdc,11,63,m.appendLemmaLoopBody.1.pre.19
73f7ffe5badfff7effdc,11,64,m.appendLemmaLoopBody.1.pre.18
73f7ffe5bedfff7effdc,11,65,m.appendLemmaLoopBody.4.unfold.36
73f7ffe5beffff7effdc,11,66,m.create_list.3.fold.41
73ffffe5beffff7effdc,11,67,m.appendLemmaAfterLoopBody.2.post.11
73ffffe5beffff7effde,11,68,p.sortedSegHelper.6.pred.77
73ffffe5feffff7effde,11,69,m.appendLemmaLoopBody.2.post.32
73ffffe7feffff7effde,11,70,m.appendLemmaLoopBody.2.post.29
73ffffe7feffff7efffe,11,71,p.sortedSeg.6.pred.73
73ffffe7ffffff7efffe,11,72,m.create_list.2.post.38
73fffff7ffffff7efffe,11,73,m.appendLemmaLoopBody.1.pre.26
73fffff7fffffffefffe,11,74,m.list_insert.5.inv.55
73fffffffffffffefffe,11,75,m.appendLemmaLoopBody.1.pre.27
73fffffffffffffeffff,11,76,p.sortedSegHelper.6.pred.78
73ffffffffffffffffff,11,77,m.list_insert.4.unfold.62
77ffffffffffffffffff,11,78,m.appendLemmaAfterLoopBody.1.pre.4
7fffffffffffffffffff,11,79,m.appendLemmaAfterLoopBody.1.pre.3
7fffffffffffffffffff,12,79,m.list_insert.5.inv.55
0,12,0,NA
400,12,1,m.main.5.inv.68
420,12,2,p.sortedSeg.6.pred.73
421,12,3,p.sortedSegHelper.6.pred.78
20000000000421,12,4,m.appendLemmaLoopBody.1.pre.25
20000000020421,12,5,m.list_insert.3.fold.61
820000000020421,12,6,m.appendLemmaLoopBody.1.pre.19
80820000000020421,12,7,m.appendLemmaAfterLoopBody.2.post.11
80820100000020421,12,8,m.appendLemmaLoopBody.4.unfold.34
80820100000020521,12,9,p.sorted.6.pred.70
80820100000020531,12,10,p.sortedSegHelper.6.pred.74
10080820100000020531,12,11,m.appendLemmaAfterLoopBody.1.pre.2
18080820100000020531,12,12,m.appendLemmaAfterLoopBody.1.pre.3
18080820100000420531,12,13,m.list_insert.5.inv.56
18080820300000420531,12,14,m.appendLemmaLoopBody.2.post.33
18080c20300000420531,12,15,m.appendLemmaLoopBody.1.pre.20
1a080c20300000420531,12,16,m.appendLemmaAfterLoopBody.1.pre.5
1a080e20300000420531,12,17,m.appendLemmaLoopBody.1.pre.21
1a080e20380000420531,12,18,m.appendLemmaLoopBody.3.fold.35
1a080e20384000420531,12,19,m.create_list.3.fold.40
1a880e20384000420531,12,20,m.appendLemmaAfterLoopBody.1.pre.7
1b880e20384000420531,12,21,m.appendLemmaAfterLoopBody.1.pre.6
1b880e20384000620531,12,22,m.list_insert.5.inv.57
1b880e20384000621531,12,23,m.list_insert.3.fold.66
1b880f20384000621531,12,24,m.appendLemmaLoopBody.1.pre.22
1b880fa0384000621531,12,25,m.appendLemmaLoopBody.1.pre.23
1b880fa0386000621531,12,26,m.create_list.3.fold.41
1b880fa0386100621531,12,27,m.list_insert.3.fold.46
1b880fa0b86100621531,12,28,m.appendLemmaLoopBody.2.post.31
1b8a0fa0b86100621531,12,29,m.appendLemmaAfterLoopBody.4.unfold.13
1b8a0fb0b86100621531,12,30,m.appendLemmaLoopBody.1.pre.26
1b8a1fb0b86100621531,12,31,m.appendLemmaLoopBody.1.pre.18
1b8a1fb0b86900621531,12,32,m.list_insert.2.post.43
1b8a9fb0b86900621531,12,33,m.appendLemmaAfterLoopBody.4.unfold.15
1bca9fb0b86900621531,12,34,m.appendLemmaAfterLoopBody.1.pre.8
1bca9fb0b87900621531,12,35,m.list_insert.1.pre.42
1bca9ff0b87900621531,12,36,m.appendLemmaLoopBody.1.pre.24
1bda9ff0b87900621531,12,37,m.appendLemmaAfterLoopBody.2.post.10
1bda9ff0b87900621731,12,38,m.main.5.inv.69
1bda9ff0b87900625731,12,39,m.list_insert.3.fold.64
1bfa9ff0b87900625731,12,40,m.appendLemmaAfterLoopBody.2.post.9
1bfa9ff0b879006a5731,12,41,m.list_insert.4.unfold.59
1bfa9ff0b879006a5733,12,42,p.sortedSegHelper.6.pred.77
1bfa9ff0b879006a5f33,12,43,m.list_insert.3.fold.67
1bfa9ff0b8f9006a5f33,12,44,m.create_list.3.fold.39
1bfa9ff0b8f9006a7f33,12,45,m.list_insert.4.unfold.65
1bfa9ff0b8f9006a7fb3,12,46,p.sortedSeg.6.pred.71
1ffa9ff0b8f9006a7fb3,12,47,m.appendLemmaAfterLoopBody.1.pre.4
1ffa9ff0b8f9016a7fb3,12,48,m.list_insert.5.inv.54
1ffabff0b8f9016a7fb3,12,49,m.appendLemmaLoopBody.1.pre.17
3ffabff0b8f9016a7fb3,12,50,m.appendLemmaAfterLoopBody.1.pre.1
3ffabff0b8f9016e7fb3,12,51,m.list_insert.3.fold.60
3ffabff0b8f9016effb3,12,52,m.list_insert.3.fold.63
3ffabff0b8f9017effb3,12,53,m.list_insert.5.inv.58
3ffabff0b8f9217effb3,12,54,m.list_insert.4.unfold.49
3ffabff0b8f9217effbb,12,55,p.sortedSegHelper.6.pred.75
3ffabff1b8f9217effbb,12,56,m.appendLemmaLoopBody.2.post.30
3ffabff1bcf9217effbb,12,57,m.appendLemmaLoopBody.4.unfold.36
3ffabff1bef9217effbb,12,58,m.appendLemmaLoopBody.3.fold.37
3ffafff1bef9217effbb,12,59,m.appendLemmaAfterLoopBody.3.fold.16
3ffafff1bef9217efffb,12,60,p.sortedSeg.6.pred.72
3ffafff9bef9217efffb,12,61,m.appendLemmaLoopBody.1.pre.27
7ffafff9bef9217efffb,12,62,m.appendLemmaAfterLoopBody.1.pre.0
7ffafff9fef9217efffb,12,63,m.appendLemmaLoopBody.2.post.32
7ffafff9fef9237efffb,12,64,m.list_insert.5.inv.53
7ffafff9fff9237efffb,12,65,m.create_list.2.post.38
7ffafff9fffb237efffb,12,66,m.list_insert.4.unfold.45
7ffafff9fffb277efffb,12,67,m.list_insert.5.inv.52
7ffefff9fffb277efffb,12,68,m.appendLemmaAfterLoopBody.2.post.12
7ffefff9fffb277ffffb,12,69,m.list_insert.4.unfold.62
7ffefff9ffff277ffffb,12,70,m.list_insert.4.unfold.44
7ffffff9ffff277ffffb,12,71,m.appendLemmaAfterLoopBody.3.fold.14
7ffffff9ffffa77ffffb,12,72,m.list_insert.3.fold.47
7ffffff9ffffe77ffffb,12,73,m.list_insert.3.fold.48
7ffffff9ffffef7ffffb,12,74,m.list_insert.5.inv.51
7ffffff9ffffff7ffffb,12,75,m.list_insert.3.fold.50
7ffffffdffffff7ffffb,12,76,m.appendLemmaLoopBody.2.post.28
7ffffffdffffff7fffff,12,77,p.sortedSegHelper.6.pred.76
7fffffffffffff7fffff,12,78,m.appendLemmaLoopBody.2.post.29
7fffffffffffffffffff,12,79,m.list_insert.5.inv.55
7fffffffffffffffffff,13,79,m.list_insert.4.unfold.44
0,13,0,NA
1,13,1,p.sortedSegHelper.6.pred.78
101,13,2,p.sorted.6.pred.70
40000000000000101,13,3,m.appendLemmaAfterLoopBody.2.post.12
40000000000000121,13,4,p.sortedSeg.6.pred.73
44000000000000121,13,5,m.appendLemmaAfterLoopBody.3.fold.16
44004000000000121,13,6,m.appendLemmaLoopBody.2.post.28
44004000000400121,13,7,m.list_insert.5.inv.56
44084000000400121,13,8,m.appendLemmaLoopBody.1.pre.23
1044084000000400121,13,9,m.appendLemmaAfterLoopBody.1.pre.6
1044084400000400121,13,10,m.appendLemmaLoopBody.2.post.32
1044084400001400121,13,11,m.list_insert.5.inv.54
1044084400001410121,13,12,m.list_insert.4.unfold.62
1044084401001410121,13,13,m.list_insert.1.pre.42
104408c401001410121,13,14,m.appendLemmaLoopBody.1.pre.27
104408c411001410121,13,15,m.create_list.2.post.38
104408e411001410121,13,16,m.appendLemmaLoopBody.2.post.29
504408e411001410121,13,17,m.appendLemmaAfterLoopBody.1.pre.4
504408e451001410121,13,18,m.appendLemmaLoopBody.4.unfold.36
504408e451201410121,13,19,m.list_insert.4.unfold.45
504408e451201410123,13,20,p.sortedSegHelper.6.pred.77
504408e451201410133,13,21,p.sortedSegHelper.6.pred.74
504508e451201410133,13,22,m.appendLemmaLoopBody.1.pre.18
504508e451201430133,13,23,m.list_insert.3.fold.61
504508e451301430133,13,24,m.list_insert.3.fold.46
504508e451321430133,13,25,m.list_insert.4.unfold.49
2504508e451321430133,13,26,m.appendLemmaAfterLoopBody.1.pre.1
3504508e451321430133,13,27,m.appendLemmaAfterLoopBody.1.pre.2
3504708e451321430133,13,28,m.appendLemmaLoopBody.1.pre.17
3504708e4d1321430133,13,29,m.appendLemmaLoopBody.3.fold.35
3504708e6d1321430133,13,30,m.appendLemmaLoopBody.2.post.33
3584708e6d1321430133,13,31,m.appendLemmaAfterLoopBody.1.pre.7
3584708e6d1321530133,13,32,m.list_insert.5.inv.58
3584708e6d1321530173,13,33,p.sortedSeg.6.pred.72
3584708e6d1321530973,13,34,m.list_insert.3.fold.67
3584708e6d1325530973,13,35,m.list_insert.5.inv.52
3584708e6d13255309f3,13,36,p.sortedSeg.6.pred.71
3784708e6d13255309f3,13,37,m.appendLemmaAfterLoopBody.1.pre.5
3784709e6d13255309f3,13,38,m.appendLemmaLoopBody.1.pre.26
7784709e6d13255309f3,13,39,m.appendLemmaAfterLoopBody.1.pre.0
7784709e6d1b255309f3,13,40,m.list_insert.2.post.43
7784749e6d1b255309f3,13,41,m.appendLemmaLoopBody.1.pre.20
7f84749e6d1b255309f3,13,42,m.appendLemmaAfterLoopBody.1.pre.3
7f84749e7d1b255309f3,13,43,m.appendLemmaLoopBody.4.unfold.34
7f84749e7d1b355309f3,13,44,m.list_insert.3.fold.50
7f84749f7d1b355309f3,13,45,m.appendLemmaLoopBody.2.post.30
7f84749f7d1b375309f3,13,46,m.list_insert.5.inv.53
7f8474df7d1b375309f3,13,47,m.appendLemmaLoopBody.1.pre.24
7f8474df7d1b37530bf3,13,48,m.main.5.inv.69
7f8474ff7d1b37530bf3,13,49,m.appendLemmaLoopBody.1.pre.25
7f8474ff7d1b77530bf3,13,50,m.list_insert.3.fold.48
7fc474ff7d1b77530bf3,13,51,m.appendLemmaAfterLoopBody.1.pre.8
7fe474ff7d1b77530bf3,13,52,m.appendLemmaAfterLoopBody.2.post.9
7fe474ff7d1b77531bf3,13,53,m.list_insert.3.fold.66
7fe474ff7d1b77531ff3,13,54,m.main.5.inv.68
7fe475ff7d1b77531ff3,13,55,m.appendLemmaLoopBody.1.pre.22
7fe475ff7d1b77d31ff3,13,56,m.list_insert.5.inv.55
7fe475ff7f1b77d31ff3,13,57,m.appendLemmaLoopBody.3.fold.37
7fe475ff7f3b77d31ff3,13,58,m.create_list.3.fold.41
7fe475ff7f3b77d35ff3,13,59,m.list_insert.3.fold.64
7fe475ff7f3b77d3dff3,13,60,m.list_insert.3.fold.63
7fe475ffff3b77d3dff3,13,61,m.appendLemmaLoopBody.2.post.31
7fe475ffff3b77d3fff3,13,62,m.list_insert.4.unfold.65
7ff475ffff3b77d3fff3,13,63,m.appendLemmaAfterLoopBody.2.post.10
7ff475ffff3b7fd3fff3,13,64,m.list_insert.5.inv.51
7ff475ffff3b7ff3fff3,13,65,m.list_insert.5.inv.57
7ff475ffff3b7ffbfff3,13,66,m.list_insert.4.unfold.59
7ff675ffff3b7ffbfff3,13,67,m.appendLemmaAfterLoopBody.4.unfold.13
7ff675ffff3bfffbfff3,13,68,m.list_insert.3.fold.47
7ff675ffff3bfffbfff7,13,69,p.sortedSegHelper.6.pred.76
7ff677ffff3bfffbfff7,13,70,m.appendLemmaLoopBody.1.pre.21
7ffe77ffff3bfffbfff7,13,71,m.appendLemmaAfterLoopBody.2.post.11
7fff77ffff3bfffbfff7,13,72,m.appendLemmaAfterLoopBody.3.fold.14
7fff77ffff3bfffbffff,13,73,p.sortedSegHelper.6.pred.75
7fff77ffffbbfffbffff,13,74,m.create_list.3.fold.39
7ffff7ffffbbfffbffff,13,75,m.appendLemmaAfterLoopBody.4.unfold.15
7ffff7ffffbbffffffff,13,76,m.list_insert.3.fold.60
7fffffffffbbffffffff,13,77,m.appendLemmaLoopBody.1.pre.19
7ffffffffffbffffffff,13,78,m.create_list.3.fold.40
7fffffffffffffffffff,13,79,m.list_insert.4.unfold.44
7fffffffffffffffffff,14,79,m.main.5.inv.69
0,14,0,NA
20000000,14,1,m.list_insert.4.unfold.49
24000000,14,2,m.list_insert.5.inv.52
26000000,14,3,m.list_insert.5.inv.53
a6000000,14,4,m.list_insert.3.fold.47
8a6000000,14,5,m.list_insert.2.post.43
88a6000000,14,6,m.create_list.3.fold.39
80000088a6000000,14,7,m.appendLemmaAfterLoopBody.4.unfold.15
4080000088a6000000,14,8,m.appendLemmaAfterLoopBody.1.pre.8
4080000088a6800000,14,9,m.list_insert.5.inv.55
4080000088b6800000,14,10,m.list_insert.3.fold.50
24080000088b6800000,14,11,m.appendLemmaAfterLoopBody.1.pre.5
24080000088b6900000,14,12,m.list_insert.5.inv.58
24081000088b6900000,14,13,m.appendLemmaLoopBody.1.pre.22
24081000088b6900004,14,14,p.sortedSegHelper.6.pred.76
24081000088b6900005,14,15,p.sortedSegHelper.6.pred.78
25081000088b6900005,14,16,m.appendLemmaAfterLoopBody.2.post.10
25081000088b6d00005,14,17,m.list_insert.5.inv.56
25081000089b6d00005,14,18,m.list_insert.3.fold.46
25081000089b6d0000d,14,19,p.sortedSegHelper.6.pred.75
25081000089b6d4000d,14,20,m.list_insert.3.fold.60
a5081000089b6d4000d,14,21,m.appendLemmaAfterLoopBody.1.pre.3
a5081000099b6d4000d,14,22,m.list_insert.1.pre.42
a50c1000099b6d4000d,14,23,m.appendLemmaAfterLoopBody.3.fold.16
a50c1000099b6d4080d,14,24,m.list_insert.3.fold.67
a50c1080099b6d4080d,14,25,m.appendLemmaLoopBody.1.pre.27
a50c5080099b6d4080d,14,26,m.appendLemmaLoopBody.1.pre.20
a50c5080099f6d4080d,14,27,m.list_insert.3.fold.48
a70c5080099f6d4080d,14,28,m.appendLemmaAfterLoopBody.2.post.9
a70c5080199f6d4080d,14,29,m.create_list.2.post.38
a70c50c0199f6d4080d,14,30,m.appendLemmaLoopBody.2.post.28
a70c50c0199f6d6080d,14,31,m.list_insert.3.fold.61
a70c50c0199f6d6081d,14,32,p.sortedSegHelper.6.pred.74
a70c50c01d9f6d6081d,14,33,m.create_list.3.fold.40
a70c50c01d9f6de081d,14,34,m.list_insert.4.unfold.59
a70c50c21d9f6de081d,14,35,m.appendLemmaLoopBody.2.post.33
a70c50c21d9f6df081d,14,36,m.list_insert.4.unfold.62
a70c50c61d9f6df081d,14,37,m.appendLemmaLoopBody.2.post.32
a70c50c69d9f6df081d,14,38,m.appendLemmaLoopBody.3.fold.35
2a70c50c69d9f6df081d,14,39,m.appendLemmaAfterLoopBody.1.pre.1
2a70c50c69d9f6ff081d,14,40,m.list_insert.5.inv.57
2a70c50c69d9f6ff081f,14,41,p.sortedSegHelper.6.pred.77
2a70c50ce9d9f6ff081f,14,42,m.appendLemmaLoopBody.2.post.31
2a78c50ce9d9f6ff081f,14,43,m.appendLemmaAfterLoopBody.2.post.11
2a78c50ce9dbf6ff081f,14,44,m.list_insert.4.unfold.45
6a78c50ce9dbf6ff081f,14,45,m.appendLemmaAfterLoopBody.1.pre.0
6a78cd0ce9dbf6ff081f,14,46,m.appendLemmaLoopBody.1.pre.19
6a78cd0ce9dbf6ff281f,14,47,m.list_insert.4.unfold.65
6a78cd0ce9dbf6ff2c1f,14,48,m.main.5.inv.68
6a78cd0ce9dbfeff2c1f,14,49,m.list_insert.5.inv.51
6b78cd0ce9dbfeff2c1f,14,50,m.appendLemmaAfterLoopBody.1.pre.6
7b78cd0ce9dbfeff2c1f,14,51,m.appendLemmaAfterLoopBody.1.pre.2
7b78cd4ce9dbfeff2c1f,14,52,m.appendLemmaLoopBody.1.pre.24
7b78cd4ceddbfeff2c1f,14,53,m.appendLemmaLoopBody.4.unfold.36
7b78cd4cfddbfeff2c1f,14,54,m.appendLemmaLoopBody.4.unfold.34
7bf8cd4cfddbfeff2c1f,14,55,m.appendLemmaAfterLoopBody.1.pre.7
7bf8cf4cfddbfeff2c1f,14,56,m.appendLemmaLoopBody.1.pre.21
7bf8cf4cfddffeff2c1f,14,57,m.list_insert.4.unfold.44
7bf8cf4cfdfffeff2c1f,14,58,m.create_list.3.fold.41
7bf8cf4cfdfffeff6c1f,14,59,m.list_insert.3.fold.64
7bf9cf4cfdfffeff6c1f,14,60,m.appendLemmaAfterLoopBody.3.fold.14
7bf9cf4cfdfffeff6c3f,14,61,p.sortedSeg.6.pred.73
7ff9cf4cfdfffeff6c3f,14,62,m.appendLemmaAfterLoopBody.1.pre.4
7ffdcf4cfdfffeff6c3f,14,63,m.appendLemmaAfterLoopBody.2.post.12
7ffdcf6cfdfffeff6c3f,14,64,m.appendLemmaLoopBody.1.pre.25
7ffdcf6cfdffffff6c3f,14,65,m.list_insert.5.inv.54
7ffdcf6cfdffffff6d3f,14,66,p.sorted.6.pred.70
7fffcf6cfdffffff6d3f,14,67,m.appendLemmaAfterLoopBody.4.unfold.13
7fffcf6cfdffffff6dbf,14,68,p.sortedSeg.6.pred.71
7fffcf6dfdffffff6dbf,14,69,m.appendLemmaLoopBody.2.post.30
7fffcf7dfdffffff6dbf,14,70,m.appendLemmaLoopBody.1.pre.26
7fffcffdfdffffff6dbf,14,71,m.appendLemmaLoopBody.1.pre.23
7fffcffdfdffffff7dbf,14,72,m.list_insert.3.fold.66
7fffcffffdffffff7dbf,14,73,m.appendLemmaLoopBody.2.post.29
7fffcffffdfffffffdbf,14,74,m.list_insert.3.fold.63
7fffeffffdfffffffdbf,14,75,m.appendLemmaLoopBody.1.pre.17
7fffeffffdfffffffdff,14,76,p.sortedSeg.6.pred.72
7fffeffffffffffffdff,14,77,m.appendLemmaLoopBody.3.fold.37
7ffffffffffffffffdff,14,78,m.appendLemmaLoopBody.1.pre.18
7fffffffffffffffffff,14,79,m.main.5.inv.69
7fffffffffffffffffff,15,79,m.appendLemmaLoopBody.2.post.29
0,15,0,NA
80000000000,15,1,m.appendLemmaLoopBody.3.fold.35
4000080000000000,15,2,m.appendLemmaAfterLoopBody.3.fold.16
4000082000000000,15,3,m.create_list.3.fold.41
4004082000000000,15,4,m.appendLemmaLoopBody.2.post.28
4004083000000000,15,5,m.list_insert.1.pre.42
4004083080000000,15,6,m.list_insert.3.fold.47
4004083080100000,15,7,m.list_insert.5.inv.58
40040830c0100000,15,8,m.list_insert.3.fold.48
1040040830c0100000,15,9,m.appendLemmaAfterLoopBody.2.post.10
1040040830c0108000,15,10,m.list_insert.3.fold.63
1040040830c0908000,15,11,m.list_insert.5.inv.55
1050040830c0908000,15,12,m.appendLemmaLoopBody.1.pre.18
1050040830c0908100,15,13,p.sorted.6.pred.70
1050040830c0908104,15,14,p.sortedSegHelper.6.pred.76
1054040830c0908104,15,15,m.appendLemmaLoopBody.1.pre.20
1054044830c0908104,15,16,m.appendLemmaLoopBody.2.post.32
5054044830c0908104,15,17,m.appendLemmaAfterLoopBody.1.pre.8
5054044830c0908304,15,18,m.main.5.inv.69
5054054830c0908304,15,19,m.appendLemmaLoopBody.2.post.30
5054054830c2908304,15,20,m.list_insert.5.inv.53
5055054830c2908304,15,21,m.appendLemmaLoopBody.1.pre.22
5055054830c290c304,15,22,m.list_insert.3.fold.64
5055054830c290c305,15,23,p.sortedSegHelper.6.pred.78
7055054830c290c305,15,24,m.appendLemmaAfterLoopBody.2.post.9
7055054831c290c305,15,25,m.list_insert.3.fold.46
7055054833c290c305,15,26,m.list_insert.4.unfold.45
7855054833c290c305,15,27,m.appendLemmaAfterLoopBody.2.post.11
7855054833c290d305,15,28,m.list_insert.3.fold.66
7855054833c290d315,15,29,p.sortedSegHelper.6.pred.74
7855054833c290d715,15,30,m.main.5.inv.68
785505c833c290d715,15,31,m.appendLemmaLoopBody.2.post.31
785515c833c290d715,15,32,m.appendLemmaLoopBody.1.pre.26
785515c873c290d715,15,33,m.create_list.3.fold.40
785515c877c290d715,15,34,m.list_insert.4.unfold.44
1785515c877c290d715,15,35,m.appendLemmaAfterLoopBody.1.pre.6
1785515c87fc290d715,15,36,m.list_insert.2.post.43
1785515e87fc290d715,15,37,m.appendLemmaLoopBody.2.post.33
1785d15e87fc290d715,15,38,m.appendLemmaLoopBody.1.pre.19
1785d15e87fc290df15,15,39,m.list_insert.3.fold.67
1785d15e87fc290df17,15,40,p.sortedSegHelper.6.pred.77
1785d15e87fc291df17,15,41,m.list_insert.4.unfold.62
1785d15e87fc291df97,15,42,p.sortedSeg.6.pred.71
1785d15e87fe291df97,15,43,m.list_insert.4.unfold.49
1785d1de87fe291df97,15,44,m.appendLemmaLoopBody.1.pre.27
1785d5de87fe291df97,15,45,m.appendLemmaLoopBody.1.pre.24
1785d5de8ffe291df97,15,46,m.create_list.3.fold.39
1785d5decffe291df97,15,47,m.appendLemmaLoopBody.4.unfold.36
3785d5decffe291df97,15,48,m.appendLemmaAfterLoopBody.1.pre.5
3787d5decffe291df97,15,49,m.appendLemmaLoopBody.1.pre.17
3787d5decffe291df9f,15,50,p.sortedSegHelper.6.pred.75
43787d5decffe291df9f,15,51,m.appendLemmaAfterLoopBody.1.pre.0
43787d5dfcffe291df9f,15,52,m.appendLemmaLoopBody.4.unfold.34
437a7d5dfcffe291df9f,15,53,m.appendLemmaAfterLoopBody.4.unfold.13
437a7d5dfcffea91df9f,15,54,m.list_insert.5.inv.51
437a7d5dfcffea93df9f,15,55,m.list_insert.3.fold.61
437a7d5dfcffee93df9f,15,56,m.list_insert.5.inv.52
437a7d7dfcffee93df9f,15,57,m.appendLemmaLoopBody.1.pre.25
437a7d7dfcffee93ff9f,15,58,m.list_insert.4.unfold.65
437a7dfdfcffee93ff9f,15,59,m.appendLemmaLoopBody.1.pre.23
437e7dfdfcffee93ff9f,15,60,m.appendLemmaAfterLoopBody.2.post.12
437e7dfdfcffee9bff9f,15,61,m.list_insert.4.unfold.59
437e7dfdfcfffe9bff9f,15,62,m.list_insert.3.fold.50
537e7dfdfcfffe9bff9f,15,63,m.appendLemmaAfterLoopBody.1.pre.2
53fe7dfdfcfffe9bff9f,15,64,m.appendLemmaAfterLoopBody.1.pre.7
57fe7dfdfcfffe9bff9f,15,65,m.appendLemmaAfterLoopBody.1.pre.4
57fe7dfdfefffe9bff9f,15,66,m.appendLemmaLoopBody.3.fold.37
57fe7dfdfefffe9fff9f,15,67,m.list_insert.3.fold.60
57fe7dfdfeffff9fff9f,15,68,m.list_insert.5.inv.54
57fe7dfdffffff9fff9f,15,69,m.create_list.2.post.38
57fe7dfdffffff9fffdf,15,70,p.sortedSeg.6.pred.72
5ffe7dfdffffff9fffdf,15,71,m.appendLemmaAfterLoopBody.1.pre.3
7ffe7dfdffffff9fffdf,15,72,m.appendLemmaAfterLoopBody.1.pre.1
7ffe7ffdffffff9fffdf,15,73,m.appendLemmaLoopBody.1.pre.21
7fff7ffdffffff9fffdf,15,74,m.appendLemmaAfterLoopBody.3.fold.14
7ffffffdffffff9fffdf,15,75,m.appendLemmaAfterLoopBody.4.unfold.15
7ffffffdffffffbfffdf,15,76,m.list_insert.5.inv.57
7ffffffdffffffffffdf,15,77,m.list_insert.5.inv.56
7ffffffdffffffffffff,15,78,p.sortedSeg.6.pred.73
7fffffffffffffffffff,15,79,m.appendLemmaLoopBody.2.post.29
