"id","path_id","level_id","component_added","stress","median","verification","diff","context_name","context_type","component_type"
"8000000000",0,1,"m.create_list.3.fold.pred_inst.39",48,1926962,"gradual",1071031,"create_list","fold","pred_inst"
"8000000000",0,1,"m.create_list.3.fold.pred_inst.39",64,2869694,"gradual",2130773,"create_list","fold","pred_inst"
"8000000000",0,1,"m.create_list.3.fold.pred_inst.39",80,3578918,"gradual",2825830,"create_list","fold","pred_inst"
"8000000000",0,1,"m.create_list.3.fold.pred_inst.39",96,4804707,"gradual",3987573,"create_list","fold","pred_inst"
"8000000000",0,1,"m.create_list.3.fold.pred_inst.39",112,6253486,"gradual",5523108,"create_list","fold","pred_inst"
"8000000000",0,1,"m.create_list.3.fold.pred_inst.39",128,7761609,"gradual",7021282,"create_list","fold","pred_inst"
"8000000000",0,1,"m.create_list.3.fold.pred_inst.39",144,9465209,"gradual",8725632,"create_list","fold","pred_inst"
"8000000000",0,1,"m.create_list.3.fold.pred_inst.39",160,11333310,"gradual",10598774,"create_list","fold","pred_inst"
"8000000000",0,1,"m.create_list.3.fold.pred_inst.39",176,13445253,"gradual",12546563,"create_list","fold","pred_inst"
"8000000000",0,1,"m.create_list.3.fold.pred_inst.39",192,15678267,"gradual",14892705,"create_list","fold","pred_inst"
"8000000000",0,1,"m.create_list.3.fold.pred_inst.39",208,17932372,"gradual",17112251,"create_list","fold","pred_inst"
"8000000000",0,1,"m.create_list.3.fold.pred_inst.39",224,20385665,"gradual",19645123,"create_list","fold","pred_inst"
"8000000000",0,1,"m.create_list.3.fold.pred_inst.39",240,23100816,"gradual",22281860,"create_list","fold","pred_inst"
"8000000000",0,1,"m.create_list.3.fold.pred_inst.39",256,26326936,"gradual",25565583,"create_list","fold","pred_inst"
"8000",1,1,"m.list_insert.3.fold.pred_inst.63",48,1904425,"gradual",1048494,"list_insert","fold","pred_inst"
"8000",1,1,"m.list_insert.3.fold.pred_inst.63",64,2700999,"gradual",1962078,"list_insert","fold","pred_inst"
"8000",1,1,"m.list_insert.3.fold.pred_inst.63",80,3531300,"gradual",2778212,"list_insert","fold","pred_inst"
"8000",1,1,"m.list_insert.3.fold.pred_inst.63",96,4728549,"gradual",3911415,"list_insert","fold","pred_inst"
"8000",1,1,"m.list_insert.3.fold.pred_inst.63",112,6079423,"gradual",5349045,"list_insert","fold","pred_inst"
"8000",1,1,"m.list_insert.3.fold.pred_inst.63",128,7600141,"gradual",6859814,"list_insert","fold","pred_inst"
"8000",1,1,"m.list_insert.3.fold.pred_inst.63",144,9302540,"gradual",8562963,"list_insert","fold","pred_inst"
"8000",1,1,"m.list_insert.3.fold.pred_inst.63",160,11091476,"gradual",10356940,"list_insert","fold","pred_inst"
"8000",1,1,"m.list_insert.3.fold.pred_inst.63",176,13063561,"gradual",12164871,"list_insert","fold","pred_inst"
"8000",1,1,"m.list_insert.3.fold.pred_inst.63",192,15492732,"gradual",14707170,"list_insert","fold","pred_inst"
"8000",1,1,"m.list_insert.3.fold.pred_inst.63",208,17844020,"gradual",17023899,"list_insert","fold","pred_inst"
"8000",1,1,"m.list_insert.3.fold.pred_inst.63",224,20502906,"gradual",19762364,"list_insert","fold","pred_inst"
"8000",1,1,"m.list_insert.3.fold.pred_inst.63",240,23268210,"gradual",22449254,"list_insert","fold","pred_inst"
"8000",1,1,"m.list_insert.3.fold.pred_inst.63",256,26430859,"gradual",25669506,"list_insert","fold","pred_inst"
"2000000000000000",2,1,"m.appendLemmaLoopBody.1.pre.pred_inst.17",48,1984938,"gradual",1129007,"appendLemmaLoopBody","pre","pred_inst"
"2000000000000000",2,1,"m.appendLemmaLoopBody.1.pre.pred_inst.17",64,2740847,"gradual",2001926,"appendLemmaLoopBody","pre","pred_inst"
"2000000000000000",2,1,"m.appendLemmaLoopBody.1.pre.pred_inst.17",80,3608898,"gradual",2855810,"appendLemmaLoopBody","pre","pred_inst"
"2000000000000000",2,1,"m.appendLemmaLoopBody.1.pre.pred_inst.17",96,4673277,"gradual",3856143,"appendLemmaLoopBody","pre","pred_inst"
"2000000000000000",2,1,"m.appendLemmaLoopBody.1.pre.pred_inst.17",112,6115300,"gradual",5384922,"appendLemmaLoopBody","pre","pred_inst"
"2000000000000000",2,1,"m.appendLemmaLoopBody.1.pre.pred_inst.17",128,7489013,"gradual",6748686,"appendLemmaLoopBody","pre","pred_inst"
"2000000000000000",2,1,"m.appendLemmaLoopBody.1.pre.pred_inst.17",144,9282941,"gradual",8543364,"appendLemmaLoopBody","pre","pred_inst"
"2000000000000000",2,1,"m.appendLemmaLoopBody.1.pre.pred_inst.17",160,11257228,"gradual",10522692,"appendLemmaLoopBody","pre","pred_inst"
"2000000000000000",2,1,"m.appendLemmaLoopBody.1.pre.pred_inst.17",176,13276100,"gradual",12377410,"appendLemmaLoopBody","pre","pred_inst"
"2000000000000000",2,1,"m.appendLemmaLoopBody.1.pre.pred_inst.17",192,15453733,"gradual",14668171,"appendLemmaLoopBody","pre","pred_inst"
"2000000000000000",2,1,"m.appendLemmaLoopBody.1.pre.pred_inst.17",208,17873749,"gradual",17053628,"appendLemmaLoopBody","pre","pred_inst"
"2000000000000000",2,1,"m.appendLemmaLoopBody.1.pre.pred_inst.17",224,20310077,"gradual",19569535,"appendLemmaLoopBody","pre","pred_inst"
"2000000000000000",2,1,"m.appendLemmaLoopBody.1.pre.pred_inst.17",240,23290008,"gradual",22471052,"appendLemmaLoopBody","pre","pred_inst"
"2000000000000000",2,1,"m.appendLemmaLoopBody.1.pre.pred_inst.17",256,26318716,"gradual",25557363,"appendLemmaLoopBody","pre","pred_inst"
"2000000",3,1,"m.list_insert.5.inv.acc.53",48,1897583,"gradual",1041652,"list_insert","inv","acc"
"2000000",3,1,"m.list_insert.5.inv.acc.53",64,2710242,"gradual",1971321,"list_insert","inv","acc"
"2000000",3,1,"m.list_insert.5.inv.acc.53",80,3611281,"gradual",2858193,"list_insert","inv","acc"
"2000000",3,1,"m.list_insert.5.inv.acc.53",96,4710141,"gradual",3893007,"list_insert","inv","acc"
"2000000",3,1,"m.list_insert.5.inv.acc.53",112,5981533,"gradual",5251155,"list_insert","inv","acc"
"2000000",3,1,"m.list_insert.5.inv.acc.53",128,7631351,"gradual",6891024,"list_insert","inv","acc"
"2000000",3,1,"m.list_insert.5.inv.acc.53",144,9277833,"gradual",8538256,"list_insert","inv","acc"
"2000000",3,1,"m.list_insert.5.inv.acc.53",160,11174925,"gradual",10440389,"list_insert","inv","acc"
"2000000",3,1,"m.list_insert.5.inv.acc.53",176,13148375,"gradual",12249685,"list_insert","inv","acc"
"2000000",3,1,"m.list_insert.5.inv.acc.53",192,15519740,"gradual",14734178,"list_insert","inv","acc"
"2000000",3,1,"m.list_insert.5.inv.acc.53",208,17888149,"gradual",17068028,"list_insert","inv","acc"
"2000000",3,1,"m.list_insert.5.inv.acc.53",224,20493295,"gradual",19752753,"list_insert","inv","acc"
"2000000",3,1,"m.list_insert.5.inv.acc.53",240,23189668,"gradual",22370712,"list_insert","inv","acc"
"2000000",3,1,"m.list_insert.5.inv.acc.53",256,26320138,"gradual",25558785,"list_insert","inv","acc"
"800000000000000000",4,1,"m.appendLemmaAfterLoopBody.1.pre.default.7",48,1931906,"gradual",1075975,"appendLemmaAfterLoopBody","pre","default"
"800000000000000000",4,1,"m.appendLemmaAfterLoopBody.1.pre.default.7",64,2782587,"gradual",2043666,"appendLemmaAfterLoopBody","pre","default"
"800000000000000000",4,1,"m.appendLemmaAfterLoopBody.1.pre.default.7",80,3632833,"gradual",2879745,"appendLemmaAfterLoopBody","pre","default"
"800000000000000000",4,1,"m.appendLemmaAfterLoopBody.1.pre.default.7",96,4676815,"gradual",3859681,"appendLemmaAfterLoopBody","pre","default"
"800000000000000000",4,1,"m.appendLemmaAfterLoopBody.1.pre.default.7",112,6078440,"gradual",5348062,"appendLemmaAfterLoopBody","pre","default"
"800000000000000000",4,1,"m.appendLemmaAfterLoopBody.1.pre.default.7",128,7531741,"gradual",6791414,"appendLemmaAfterLoopBody","pre","default"
"800000000000000000",4,1,"m.appendLemmaAfterLoopBody.1.pre.default.7",144,9252643,"gradual",8513066,"appendLemmaAfterLoopBody","pre","default"
"800000000000000000",4,1,"m.appendLemmaAfterLoopBody.1.pre.default.7",160,11206856,"gradual",10472320,"appendLemmaAfterLoopBody","pre","default"
"800000000000000000",4,1,"m.appendLemmaAfterLoopBody.1.pre.default.7",176,13339250,"gradual",12440560,"appendLemmaAfterLoopBody","pre","default"
"800000000000000000",4,1,"m.appendLemmaAfterLoopBody.1.pre.default.7",192,15411167,"gradual",14625605,"appendLemmaAfterLoopBody","pre","default"
"800000000000000000",4,1,"m.appendLemmaAfterLoopBody.1.pre.default.7",208,17630264,"gradual",16810143,"appendLemmaAfterLoopBody","pre","default"
"800000000000000000",4,1,"m.appendLemmaAfterLoopBody.1.pre.default.7",224,20476197,"gradual",19735655,"appendLemmaAfterLoopBody","pre","default"
"800000000000000000",4,1,"m.appendLemmaAfterLoopBody.1.pre.default.7",240,23115872,"gradual",22296916,"appendLemmaAfterLoopBody","pre","default"
"800000000000000000",4,1,"m.appendLemmaAfterLoopBody.1.pre.default.7",256,26355464,"gradual",25594111,"appendLemmaAfterLoopBody","pre","default"
"1000000000000",5,1,"m.appendLemmaLoopBody.2.post.default.30",48,1929495,"gradual",1073564,"appendLemmaLoopBody","post","default"
"1000000000000",5,1,"m.appendLemmaLoopBody.2.post.default.30",64,2729229,"gradual",1990308,"appendLemmaLoopBody","post","default"
"1000000000000",5,1,"m.appendLemmaLoopBody.2.post.default.30",80,3592619,"gradual",2839531,"appendLemmaLoopBody","post","default"
"1000000000000",5,1,"m.appendLemmaLoopBody.2.post.default.30",96,4755008,"gradual",3937874,"appendLemmaLoopBody","post","default"
"1000000000000",5,1,"m.appendLemmaLoopBody.2.post.default.30",112,6045530,"gradual",5315152,"appendLemmaLoopBody","post","default"
"1000000000000",5,1,"m.appendLemmaLoopBody.2.post.default.30",128,7511902,"gradual",6771575,"appendLemmaLoopBody","post","default"
"1000000000000",5,1,"m.appendLemmaLoopBody.2.post.default.30",144,9329209,"gradual",8589632,"appendLemmaLoopBody","post","default"
"1000000000000",5,1,"m.appendLemmaLoopBody.2.post.default.30",160,11100282,"gradual",10365746,"appendLemmaLoopBody","post","default"
"1000000000000",5,1,"m.appendLemmaLoopBody.2.post.default.30",176,13247476,"gradual",12348786,"appendLemmaLoopBody","post","default"
"1000000000000",5,1,"m.appendLemmaLoopBody.2.post.default.30",192,15625043,"gradual",14839481,"appendLemmaLoopBody","post","default"
"1000000000000",5,1,"m.appendLemmaLoopBody.2.post.default.30",208,17787229,"gradual",16967108,"appendLemmaLoopBody","post","default"
"1000000000000",5,1,"m.appendLemmaLoopBody.2.post.default.30",224,20625519,"gradual",19884977,"appendLemmaLoopBody","post","default"
"1000000000000",5,1,"m.appendLemmaLoopBody.2.post.default.30",240,23192207,"gradual",22373251,"appendLemmaLoopBody","post","default"
"1000000000000",5,1,"m.appendLemmaLoopBody.2.post.default.30",256,26124377,"gradual",25363024,"appendLemmaLoopBody","post","default"
"200000000000",6,1,"m.appendLemmaLoopBody.2.post.pred_inst.33",32,1474837,"gradual",729544,"appendLemmaLoopBody","post","pred_inst"
"200000000000",6,1,"m.appendLemmaLoopBody.2.post.pred_inst.33",48,1924410,"gradual",1068479,"appendLemmaLoopBody","post","pred_inst"
"200000000000",6,1,"m.appendLemmaLoopBody.2.post.pred_inst.33",64,2816363,"gradual",2077442,"appendLemmaLoopBody","post","pred_inst"
"200000000000",6,1,"m.appendLemmaLoopBody.2.post.pred_inst.33",80,3691186,"gradual",2938098,"appendLemmaLoopBody","post","pred_inst"
"200000000000",6,1,"m.appendLemmaLoopBody.2.post.pred_inst.33",96,4676544,"gradual",3859410,"appendLemmaLoopBody","post","pred_inst"
"200000000000",6,1,"m.appendLemmaLoopBody.2.post.pred_inst.33",112,6067536,"gradual",5337158,"appendLemmaLoopBody","post","pred_inst"
"200000000000",6,1,"m.appendLemmaLoopBody.2.post.pred_inst.33",128,7644635,"gradual",6904308,"appendLemmaLoopBody","post","pred_inst"
"200000000000",6,1,"m.appendLemmaLoopBody.2.post.pred_inst.33",144,9247824,"gradual",8508247,"appendLemmaLoopBody","post","pred_inst"
"200000000000",6,1,"m.appendLemmaLoopBody.2.post.pred_inst.33",160,11359025,"gradual",10624489,"appendLemmaLoopBody","post","pred_inst"
"200000000000",6,1,"m.appendLemmaLoopBody.2.post.pred_inst.33",176,13318830,"gradual",12420140,"appendLemmaLoopBody","post","pred_inst"
"200000000000",6,1,"m.appendLemmaLoopBody.2.post.pred_inst.33",192,15591071,"gradual",14805509,"appendLemmaLoopBody","post","pred_inst"
"200000000000",6,1,"m.appendLemmaLoopBody.2.post.pred_inst.33",208,17999773,"gradual",17179652,"appendLemmaLoopBody","post","pred_inst"
"200000000000",6,1,"m.appendLemmaLoopBody.2.post.pred_inst.33",224,20805583,"gradual",20065041,"appendLemmaLoopBody","post","pred_inst"
"200000000000",6,1,"m.appendLemmaLoopBody.2.post.pred_inst.33",240,23177074,"gradual",22358118,"appendLemmaLoopBody","post","pred_inst"
"200000000000",6,1,"m.appendLemmaLoopBody.2.post.pred_inst.33",256,26472260,"gradual",25710907,"appendLemmaLoopBody","post","pred_inst"
"8000000",7,1,"m.list_insert.5.inv.pred_inst.51",48,1899607,"gradual",1043676,"list_insert","inv","pred_inst"
"8000000",7,1,"m.list_insert.5.inv.pred_inst.51",64,2725046,"gradual",1986125,"list_insert","inv","pred_inst"
"8000000",7,1,"m.list_insert.5.inv.pred_inst.51",80,3779769,"gradual",3026681,"list_insert","inv","pred_inst"
"8000000",7,1,"m.list_insert.5.inv.pred_inst.51",96,4901066,"gradual",4083932,"list_insert","inv","pred_inst"
"8000000",7,1,"m.list_insert.5.inv.pred_inst.51",112,6170342,"gradual",5439964,"list_insert","inv","pred_inst"
"8000000",7,1,"m.list_insert.5.inv.pred_inst.51",128,7521681,"gradual",6781354,"list_insert","inv","pred_inst"
"8000000",7,1,"m.list_insert.5.inv.pred_inst.51",144,9260842,"gradual",8521265,"list_insert","inv","pred_inst"
"8000000",7,1,"m.list_insert.5.inv.pred_inst.51",160,11111574,"gradual",10377038,"list_insert","inv","pred_inst"
"8000000",7,1,"m.list_insert.5.inv.pred_inst.51",176,13239659,"gradual",12340969,"list_insert","inv","pred_inst"
"8000000",7,1,"m.list_insert.5.inv.pred_inst.51",192,15579643,"gradual",14794081,"list_insert","inv","pred_inst"
"8000000",7,1,"m.list_insert.5.inv.pred_inst.51",208,17948421,"gradual",17128300,"list_insert","inv","pred_inst"
"8000000",7,1,"m.list_insert.5.inv.pred_inst.51",224,20492996,"gradual",19752454,"list_insert","inv","pred_inst"
"8000000",7,1,"m.list_insert.5.inv.pred_inst.51",240,23530356,"gradual",22711400,"list_insert","inv","pred_inst"
"8000000",7,1,"m.list_insert.5.inv.pred_inst.51",256,26603756,"gradual",25842403,"list_insert","inv","pred_inst"
"8000000000008000010",7,3,"p.sortedSegHelper.6.pred.default.74",240,23437290,"gradual",1029949,"sortedSegHelper","pred","default"
"8000050040",0,4,"p.sortedSeg.6.pred.acc.72",96,5589823,"gradual",716463,"sortedSeg","pred","acc"
"8000050040",0,4,"p.sortedSeg.6.pred.acc.72",256,26538050,"gradual",1094444,"sortedSeg","pred","acc"
"102040000000400000",2,4,"m.appendLemmaAfterLoopBody.2.post.acc.10",240,23769727,"gradual",751637,"appendLemmaAfterLoopBody","post","acc"
"800002100004",3,4,"p.sortedSegHelper.6.pred.default.76",240,23697104,"gradual",875082,"sortedSegHelper","pred","default"
"18000000040008001010",7,6,"m.appendLemmaLoopBody.4.unfold.pred_inst.36",240,23466301,"gradual",956509,"appendLemmaLoopBody","unfold","pred_inst"
"18000000040008001010",7,6,"m.appendLemmaLoopBody.4.unfold.pred_inst.36",256,26432193,"gradual",1100532,"appendLemmaLoopBody","unfold","pred_inst"
"20000000800005a040",0,7,"m.appendLemmaAfterLoopBody.2.post.default.9",224,20622378,"gradual",783153,"appendLemmaAfterLoopBody","post","default"
"20100000800005a040",0,8,"m.appendLemmaLoopBody.1.pre.default.18",240,23673760,"gradual",1276136,"appendLemmaLoopBody","pre","default"
"20201208000003008000",1,8,"m.appendLemmaLoopBody.1.pre.pred_inst.21",192,15743989,"gradual",727820,"appendLemmaLoopBody","pre","pred_inst"
"2010a0500120014c2000",2,13,"m.list_insert.5.inv.acc.54",208,18263862,"gradual",996193,"list_insert","inv","acc"
"2010a0500120014c2000",2,13,"m.list_insert.5.inv.acc.54",256,26214848,"gradual",779546,"list_insert","inv","acc"
"40804a811400004c0800",4,13,"m.appendLemmaLoopBody.2.post.default.30",224,20549679,"gradual",746266,"appendLemmaLoopBody","post","default"
"40804a811400004c0800",4,13,"m.appendLemmaLoopBody.2.post.default.30",240,23427206,"gradual",781855,"appendLemmaLoopBody","post","default"
"40190208800300e02",6,13,"m.appendLemmaLoopBody.1.pre.default.22",192,16418327,"gradual",819644,"appendLemmaLoopBody","pre","default"
"40540213204000400302",5,14,"m.appendLemmaAfterLoopBody.2.post.acc.10",48,10993466,"gradual",9086738,"appendLemmaAfterLoopBody","post","acc"
"40540213204000400302",5,14,"m.appendLemmaAfterLoopBody.2.post.acc.10",128,8306670,"gradual",777076,"appendLemmaAfterLoopBody","post","acc"
"40540213204000400302",5,14,"m.appendLemmaAfterLoopBody.2.post.acc.10",144,10203351,"gradual",945495,"appendLemmaAfterLoopBody","post","acc"
"40540213204000400302",5,14,"m.appendLemmaAfterLoopBody.2.post.acc.10",160,12130097,"gradual",1010754,"appendLemmaAfterLoopBody","post","acc"
"40540213204000400302",5,14,"m.appendLemmaAfterLoopBody.2.post.acc.10",176,14165491,"gradual",842172,"appendLemmaAfterLoopBody","post","acc"
"40804a831400004c0840",4,15,"m.appendLemmaLoopBody.2.post.default.29",224,20670486,"gradual",887748,"appendLemmaLoopBody","post","default"
"40804a831400004c0840",4,15,"m.appendLemmaLoopBody.2.post.default.29",240,23468192,"gradual",1089134,"appendLemmaLoopBody","post","default"
"40804a831400004c0840",4,15,"m.appendLemmaLoopBody.2.post.default.29",256,26663041,"gradual",1207059,"appendLemmaLoopBody","post","default"
"2030a0da0528034e2000",2,21,"m.appendLemmaLoopBody.1.pre.pred_inst.27",0,6750585,"gradual",5805459,"appendLemmaLoopBody","pre","pred_inst"
"72627a18c02053108000",1,23,"m.appendLemmaLoopBody.1.pre.acc.19",224,20512471,"gradual",803673,"appendLemmaLoopBody","pre","acc"
"191800004f090f015b10",7,23,"m.list_insert.3.fold.pred_inst.46",240,23814117,"gradual",816144,"list_insert","fold","pred_inst"
"72627a18c02453108000",1,24,"m.list_insert.4.unfold.pred_inst.44",256,26501072,"gradual",1143939,"list_insert","unfold","pred_inst"
"7262fa18c02453108000",1,25,"m.appendLemmaAfterLoopBody.4.unfold.pred_inst.15",240,23353244,"gradual",724748,"appendLemmaAfterLoopBody","unfold","pred_inst"
"10003c0086bc87b34805",3,26,"m.list_insert.5.inv.acc.57",240,24451617,"gradual",807012,"list_insert","inv","acc"
"10003c0086bc87b34805",3,26,"m.list_insert.5.inv.acc.57",256,27221090,"gradual",840301,"list_insert","inv","acc"
"1b1a00104f290f077b12",7,31,"m.list_insert.3.fold.pred_inst.61",256,27177412,"gradual",740834,"list_insert","fold","pred_inst"
"44ad3593a28801bc0f22",6,32,"m.appendLemmaLoopBody.1.pre.pred_inst.17",224,21097256,"gradual",893531,"appendLemmaLoopBody","pre","pred_inst"
"44f4831762510c50379a",5,33,"p.sortedSegHelper.6.pred.pred_inst.75",176,14191586,"gradual",723968,"sortedSegHelper","pred","pred_inst"
"44f4831762510c50379a",5,33,"p.sortedSegHelper.6.pred.pred_inst.75",192,16288896,"gradual",798529,"sortedSegHelper","pred","pred_inst"
"44f4831762510c50379a",5,33,"p.sortedSegHelper.6.pred.pred_inst.75",208,18804219,"gradual",781497,"sortedSegHelper","pred","pred_inst"
"44f4831762510c50379a",5,33,"p.sortedSegHelper.6.pred.pred_inst.75",224,21466593,"gradual",727129,"sortedSegHelper","pred","pred_inst"
"44f4831762510c50379a",5,33,"p.sortedSegHelper.6.pred.pred_inst.75",240,24492840,"gradual",999060,"sortedSegHelper","pred","pred_inst"
"44f4831762510c50379a",5,33,"p.sortedSegHelper.6.pred.pred_inst.75",256,27263595,"gradual",757443,"sortedSegHelper","pred","pred_inst"
"44ad3593a28901bc0f22",6,33,"m.list_insert.3.fold.pred_inst.46",240,23874207,"gradual",718765,"list_insert","fold","pred_inst"
"43805fd31451784ccec0",4,34,"m.list_insert.3.fold.pred_inst.63",192,16535713,"gradual",811536,"list_insert","fold","pred_inst"
"18223d0087bc97b75825",3,35,"m.create_list.2.post.pred_inst.38",256,27340098,"gradual",745292,"create_list","post","pred_inst"
"44f4831762510c50779b",5,35,"p.sortedSegHelper.6.pred.acc.78",176,14853601,"gradual",759389,"sortedSegHelper","pred","acc"
"44f4831762510c50779b",5,35,"p.sortedSegHelper.6.pred.acc.78",192,17394725,"gradual",1140007,"sortedSegHelper","pred","acc"
"44f4831762510c50779b",5,35,"p.sortedSegHelper.6.pred.acc.78",208,19767346,"gradual",987264,"sortedSegHelper","pred","acc"
"44f4831762510c50779b",5,35,"p.sortedSegHelper.6.pred.acc.78",224,22540196,"gradual",995388,"sortedSegHelper","pred","acc"
"44f4831762510c50779b",5,35,"p.sortedSegHelper.6.pred.acc.78",240,25573190,"gradual",1302030,"sortedSegHelper","pred","acc"
"44f4831762510c50779b",5,35,"p.sortedSegHelper.6.pred.acc.78",256,28650223,"gradual",1425299,"sortedSegHelper","pred","acc"
"45ad3593a28909bc8f22",6,36,"m.appendLemmaAfterLoopBody.1.pre.acc.6",192,15900299,"gradual",746534,"appendLemmaAfterLoopBody","pre","acc"
"68b5aada153943cea422",2,37,"m.list_insert.1.pre.pred_inst.42",240,24527266,"gradual",943027,"list_insert","pre","pred_inst"
"68b5aada153943cea422",2,37,"m.list_insert.1.pre.pred_inst.42",256,27161910,"gradual",749304,"list_insert","pre","pred_inst"
"18223d00a7bc97b77c67",3,40,"p.sortedSegHelper.6.pred.acc.77",224,21616368,"gradual",788230,"sortedSegHelper","pred","acc"
"726afa1cdb675b59c18a",1,43,"p.sortedSegHelper.6.pred.acc.77",128,8442343,"gradual",768619,"sortedSegHelper","pred","acc"
"726afa1cdb675b59c18a",1,43,"p.sortedSegHelper.6.pred.acc.77",144,10285928,"gradual",796043,"sortedSegHelper","pred","acc"
"726afa1cdb675b59c18a",1,43,"p.sortedSegHelper.6.pred.acc.77",160,12318647,"gradual",941434,"sortedSegHelper","pred","acc"
"726afa1cdb675b59c18a",1,43,"p.sortedSegHelper.6.pred.acc.77",176,14627616,"gradual",1304055,"sortedSegHelper","pred","acc"
"726afa1cdb675b59c18a",1,43,"p.sortedSegHelper.6.pred.acc.77",192,17109118,"gradual",1507096,"sortedSegHelper","pred","acc"
"726afa1cdb675b59c18a",1,43,"p.sortedSegHelper.6.pred.acc.77",208,19804274,"gradual",1380248,"sortedSegHelper","pred","acc"
"726afa1cdb675b59c18a",1,43,"p.sortedSegHelper.6.pred.acc.77",224,22862096,"gradual",2042323,"sortedSegHelper","pred","acc"
"726afa1cdb675b59c18a",1,43,"p.sortedSegHelper.6.pred.acc.77",240,25904283,"gradual",2410602,"sortedSegHelper","pred","acc"
"726afa1cdb675b59c18a",1,43,"p.sortedSegHelper.6.pred.acc.77",256,29104379,"gradual",2710449,"sortedSegHelper","pred","acc"
"1bbae010ef291f9f7f12",7,43,"m.appendLemmaAfterLoopBody.2.post.default.9",256,27756906,"gradual",830702,"appendLemmaAfterLoopBody","post","default"
"56fc8317ea590c51f7db",5,44,"m.list_insert.2.post.pred_inst.43",16,1895412,"gradual",887190,"list_insert","post","pred_inst"
"56fc8317ea590c51f7db",5,44,"m.list_insert.2.post.pred_inst.43",32,6750207,"gradual",5318417,"list_insert","post","pred_inst"
"56fc8317ea590c51f7db",5,44,"m.list_insert.2.post.pred_inst.43",48,18613459,"gradual",16547710,"list_insert","post","pred_inst"
"56fc8317ea590c51f7db",5,44,"m.list_insert.2.post.pred_inst.43",64,40381766,"gradual",37474392,"list_insert","post","pred_inst"
"56fc8317ea590c51f7db",5,44,"m.list_insert.2.post.pred_inst.43",80,75772162,"gradual",71858522,"list_insert","post","pred_inst"
"56fc8317ea590c51f7db",5,44,"m.list_insert.2.post.pred_inst.43",96,127888359,"gradual",122647835,"list_insert","post","pred_inst"
"56fc8317ea590c51f7db",5,44,"m.list_insert.2.post.pred_inst.43",112,205179356,"gradual",198386446,"list_insert","post","pred_inst"
"56fc8317ea590c51f7db",5,44,"m.list_insert.2.post.pred_inst.43",128,297990475,"gradual",289525137,"list_insert","post","pred_inst"
"56fc8317ea590c51f7db",5,44,"m.list_insert.2.post.pred_inst.43",144,430327672,"gradual",420013258,"list_insert","post","pred_inst"
"56fc8317ea590c51f7db",5,44,"m.list_insert.2.post.pred_inst.43",160,583751860,"gradual",571476242,"list_insert","post","pred_inst"
"56fc8317ea590c51f7db",5,44,"m.list_insert.2.post.pred_inst.43",176,769639339,"gradual",755027583,"list_insert","post","pred_inst"
"56fc8317ea590c51f7db",5,44,"m.list_insert.2.post.pred_inst.43",192,994055445,"gradual",976929321,"list_insert","post","pred_inst"
"56fc8317ea590c51f7db",5,44,"m.list_insert.2.post.pred_inst.43",208,1235815143,"gradual",1216016889,"list_insert","post","pred_inst"
"56fc8317ea590c51f7db",5,44,"m.list_insert.2.post.pred_inst.43",224,1557094516,"gradual",1534724336,"list_insert","post","pred_inst"
"56fc8317ea590c51f7db",5,44,"m.list_insert.2.post.pred_inst.43",240,1904820578,"gradual",1879387804,"list_insert","post","pred_inst"
"56fc8317ea590c51f7db",5,44,"m.list_insert.2.post.pred_inst.43",256,2304111975,"gradual",2275491574,"list_insert","post","pred_inst"
"45ad3593a2cd0dbeef6a",6,44,"p.sortedSegHelper.6.pred.pred_inst.75",192,16539241,"gradual",912431,"sortedSegHelper","pred","pred_inst"
"45ad3593a2cd0dbeef6a",6,44,"p.sortedSegHelper.6.pred.pred_inst.75",208,19162912,"gradual",1113003,"sortedSegHelper","pred","pred_inst"
"45ad3593a2cd0dbeef6a",6,44,"p.sortedSegHelper.6.pred.pred_inst.75",224,22044930,"gradual",1325955,"sortedSegHelper","pred","pred_inst"
"45ad3593a2cd0dbeef6a",6,44,"p.sortedSegHelper.6.pred.pred_inst.75",240,25086562,"gradual",1592485,"sortedSegHelper","pred","pred_inst"
"45ad3593a2cd0dbeef6a",6,44,"p.sortedSegHelper.6.pred.pred_inst.75",256,28314968,"gradual",1985661,"sortedSegHelper","pred","pred_inst"
"43a85ff79dd9784dcec4",4,45,"m.create_list.2.post.pred_inst.38",256,27494454,"gradual",739907,"create_list","post","pred_inst"
"56fc8317ea594c51f7db",5,45,"m.list_insert.3.fold.pred_inst.48",64,41699765,"gradual",1317999,"list_insert","fold","pred_inst"
"56fc8317ea594c51f7db",5,45,"m.list_insert.3.fold.pred_inst.48",96,132102775,"gradual",4214416,"list_insert","fold","pred_inst"
"56fc8317ea594c51f7db",5,45,"m.list_insert.3.fold.pred_inst.48",128,299471885,"gradual",1481410,"list_insert","fold","pred_inst"
"56fc8317ea594c51f7db",5,45,"m.list_insert.3.fold.pred_inst.48",160,585728960,"gradual",1977100,"list_insert","fold","pred_inst"
"56fc8317ea594c51f7db",5,45,"m.list_insert.3.fold.pred_inst.48",208,1259911800,"gradual",24096657,"list_insert","fold","pred_inst"
"56fc8317ea594c51f7db",5,45,"m.list_insert.3.fold.pred_inst.48",256,2313096514,"gradual",8984539,"list_insert","fold","pred_inst"
"45ad3593a2cd0fbeef6a",6,45,"m.list_insert.5.inv.acc.53",160,12754728,"gradual",807855,"list_insert","inv","acc"
"56fcc317ea594c51f7db",5,46,"m.appendLemmaAfterLoopBody.3.fold.pred_inst.16",80,77077153,"gradual",939308,"appendLemmaAfterLoopBody","fold","pred_inst"
"56fcc317ea594c51f7db",5,46,"m.appendLemmaAfterLoopBody.3.fold.pred_inst.16",128,303384166,"gradual",3912281,"appendLemmaAfterLoopBody","fold","pred_inst"
"56fcc317ea594c51f7db",5,46,"m.appendLemmaAfterLoopBody.3.fold.pred_inst.16",144,425524884,"gradual",768086,"appendLemmaAfterLoopBody","fold","pred_inst"
"56fcc317ea594c51f7db",5,46,"m.appendLemmaAfterLoopBody.3.fold.pred_inst.16",176,772554912,"gradual",11918205,"appendLemmaAfterLoopBody","fold","pred_inst"
"56fcc317ea594c51f7db",5,46,"m.appendLemmaAfterLoopBody.3.fold.pred_inst.16",224,1550843483,"gradual",1288520,"appendLemmaAfterLoopBody","fold","pred_inst"
"56fcc317ea594c51f7db",5,46,"m.appendLemmaAfterLoopBody.3.fold.pred_inst.16",240,1910205344,"gradual",8478125,"appendLemmaAfterLoopBody","fold","pred_inst"
"56fccb17ea594c51f7db",5,47,"m.appendLemmaLoopBody.1.pre.acc.19",96,129516146,"gradual",1363505,"appendLemmaLoopBody","pre","acc"
"56fccb17ea594c51f7db",5,47,"m.appendLemmaLoopBody.1.pre.acc.19",144,429783900,"gradual",4259016,"appendLemmaLoopBody","pre","acc"
"56fccb17ea594c51f7db",5,47,"m.appendLemmaLoopBody.1.pre.acc.19",176,777323729,"gradual",4768817,"appendLemmaLoopBody","pre","acc"
"56fccb17ea594c51f7db",5,47,"m.appendLemmaLoopBody.1.pre.acc.19",192,985640735,"gradual",2636571,"appendLemmaLoopBody","pre","acc"
"56fccb17ea594c51f7db",5,47,"m.appendLemmaLoopBody.1.pre.acc.19",208,1258307388,"gradual",15546662,"appendLemmaLoopBody","pre","acc"
"56fccb17ea594c51f7db",5,47,"m.appendLemmaLoopBody.1.pre.acc.19",240,1924292565,"gradual",14087221,"appendLemmaLoopBody","pre","acc"
"56fccb17ea594c51f7db",5,47,"m.appendLemmaLoopBody.1.pre.acc.19",256,2334210528,"gradual",21162629,"appendLemmaLoopBody","pre","acc"
"1bbae818ef291fdf7f16",7,47,"m.list_insert.5.inv.pred_inst.56",176,14862541,"gradual",825318,"list_insert","inv","pred_inst"
"56fccb17ea594c55f7db",5,48,"m.list_insert.3.fold.pred_inst.60",80,77141334,"gradual",829204,"list_insert","fold","pred_inst"
"56fccb17ea594c55f7db",5,48,"m.list_insert.3.fold.pred_inst.60",112,202867336,"gradual",809333,"list_insert","fold","pred_inst"
"56fccb17ea594c55f7db",5,48,"m.list_insert.3.fold.pred_inst.60",128,304504045,"gradual",1317295,"list_insert","fold","pred_inst"
"56fccb17ea594c55f7db",5,48,"m.list_insert.3.fold.pred_inst.60",160,582504508,"gradual",6644844,"list_insert","fold","pred_inst"
"56fccb17ea594c55f7db",5,48,"m.list_insert.3.fold.pred_inst.60",192,986673945,"gradual",1033210,"list_insert","fold","pred_inst"
"56fccb17ea594c55f7db",5,48,"m.list_insert.3.fold.pred_inst.60",224,1567168930,"gradual",18274612,"list_insert","fold","pred_inst"
"1bbae818ef291fff7f16",7,48,"m.list_insert.5.inv.acc.57",0,15964067,"gradual",14773790,"list_insert","inv","acc"
"1bbae818ef291fff7f16",7,48,"m.list_insert.5.inv.acc.57",16,3878979,"gradual",2578399,"list_insert","inv","acc"
"1bbae818ef291fff7f16",7,48,"m.list_insert.5.inv.acc.57",32,4310679,"gradual",2543535,"list_insert","inv","acc"
"5efccb17ea594c55f7db",5,49,"m.appendLemmaAfterLoopBody.1.pre.acc.3",176,772602686,"gradual",7143258,"appendLemmaAfterLoopBody","pre","acc"
"5efccb17ea594c55f7db",5,49,"m.appendLemmaAfterLoopBody.1.pre.acc.3",208,1261338097,"gradual",3136237,"appendLemmaAfterLoopBody","pre","acc"
"1bbae818ef299fff7f16",7,49,"m.list_insert.3.fold.pred_inst.47",240,24048841,"gradual",783001,"list_insert","fold","pred_inst"
"7cbdabfa3d3947deb4ea",2,50,"p.sortedSegHelper.6.pred.pred_inst.75",128,8669586,"gradual",806448,"sortedSegHelper","pred","pred_inst"
"7cbdabfa3d3947deb4ea",2,50,"p.sortedSegHelper.6.pred.pred_inst.75",144,10591368,"gradual",969459,"sortedSegHelper","pred","pred_inst"
"7cbdabfa3d3947deb4ea",2,50,"p.sortedSegHelper.6.pred.pred_inst.75",160,12372880,"gradual",998361,"sortedSegHelper","pred","pred_inst"
"7cbdabfa3d3947deb4ea",2,50,"p.sortedSegHelper.6.pred.pred_inst.75",176,14633703,"gradual",1269652,"sortedSegHelper","pred","pred_inst"
"7cbdabfa3d3947deb4ea",2,50,"p.sortedSegHelper.6.pred.pred_inst.75",192,17175266,"gradual",1601413,"sortedSegHelper","pred","pred_inst"
"7cbdabfa3d3947deb4ea",2,50,"p.sortedSegHelper.6.pred.pred_inst.75",208,19547483,"gradual",1517039,"sortedSegHelper","pred","pred_inst"
"7cbdabfa3d3947deb4ea",2,50,"p.sortedSegHelper.6.pred.pred_inst.75",224,22487184,"gradual",1766691,"sortedSegHelper","pred","pred_inst"
"7cbdabfa3d3947deb4ea",2,50,"p.sortedSegHelper.6.pred.pred_inst.75",240,25644859,"gradual",2243509,"sortedSegHelper","pred","pred_inst"
"7cbdabfa3d3947deb4ea",2,50,"p.sortedSegHelper.6.pred.pred_inst.75",256,29046423,"gradual",2687552,"sortedSegHelper","pred","pred_inst"
"5efccb17ea596c55f7db",5,50,"m.list_insert.4.unfold.pred_inst.49",112,203820456,"gradual",1851009,"list_insert","unfold","pred_inst"
"5efccb17ea596c55f7db",5,50,"m.list_insert.4.unfold.pred_inst.49",160,580331077,"gradual",4311288,"list_insert","unfold","pred_inst"
"5efccb17ea596c55f7db",5,50,"m.list_insert.4.unfold.pred_inst.49",192,987727660,"gradual",3713848,"list_insert","unfold","pred_inst"
"5efccb17ea596c55f7db",5,50,"m.list_insert.4.unfold.pred_inst.49",224,1563682944,"gradual",12952428,"list_insert","unfold","pred_inst"
"5efccb17ea596c55f7db",5,50,"m.list_insert.4.unfold.pred_inst.49",240,1917851174,"gradual",8167017,"list_insert","unfold","pred_inst"
"5efccb17ea596c55f7db",5,50,"m.list_insert.4.unfold.pred_inst.49",256,2321979559,"gradual",16832134,"list_insert","unfold","pred_inst"
"5efccb17ea59ec55f7db",5,51,"m.list_insert.3.fold.pred_inst.47",160,584199959,"gradual",3868882,"list_insert","fold","pred_inst"
"7cfdabfa3d3967deb4ea",2,52,"m.appendLemmaAfterLoopBody.1.pre.pred_inst.8",240,27194402,"gradual",1211801,"appendLemmaAfterLoopBody","pre","pred_inst"
"7cfdabfa3d3967deb4ea",2,52,"m.appendLemmaAfterLoopBody.1.pre.pred_inst.8",256,29994500,"gradual",825029,"appendLemmaAfterLoopBody","pre","pred_inst"
"5efccb17ea59ed55f7db",5,52,"m.list_insert.5.inv.acc.54",144,428082725,"gradual",6200081,"list_insert","inv","acc"
"5efccb17ea59ed55f7db",5,52,"m.list_insert.5.inv.acc.54",192,982064319,"gradual",2631650,"list_insert","inv","acc"
"5efccb17ea59ed55f7db",5,52,"m.list_insert.5.inv.acc.54",208,1249987489,"gradual",5168107,"list_insert","inv","acc"
"5efccb17ea59ed55f7db",5,52,"m.list_insert.5.inv.acc.54",240,1913536300,"gradual",12811522,"list_insert","inv","acc"
"5efccb17ea59ed55f7db",5,52,"m.list_insert.5.inv.acc.54",256,2325508314,"gradual",13971339,"list_insert","inv","acc"
"45af7d97a2cd9fbeef6b",6,52,"p.sortedSegHelper.6.pred.acc.78",192,17235129,"gradual",826490,"sortedSegHelper","pred","acc"
"45af7d97a2cd9fbeef6b",6,52,"p.sortedSegHelper.6.pred.acc.78",208,20090584,"gradual",1017900,"sortedSegHelper","pred","acc"
"45af7d97a2cd9fbeef6b",6,52,"p.sortedSegHelper.6.pred.acc.78",224,23158860,"gradual",1169693,"sortedSegHelper","pred","acc"
"45af7d97a2cd9fbeef6b",6,52,"p.sortedSegHelper.6.pred.acc.78",240,26307483,"gradual",1033818,"sortedSegHelper","pred","acc"
"45af7d97a2cd9fbeef6b",6,52,"p.sortedSegHelper.6.pred.acc.78",256,29735930,"gradual",1555839,"sortedSegHelper","pred","acc"
"4dfbb69c36ffa31dfee7",0,53,"m.list_insert.3.fold.pred_inst.47",256,27164634,"gradual",983883,"list_insert","fold","pred_inst"
"5efccb17ea5ded55f7db",5,53,"m.list_insert.4.unfold.pred_inst.44",96,129396774,"gradual",1368405,"list_insert","unfold","pred_inst"
"5efccb17ea5ded55f7db",5,53,"m.list_insert.4.unfold.pred_inst.44",176,763820647,"gradual",2228492,"list_insert","unfold","pred_inst"
"5efccb17ea5ded55f7db",5,53,"m.list_insert.4.unfold.pred_inst.44",192,987695076,"gradual",5630757,"list_insert","unfold","pred_inst"
"5efccb17ea5ded55f7db",5,53,"m.list_insert.4.unfold.pred_inst.44",208,1252584403,"gradual",2596914,"list_insert","unfold","pred_inst"
"4dfbb69cb6ffa31dfee7",0,54,"m.appendLemmaLoopBody.2.post.acc.31",160,17526108,"gradual",5650536,"appendLemmaLoopBody","post","acc"
"7b7afe5cdf675bdbcd9a",1,54,"m.list_insert.3.fold.pred_inst.61",208,20430494,"gradual",764413,"list_insert","fold","pred_inst"
"7b7afe5cdf675bdbcd9a",1,54,"m.list_insert.3.fold.pred_inst.61",224,23612623,"gradual",901809,"list_insert","fold","pred_inst"
"7b7afe5cdf675bdbcd9a",1,54,"m.list_insert.3.fold.pred_inst.61",240,26680084,"gradual",861255,"list_insert","fold","pred_inst"
"7b7afe5cdf675bdbcd9a",1,54,"m.list_insert.3.fold.pred_inst.61",256,29977063,"gradual",849123,"list_insert","fold","pred_inst"
"38327fc0bfbcbfff7e6f",3,54,"m.appendLemmaAfterLoopBody.2.post.acc.10",256,26897869,"gradual",754085,"appendLemmaAfterLoopBody","post","acc"
"5efccb17ea5ded5df7db",5,54,"m.list_insert.4.unfold.pred_inst.59",96,130131562,"gradual",734788,"list_insert","unfold","pred_inst"
"5efccb17ea5ded5df7db",5,54,"m.list_insert.4.unfold.pred_inst.59",112,205617108,"gradual",3400768,"list_insert","unfold","pred_inst"
"5efccb17ea5ded5df7db",5,54,"m.list_insert.4.unfold.pred_inst.59",128,300483836,"gradual",1841619,"list_insert","unfold","pred_inst"
"5efccb17ea5ded5df7db",5,54,"m.list_insert.4.unfold.pred_inst.59",144,421643557,"gradual",1614424,"list_insert","unfold","pred_inst"
"5efccb17ea5ded5df7db",5,54,"m.list_insert.4.unfold.pred_inst.59",160,577967117,"gradual",1019192,"list_insert","unfold","pred_inst"
"5efccb17ea5ded5df7db",5,54,"m.list_insert.4.unfold.pred_inst.59",192,995250239,"gradual",7555163,"list_insert","unfold","pred_inst"
"5efccb17ea5ded5df7db",5,54,"m.list_insert.4.unfold.pred_inst.59",224,1551921555,"gradual",2071556,"list_insert","unfold","pred_inst"
"5efccb17ea5ded5df7db",5,54,"m.list_insert.4.unfold.pred_inst.59",256,2308508452,"gradual",10555456,"list_insert","unfold","pred_inst"
"5efccb57ea5ded5df7db",5,55,"m.appendLemmaLoopBody.1.pre.acc.24",96,131207499,"gradual",1075937,"appendLemmaLoopBody","pre","acc"
"5efccb57ea5ded5df7db",5,55,"m.appendLemmaLoopBody.1.pre.acc.24",160,580852584,"gradual",2885467,"appendLemmaLoopBody","pre","acc"
"5efccb57ea5ded5df7db",5,55,"m.appendLemmaLoopBody.1.pre.acc.24",176,774909342,"gradual",11280395,"appendLemmaLoopBody","pre","acc"
"5efccb57ea5ded5df7db",5,55,"m.appendLemmaLoopBody.1.pre.acc.24",208,1250206194,"gradual",5579645,"appendLemmaLoopBody","pre","acc"
"5efccb57ea5ded5df7db",5,55,"m.appendLemmaLoopBody.1.pre.acc.24",224,1564467298,"gradual",12545743,"appendLemmaLoopBody","pre","acc"
"5efccb57ea5ded5df7db",5,55,"m.appendLemmaLoopBody.1.pre.acc.24",240,1898811060,"gradual",1844849,"appendLemmaLoopBody","pre","acc"
"5efccb57ea5ded5df7db",5,55,"m.appendLemmaLoopBody.1.pre.acc.24",256,2326420044,"gradual",17911592,"appendLemmaLoopBody","pre","acc"
"5efccb57ea5ded7df7db",5,56,"m.list_insert.5.inv.acc.57",112,204218514,"gradual",1324642,"list_insert","inv","acc"
"5efccb57ea5ded7df7db",5,56,"m.list_insert.5.inv.acc.57",128,303331004,"gradual",3661207,"list_insert","inv","acc"
"5efccb57ea5ded7df7db",5,56,"m.list_insert.5.inv.acc.57",144,424183346,"gradual",5591360,"list_insert","inv","acc"
"5efccb57ea5ded7df7db",5,56,"m.list_insert.5.inv.acc.57",192,991148551,"gradual",10915541,"list_insert","inv","acc"
"5efccb57ea5ded7df7db",5,56,"m.list_insert.5.inv.acc.57",240,1915258463,"gradual",16447403,"list_insert","inv","acc"
"5efccf57ea5ded7df7db",5,57,"m.appendLemmaLoopBody.1.pre.acc.20",208,1254524274,"gradual",13994800,"appendLemmaLoopBody","pre","acc"
"5efccf57ea5ded7df7db",5,57,"m.appendLemmaLoopBody.1.pre.acc.20",224,1561815109,"gradual",3832296,"appendLemmaLoopBody","pre","acc"
"5dfbb69fb6ffb31dfee7",0,58,"m.appendLemmaLoopBody.2.post.default.30",256,27755103,"gradual",881892,"appendLemmaLoopBody","post","default"
"5efccf57ea5fed7df7db",5,58,"m.list_insert.4.unfold.pred_inst.45",160,576018392,"gradual",3311314,"list_insert","unfold","pred_inst"
"5efccf57ea5fed7df7db",5,58,"m.list_insert.4.unfold.pred_inst.45",256,2321307701,"gradual",22306985,"list_insert","unfold","pred_inst"
"45bf7d9fa7ed9fbeefeb",6,58,"p.sortedSeg.6.pred.pred_inst.71",16,1942767,"gradual",872181,"sortedSeg","pred","pred_inst"
"45bf7d9fa7ed9fbeefeb",6,58,"p.sortedSeg.6.pred.pred_inst.71",32,6885617,"gradual",5382919,"sortedSeg","pred","pred_inst"
"45bf7d9fa7ed9fbeefeb",6,58,"p.sortedSeg.6.pred.pred_inst.71",48,18886570,"gradual",16686125,"sortedSeg","pred","pred_inst"
"45bf7d9fa7ed9fbeefeb",6,58,"p.sortedSeg.6.pred.pred_inst.71",64,40687782,"gradual",37603979,"sortedSeg","pred","pred_inst"
"45bf7d9fa7ed9fbeefeb",6,58,"p.sortedSeg.6.pred.pred_inst.71",80,75983226,"gradual",71819704,"sortedSeg","pred","pred_inst"
"45bf7d9fa7ed9fbeefeb",6,58,"p.sortedSeg.6.pred.pred_inst.71",96,130821819,"gradual",125437246,"sortedSeg","pred","pred_inst"
"45bf7d9fa7ed9fbeefeb",6,58,"p.sortedSeg.6.pred.pred_inst.71",112,201175620,"gradual",194358336,"sortedSeg","pred","pred_inst"
"45bf7d9fa7ed9fbeefeb",6,58,"p.sortedSeg.6.pred.pred_inst.71",128,298827471,"gradual",290193183,"sortedSeg","pred","pred_inst"
"45bf7d9fa7ed9fbeefeb",6,58,"p.sortedSeg.6.pred.pred_inst.71",144,421334432,"gradual",410969402,"sortedSeg","pred","pred_inst"
"45bf7d9fa7ed9fbeefeb",6,58,"p.sortedSeg.6.pred.pred_inst.71",160,576499176,"gradual",564029833,"sortedSeg","pred","pred_inst"
"45bf7d9fa7ed9fbeefeb",6,58,"p.sortedSeg.6.pred.pred_inst.71",176,759469455,"gradual",744765714,"sortedSeg","pred","pred_inst"
"45bf7d9fa7ed9fbeefeb",6,58,"p.sortedSeg.6.pred.pred_inst.71",192,985942236,"gradual",968841272,"sortedSeg","pred","pred_inst"
"45bf7d9fa7ed9fbeefeb",6,58,"p.sortedSeg.6.pred.pred_inst.71",208,1248400124,"gradual",1228560195,"sortedSeg","pred","pred_inst"
"45bf7d9fa7ed9fbeefeb",6,58,"p.sortedSeg.6.pred.pred_inst.71",224,1555546346,"gradual",1532503484,"sortedSeg","pred","pred_inst"
"45bf7d9fa7ed9fbeefeb",6,58,"p.sortedSeg.6.pred.pred_inst.71",240,1913101528,"gradual",1886935817,"sortedSeg","pred","pred_inst"
"45bf7d9fa7ed9fbeefeb",6,58,"p.sortedSeg.6.pred.pred_inst.71",256,2294236036,"gradual",2264816587,"sortedSeg","pred","pred_inst"
"7bfafa18ff399fff7f37",7,58,"m.appendLemmaLoopBody.1.pre.default.18",256,27162027,"gradual",743667,"appendLemmaLoopBody","pre","default"
"45bf7d9fa7ed9fbeeffb",6,59,"p.sortedSegHelper.6.pred.default.74",80,76812597,"gradual",829371,"sortedSegHelper","pred","default"
"45bf7d9fa7ed9fbeeffb",6,59,"p.sortedSegHelper.6.pred.default.74",128,301031670,"gradual",2204199,"sortedSegHelper","pred","default"
"45bf7d9fa7ed9fbeeffb",6,59,"p.sortedSegHelper.6.pred.default.74",144,422664266,"gradual",1329834,"sortedSegHelper","pred","default"
"45bf7d9fa7ed9fbeeffb",6,59,"p.sortedSegHelper.6.pred.default.74",176,765139907,"gradual",5670452,"sortedSegHelper","pred","default"
"45bf7d9fa7ed9fbeeffb",6,59,"p.sortedSegHelper.6.pred.default.74",208,1253026779,"gradual",4626655,"sortedSegHelper","pred","default"
"45bf7d9fa7ed9fbeeffb",6,59,"p.sortedSegHelper.6.pred.default.74",224,1568039618,"gradual",12493272,"sortedSegHelper","pred","default"
"45bf7d9fa7ed9fbeeffb",6,59,"p.sortedSegHelper.6.pred.default.74",256,2306584346,"gradual",12348310,"sortedSegHelper","pred","default"
"45bf7d9fa7ed9fbeefff",6,60,"p.sortedSegHelper.6.pred.default.76",192,989205618,"gradual",4359186,"sortedSegHelper","pred","default"
"45bf7d9fa7ed9ffeefff",6,61,"m.list_insert.5.inv.pred_inst.56",80,77531295,"gradual",1018554,"list_insert","inv","pred_inst"
"45bf7d9fa7ed9ffeefff",6,61,"m.list_insert.5.inv.pred_inst.56",112,204048446,"gradual",3438520,"list_insert","inv","pred_inst"
"45bf7d9fa7ed9ffeefff",6,61,"m.list_insert.5.inv.pred_inst.56",128,306179903,"gradual",6849973,"list_insert","inv","pred_inst"
"45bf7d9fa7ed9ffeefff",6,61,"m.list_insert.5.inv.pred_inst.56",144,427612567,"gradual",8406897,"list_insert","inv","pred_inst"
"45bf7d9fa7ed9ffeefff",6,61,"m.list_insert.5.inv.pred_inst.56",160,580109780,"gradual",10655369,"list_insert","inv","pred_inst"
"45bf7d9fa7ed9ffeefff",6,61,"m.list_insert.5.inv.pred_inst.56",176,771788532,"gradual",7210234,"list_insert","inv","pred_inst"
"45bf7d9fa7ed9ffeefff",6,61,"m.list_insert.5.inv.pred_inst.56",192,1001828364,"gradual",12622746,"list_insert","inv","pred_inst"
"45bf7d9fa7ed9ffeefff",6,61,"m.list_insert.5.inv.pred_inst.56",224,1553950399,"gradual",7868241,"list_insert","inv","pred_inst"
"45bf7d9fa7ed9ffeefff",6,61,"m.list_insert.5.inv.pred_inst.56",240,1924507634,"gradual",37044467,"list_insert","inv","pred_inst"
"45bf7d9fa7ed9ffeefff",6,61,"m.list_insert.5.inv.pred_inst.56",256,2334819319,"gradual",27928324,"list_insert","inv","pred_inst"
"7bfafa18ff7b9fff7f3f",7,61,"p.sortedSegHelper.6.pred.pred_inst.75",128,8489216,"gradual",781613,"sortedSegHelper","pred","pred_inst"
"7bfafa18ff7b9fff7f3f",7,61,"p.sortedSegHelper.6.pred.pred_inst.75",144,10379329,"gradual",1044399,"sortedSegHelper","pred","pred_inst"
"7bfafa18ff7b9fff7f3f",7,61,"p.sortedSegHelper.6.pred.pred_inst.75",160,12487070,"gradual",1323801,"sortedSegHelper","pred","pred_inst"
"7bfafa18ff7b9fff7f3f",7,61,"p.sortedSegHelper.6.pred.pred_inst.75",176,14442184,"gradual",1304553,"sortedSegHelper","pred","pred_inst"
"7bfafa18ff7b9fff7f3f",7,61,"p.sortedSegHelper.6.pred.pred_inst.75",192,16867335,"gradual",1515188,"sortedSegHelper","pred","pred_inst"
"7bfafa18ff7b9fff7f3f",7,61,"p.sortedSegHelper.6.pred.pred_inst.75",208,19615148,"gradual",1657996,"sortedSegHelper","pred","pred_inst"
"7bfafa18ff7b9fff7f3f",7,61,"p.sortedSegHelper.6.pred.pred_inst.75",224,23197073,"gradual",2484554,"sortedSegHelper","pred","pred_inst"
"7bfafa18ff7b9fff7f3f",7,61,"p.sortedSegHelper.6.pred.pred_inst.75",240,25952689,"gradual",2590171,"sortedSegHelper","pred","pred_inst"
"7bfafa18ff7b9fff7f3f",7,61,"p.sortedSegHelper.6.pred.pred_inst.75",256,29117159,"gradual",2129940,"sortedSegHelper","pred","pred_inst"
"7effebfebdbbe7dff4ea",2,62,"m.list_insert.3.fold.pred_inst.47",160,12634339,"gradual",862346,"list_insert","fold","pred_inst"
"7effebfebdbbe7dff4ea",2,62,"m.list_insert.3.fold.pred_inst.47",176,14842008,"gradual",1002901,"list_insert","fold","pred_inst"
"7effebfebdbbe7dff4ea",2,62,"m.list_insert.3.fold.pred_inst.47",192,17325937,"gradual",1225333,"list_insert","fold","pred_inst"
"7effebfebdbbe7dff4ea",2,62,"m.list_insert.3.fold.pred_inst.47",208,19836614,"gradual",1267442,"list_insert","fold","pred_inst"
"7effebfebdbbe7dff4ea",2,62,"m.list_insert.3.fold.pred_inst.47",224,22578228,"gradual",1578093,"list_insert","fold","pred_inst"
"7effebfebdbbe7dff4ea",2,62,"m.list_insert.3.fold.pred_inst.47",240,25726472,"gradual",2031705,"list_insert","fold","pred_inst"
"7effebfebdbbe7dff4ea",2,62,"m.list_insert.3.fold.pred_inst.47",256,29119897,"gradual",2423509,"list_insert","fold","pred_inst"
"78f37fc2bfbdffff7f6f",3,62,"m.list_insert.3.fold.pred_inst.46",144,10295793,"gradual",904959,"list_insert","fold","pred_inst"
"78f37fc2bfbdffff7f6f",3,62,"m.list_insert.3.fold.pred_inst.46",160,12335109,"gradual",1089548,"list_insert","fold","pred_inst"
"78f37fc2bfbdffff7f6f",3,62,"m.list_insert.3.fold.pred_inst.46",176,14676331,"gradual",1360027,"list_insert","fold","pred_inst"
"78f37fc2bfbdffff7f6f",3,62,"m.list_insert.3.fold.pred_inst.46",192,17062964,"gradual",1604062,"list_insert","fold","pred_inst"
"78f37fc2bfbdffff7f6f",3,62,"m.list_insert.3.fold.pred_inst.46",208,19640972,"gradual",1678298,"list_insert","fold","pred_inst"
"78f37fc2bfbdffff7f6f",3,62,"m.list_insert.3.fold.pred_inst.46",224,22642150,"gradual",1933001,"list_insert","fold","pred_inst"
"78f37fc2bfbdffff7f6f",3,62,"m.list_insert.3.fold.pred_inst.46",240,25940265,"gradual",2441793,"list_insert","fold","pred_inst"
"78f37fc2bfbdffff7f6f",3,62,"m.list_insert.3.fold.pred_inst.46",256,29408418,"gradual",2822497,"list_insert","fold","pred_inst"
"47bf7d9fa7ed9ffeefff",6,62,"m.appendLemmaAfterLoopBody.1.pre.acc.5",96,130433935,"gradual",1824279,"appendLemmaAfterLoopBody","pre","acc"
"47bf7d9fa7ed9ffeefff",6,62,"m.appendLemmaAfterLoopBody.1.pre.acc.5",160,582162127,"gradual",2052347,"appendLemmaAfterLoopBody","pre","acc"
"47bf7d9fa7ed9ffeefff",6,62,"m.appendLemmaAfterLoopBody.1.pre.acc.5",208,1258352219,"gradual",9010628,"appendLemmaAfterLoopBody","pre","acc"
"47bf7d9fa7ed9ffeefff",6,62,"m.appendLemmaAfterLoopBody.1.pre.acc.5",224,1569458278,"gradual",15507879,"appendLemmaAfterLoopBody","pre","acc"
"7bfafa1aff7b9fff7f3f",7,62,"m.appendLemmaLoopBody.2.post.default.29",256,30115067,"gradual",997908,"appendLemmaLoopBody","post","default"
"7effebfebdbbe7dff4eb",2,63,"p.sortedSegHelper.6.pred.acc.78",192,18104835,"gradual",778898,"sortedSegHelper","pred","acc"
"7effebfebdbbe7dff4eb",2,63,"p.sortedSegHelper.6.pred.acc.78",208,20654932,"gradual",818318,"sortedSegHelper","pred","acc"
"7effebfebdbbe7dff4eb",2,63,"p.sortedSegHelper.6.pred.acc.78",224,23867669,"gradual",1289441,"sortedSegHelper","pred","acc"
"7effebfebdbbe7dff4eb",2,63,"p.sortedSegHelper.6.pred.acc.78",256,30017359,"gradual",897462,"sortedSegHelper","pred","acc"
"78f37fc2bfbdffff7fef",3,63,"p.sortedSeg.6.pred.pred_inst.71",128,9212315,"gradual",878739,"sortedSeg","pred","pred_inst"
"78f37fc2bfbdffff7fef",3,63,"p.sortedSeg.6.pred.pred_inst.71",144,11260790,"gradual",964997,"sortedSeg","pred","pred_inst"
"78f37fc2bfbdffff7fef",3,63,"p.sortedSeg.6.pred.pred_inst.71",160,13636809,"gradual",1301700,"sortedSeg","pred","pred_inst"
"78f37fc2bfbdffff7fef",3,63,"p.sortedSeg.6.pred.pred_inst.71",176,16162258,"gradual",1485927,"sortedSeg","pred","pred_inst"
"78f37fc2bfbdffff7fef",3,63,"p.sortedSeg.6.pred.pred_inst.71",192,18699101,"gradual",1636137,"sortedSeg","pred","pred_inst"
"78f37fc2bfbdffff7fef",3,63,"p.sortedSeg.6.pred.pred_inst.71",208,21418029,"gradual",1777057,"sortedSeg","pred","pred_inst"
"78f37fc2bfbdffff7fef",3,63,"p.sortedSeg.6.pred.pred_inst.71",224,24797925,"gradual",2155775,"sortedSeg","pred","pred_inst"
"78f37fc2bfbdffff7fef",3,63,"p.sortedSeg.6.pred.pred_inst.71",240,28455536,"gradual",2515271,"sortedSeg","pred","pred_inst"
"78f37fc2bfbdffff7fef",3,63,"p.sortedSeg.6.pred.pred_inst.71",256,32092024,"gradual",2683606,"sortedSeg","pred","pred_inst"
"47bf7d9fa7ed9ffeffff",6,63,"m.list_insert.3.fold.pred_inst.66",176,765122888,"gradual",1356698,"list_insert","fold","pred_inst"
"7bfafa1aff7b9fff7fbf",7,63,"p.sortedSeg.6.pred.pred_inst.71",16,1881719,"gradual",812445,"sortedSeg","pred","pred_inst"
"7bfafa1aff7b9fff7fbf",7,63,"p.sortedSeg.6.pred.pred_inst.71",32,6905976,"gradual",5363046,"sortedSeg","pred","pred_inst"
"7bfafa1aff7b9fff7fbf",7,63,"p.sortedSeg.6.pred.pred_inst.71",48,18679546,"gradual",16489100,"sortedSeg","pred","pred_inst"
"7bfafa1aff7b9fff7fbf",7,63,"p.sortedSeg.6.pred.pred_inst.71",64,41146111,"gradual",37990596,"sortedSeg","pred","pred_inst"
"7bfafa1aff7b9fff7fbf",7,63,"p.sortedSeg.6.pred.pred_inst.71",80,76801232,"gradual",72756211,"sortedSeg","pred","pred_inst"
"7bfafa1aff7b9fff7fbf",7,63,"p.sortedSeg.6.pred.pred_inst.71",96,130425482,"gradual",125053783,"sortedSeg","pred","pred_inst"
"7bfafa1aff7b9fff7fbf",7,63,"p.sortedSeg.6.pred.pred_inst.71",112,203717601,"gradual",196865262,"sortedSeg","pred","pred_inst"
"7bfafa1aff7b9fff7fbf",7,63,"p.sortedSeg.6.pred.pred_inst.71",128,299761468,"gradual",291291293,"sortedSeg","pred","pred_inst"
"7bfafa1aff7b9fff7fbf",7,63,"p.sortedSeg.6.pred.pred_inst.71",144,424640828,"gradual",414292973,"sortedSeg","pred","pred_inst"
"7bfafa1aff7b9fff7fbf",7,63,"p.sortedSeg.6.pred.pred_inst.71",160,579513308,"gradual",567139998,"sortedSeg","pred","pred_inst"
"7bfafa1aff7b9fff7fbf",7,63,"p.sortedSeg.6.pred.pred_inst.71",176,762395828,"gradual",747838458,"sortedSeg","pred","pred_inst"
"7bfafa1aff7b9fff7fbf",7,63,"p.sortedSeg.6.pred.pred_inst.71",192,991138634,"gradual",974156631,"sortedSeg","pred","pred_inst"
"7bfafa1aff7b9fff7fbf",7,63,"p.sortedSeg.6.pred.pred_inst.71",208,1251341917,"gradual",1231588133,"sortedSeg","pred","pred_inst"
"7bfafa1aff7b9fff7fbf",7,63,"p.sortedSeg.6.pred.pred_inst.71",224,1560957957,"gradual",1538066675,"sortedSeg","pred","pred_inst"
"7bfafa1aff7b9fff7fbf",7,63,"p.sortedSeg.6.pred.pred_inst.71",240,1906750040,"gradual",1880879565,"sortedSeg","pred","pred_inst"
"7bfafa1aff7b9fff7fbf",7,63,"p.sortedSeg.6.pred.pred_inst.71",256,2319358151,"gradual",2289243084,"sortedSeg","pred","pred_inst"
"7effebfebdbbe7dff5eb",2,64,"p.sorted.6.pred.pred_inst.70",16,2788363,"gradual",1489980,"sorted","pred","pred_inst"
"7effebfebdbbe7dff5eb",2,64,"p.sorted.6.pred.pred_inst.70",32,11311389,"gradual",9447848,"sorted","pred","pred_inst"
"7effebfebdbbe7dff5eb",2,64,"p.sorted.6.pred.pred_inst.70",48,34103866,"gradual",31672796,"sorted","pred","pred_inst"
"7effebfebdbbe7dff5eb",2,64,"p.sorted.6.pred.pred_inst.70",64,75896681,"gradual",72567877,"sorted","pred","pred_inst"
"7effebfebdbbe7dff5eb",2,64,"p.sorted.6.pred.pred_inst.70",80,144296744,"gradual",139833180,"sorted","pred","pred_inst"
"7effebfebdbbe7dff5eb",2,64,"p.sorted.6.pred.pred_inst.70",96,246002947,"gradual",240244026,"sorted","pred","pred_inst"
"7effebfebdbbe7dff5eb",2,64,"p.sorted.6.pred.pred_inst.70",112,395311943,"gradual",388111456,"sorted","pred","pred_inst"
"7effebfebdbbe7dff5eb",2,64,"p.sorted.6.pred.pred_inst.70",128,583884589,"gradual",575047874,"sorted","pred","pred_inst"
"7effebfebdbbe7dff5eb",2,64,"p.sorted.6.pred.pred_inst.70",144,826424396,"gradual",815663567,"sorted","pred","pred_inst"
"7effebfebdbbe7dff5eb",2,64,"p.sorted.6.pred.pred_inst.70",160,1128670175,"gradual",1115711556,"sorted","pred","pred_inst"
"7effebfebdbbe7dff5eb",2,64,"p.sorted.6.pred.pred_inst.70",176,1504010549,"gradual",1488731969,"sorted","pred","pred_inst"
"7effebfebdbbe7dff5eb",2,64,"p.sorted.6.pred.pred_inst.70",192,1960354273,"gradual",1942249438,"sorted","pred","pred_inst"
"7effebfebdbbe7dff5eb",2,64,"p.sorted.6.pred.pred_inst.70",208,2476207867,"gradual",2455552935,"sorted","pred","pred_inst"
"7effebfebdbbe7dff5eb",2,64,"p.sorted.6.pred.pred_inst.70",224,3098060902,"gradual",3074193233,"sorted","pred","pred_inst"
"7effebfebdbbe7dff5eb",2,64,"p.sorted.6.pred.pred_inst.70",240,3845717981,"gradual",3819344455,"sorted","pred","pred_inst"
"7effebfebdbbe7dff5eb",2,64,"p.sorted.6.pred.pred_inst.70",256,4596202306,"gradual",4566184947,"sorted","pred","pred_inst"
"4fbf7d9fa7ed9ffeffff",6,64,"m.appendLemmaAfterLoopBody.1.pre.acc.3",64,41897955,"gradual",1021273,"appendLemmaAfterLoopBody","pre","acc"
"4fbf7d9fa7ed9ffeffff",6,64,"m.appendLemmaAfterLoopBody.1.pre.acc.3",144,425834741,"gradual",5027415,"appendLemmaAfterLoopBody","pre","acc"
"4fbf7d9fa7ed9ffeffff",6,64,"m.appendLemmaAfterLoopBody.1.pre.acc.3",208,1255468301,"gradual",2711779,"appendLemmaAfterLoopBody","pre","acc"
"4fbf7d9fa7ed9ffeffff",6,64,"m.appendLemmaAfterLoopBody.1.pre.acc.3",224,1556834388,"gradual",4419824,"appendLemmaAfterLoopBody","pre","acc"
"4fbf7d9fa7ed9ffeffff",6,64,"m.appendLemmaAfterLoopBody.1.pre.acc.3",240,1909897839,"gradual",931470,"appendLemmaAfterLoopBody","pre","acc"
"7bfbfa1aff7b9fff7fbf",7,64,"m.appendLemmaAfterLoopBody.3.fold.pred_inst.14",128,304758723,"gradual",4997255,"appendLemmaAfterLoopBody","fold","pred_inst"
"7bfbfa1aff7b9fff7fbf",7,64,"m.appendLemmaAfterLoopBody.3.fold.pred_inst.14",144,431963423,"gradual",7322595,"appendLemmaAfterLoopBody","fold","pred_inst"
"7bfbfa1aff7b9fff7fbf",7,64,"m.appendLemmaAfterLoopBody.3.fold.pred_inst.14",192,996103664,"gradual",4965030,"appendLemmaAfterLoopBody","fold","pred_inst"
"7bfbfa1aff7b9fff7fbf",7,64,"m.appendLemmaAfterLoopBody.3.fold.pred_inst.14",208,1252571591,"gradual",1229674,"appendLemmaAfterLoopBody","fold","pred_inst"
"7bfbfa1aff7b9fff7fbf",7,64,"m.appendLemmaAfterLoopBody.3.fold.pred_inst.14",240,1908276844,"gradual",1526804,"appendLemmaAfterLoopBody","fold","pred_inst"
"7bfbfa1aff7b9fff7fbf",7,64,"m.appendLemmaAfterLoopBody.3.fold.pred_inst.14",256,2326576408,"gradual",7218257,"appendLemmaAfterLoopBody","fold","pred_inst"
"7efffbfebdbbe7dff5eb",2,65,"m.appendLemmaLoopBody.1.pre.default.18",144,829743669,"gradual",3319273,"appendLemmaLoopBody","pre","default"
"7efffbfebdbbe7dff5eb",2,65,"m.appendLemmaLoopBody.1.pre.default.18",160,1146428736,"gradual",17758561,"appendLemmaLoopBody","pre","default"
"7efffbfebdbbe7dff5eb",2,65,"m.appendLemmaLoopBody.1.pre.default.18",208,2495703324,"gradual",19495457,"appendLemmaLoopBody","pre","default"
"7efffbfebdbbe7dff5eb",2,65,"m.appendLemmaLoopBody.1.pre.default.18",256,4609301612,"gradual",13099306,"appendLemmaLoopBody","pre","default"
"4fbf7f9fa7ed9ffeffff",6,65,"m.appendLemmaLoopBody.1.pre.pred_inst.21",80,77557680,"gradual",840709,"appendLemmaLoopBody","pre","pred_inst"
"4fbf7f9fa7ed9ffeffff",6,65,"m.appendLemmaLoopBody.1.pre.pred_inst.21",96,129849105,"gradual",1084614,"appendLemmaLoopBody","pre","pred_inst"
"4fbf7f9fa7ed9ffeffff",6,65,"m.appendLemmaLoopBody.1.pre.pred_inst.21",128,300434597,"gradual",1719641,"appendLemmaLoopBody","pre","pred_inst"
"4fbf7f9fa7ed9ffeffff",6,65,"m.appendLemmaLoopBody.1.pre.pred_inst.21",176,760156421,"gradual",3068579,"appendLemmaLoopBody","pre","pred_inst"
"4fbf7f9fa7ed9ffeffff",6,65,"m.appendLemmaLoopBody.1.pre.pred_inst.21",192,992046527,"gradual",5865442,"appendLemmaLoopBody","pre","pred_inst"
"4fbf7f9fa7ed9ffeffff",6,65,"m.appendLemmaLoopBody.1.pre.pred_inst.21",224,1560597586,"gradual",3763198,"appendLemmaLoopBody","pre","pred_inst"
"4fbf7f9fa7ed9ffeffff",6,65,"m.appendLemmaLoopBody.1.pre.pred_inst.21",256,2320673768,"gradual",20312071,"appendLemmaLoopBody","pre","pred_inst"
"7bfbfa5aff7b9fff7fbf",7,65,"m.appendLemmaLoopBody.1.pre.acc.24",64,42105796,"gradual",1016905,"appendLemmaLoopBody","pre","acc"
"7bfbfa5aff7b9fff7fbf",7,65,"m.appendLemmaLoopBody.1.pre.acc.24",96,131260161,"gradual",1343795,"appendLemmaLoopBody","pre","acc"
"7bfbfa5aff7b9fff7fbf",7,65,"m.appendLemmaLoopBody.1.pre.acc.24",208,1258407696,"gradual",5836105,"appendLemmaLoopBody","pre","acc"
"7bfbfa5aff7b9fff7fbf",7,65,"m.appendLemmaLoopBody.1.pre.acc.24",240,1912296220,"gradual",4019376,"appendLemmaLoopBody","pre","acc"
"5dfbf7ffb6fff3ddfeef",0,66,"p.sortedSegHelper.6.pred.pred_inst.75",128,8965284,"gradual",822269,"sortedSegHelper","pred","pred_inst"
"5dfbf7ffb6fff3ddfeef",0,66,"p.sortedSegHelper.6.pred.pred_inst.75",144,10932064,"gradual",1068115,"sortedSegHelper","pred","pred_inst"
"5dfbf7ffb6fff3ddfeef",0,66,"p.sortedSegHelper.6.pred.pred_inst.75",160,12798531,"gradual",1043763,"sortedSegHelper","pred","pred_inst"
"5dfbf7ffb6fff3ddfeef",0,66,"p.sortedSegHelper.6.pred.pred_inst.75",176,15079219,"gradual",1229642,"sortedSegHelper","pred","pred_inst"
"5dfbf7ffb6fff3ddfeef",0,66,"p.sortedSegHelper.6.pred.pred_inst.75",192,17427198,"gradual",1216218,"sortedSegHelper","pred","pred_inst"
"5dfbf7ffb6fff3ddfeef",0,66,"p.sortedSegHelper.6.pred.pred_inst.75",208,20254305,"gradual",1580305,"sortedSegHelper","pred","pred_inst"
"5dfbf7ffb6fff3ddfeef",0,66,"p.sortedSegHelper.6.pred.pred_inst.75",224,23192502,"gradual",1976892,"sortedSegHelper","pred","pred_inst"
"5dfbf7ffb6fff3ddfeef",0,66,"p.sortedSegHelper.6.pred.pred_inst.75",240,26435671,"gradual",2337060,"sortedSegHelper","pred","pred_inst"
"5dfbf7ffb6fff3ddfeef",0,66,"p.sortedSegHelper.6.pred.pred_inst.75",256,29505135,"gradual",2381835,"sortedSegHelper","pred","pred_inst"
"7b7afe5ffff7dfdbefdf",1,66,"p.sortedSegHelper.6.pred.acc.78",144,11338234,"gradual",875694,"sortedSegHelper","pred","acc"
"7b7afe5ffff7dfdbefdf",1,66,"p.sortedSegHelper.6.pred.acc.78",160,13604490,"gradual",1161140,"sortedSegHelper","pred","acc"
"7b7afe5ffff7dfdbefdf",1,66,"p.sortedSegHelper.6.pred.acc.78",176,16285906,"gradual",1362678,"sortedSegHelper","pred","acc"
"7b7afe5ffff7dfdbefdf",1,66,"p.sortedSegHelper.6.pred.acc.78",192,18925127,"gradual",1567112,"sortedSegHelper","pred","acc"
"7b7afe5ffff7dfdbefdf",1,66,"p.sortedSegHelper.6.pred.acc.78",208,21859854,"gradual",1702141,"sortedSegHelper","pred","acc"
"7b7afe5ffff7dfdbefdf",1,66,"p.sortedSegHelper.6.pred.acc.78",224,25124397,"gradual",1965136,"sortedSegHelper","pred","acc"
"7b7afe5ffff7dfdbefdf",1,66,"p.sortedSegHelper.6.pred.acc.78",240,28341524,"gradual",2407192,"sortedSegHelper","pred","acc"
"7b7afe5ffff7dfdbefdf",1,66,"p.sortedSegHelper.6.pred.acc.78",256,32038663,"gradual",2445926,"sortedSegHelper","pred","acc"
"7efffbfefdbbe7dff5eb",2,66,"m.appendLemmaLoopBody.2.post.acc.32",112,392038032,"gradual",1225335,"appendLemmaLoopBody","post","acc"
"7efffbfefdbbe7dff5eb",2,66,"m.appendLemmaLoopBody.2.post.acc.32",128,585828877,"gradual",2791292,"appendLemmaLoopBody","post","acc"
"7efffbfefdbbe7dff5eb",2,66,"m.appendLemmaLoopBody.2.post.acc.32",176,1505855621,"gradual",7452338,"appendLemmaLoopBody","post","acc"
"7efffbfefdbbe7dff5eb",2,66,"m.appendLemmaLoopBody.2.post.acc.32",224,3068748967,"gradual",5170200,"appendLemmaLoopBody","post","acc"
"7efffbfefdbbe7dff5eb",2,66,"m.appendLemmaLoopBody.2.post.acc.32",240,3814298473,"gradual",11240591,"appendLemmaLoopBody","post","acc"
"7efffbfefdbbe7dff5eb",2,66,"m.appendLemmaLoopBody.2.post.acc.32",256,4612240283,"gradual",2938671,"appendLemmaLoopBody","post","acc"
"4fbf7fbfa7ed9ffeffff",6,66,"m.appendLemmaLoopBody.1.pre.acc.25",160,583514511,"gradual",8490250,"appendLemmaLoopBody","pre","acc"
"4fbf7fbfa7ed9ffeffff",6,66,"m.appendLemmaLoopBody.1.pre.acc.25",208,1255964333,"gradual",9813116,"appendLemmaLoopBody","pre","acc"
"7bfbfa5aff7bbfff7fbf",7,66,"m.list_insert.4.unfold.pred_inst.49",80,77560593,"gradual",984920,"list_insert","unfold","pred_inst"
"7bfbfa5aff7bbfff7fbf",7,66,"m.list_insert.4.unfold.pred_inst.49",176,765350112,"gradual",2040744,"list_insert","unfold","pred_inst"
"7bfbfa5aff7bbfff7fbf",7,66,"m.list_insert.4.unfold.pred_inst.49",224,1555350246,"gradual",5307672,"list_insert","unfold","pred_inst"
"5dfbf7ffb6fff7ddfeef",0,67,"m.list_insert.5.inv.default.52",256,30243702,"gradual",738567,"list_insert","inv","default"
"7efffbfefdbbf7dff5eb",2,67,"m.list_insert.3.fold.pred_inst.50",32,12222612,"gradual",837162,"list_insert","fold","pred_inst"
"7efffbfefdbbf7dff5eb",2,67,"m.list_insert.3.fold.pred_inst.50",48,34664865,"gradual",781598,"list_insert","fold","pred_inst"
"7efffbfefdbbf7dff5eb",2,67,"m.list_insert.3.fold.pred_inst.50",64,77290610,"gradual",1606597,"list_insert","fold","pred_inst"
"7efffbfefdbbf7dff5eb",2,67,"m.list_insert.3.fold.pred_inst.50",80,145735069,"gradual",1662987,"list_insert","fold","pred_inst"
"7efffbfefdbbf7dff5eb",2,67,"m.list_insert.3.fold.pred_inst.50",96,248628195,"gradual",2107773,"list_insert","fold","pred_inst"
"7efffbfefdbbf7dff5eb",2,67,"m.list_insert.3.fold.pred_inst.50",128,591664959,"gradual",5836082,"list_insert","fold","pred_inst"
"7efffbfefdbbf7dff5eb",2,67,"m.list_insert.3.fold.pred_inst.50",144,834608682,"gradual",6763653,"list_insert","fold","pred_inst"
"7efffbfefdbbf7dff5eb",2,67,"m.list_insert.3.fold.pred_inst.50",160,1140297616,"gradual",16329544,"list_insert","fold","pred_inst"
"7efffbfefdbbf7dff5eb",2,67,"m.list_insert.3.fold.pred_inst.50",176,1515535602,"gradual",9679981,"list_insert","fold","pred_inst"
"7efffbfefdbbf7dff5eb",2,67,"m.list_insert.3.fold.pred_inst.50",192,1968446101,"gradual",11105211,"list_insert","fold","pred_inst"
"7efffbfefdbbf7dff5eb",2,67,"m.list_insert.3.fold.pred_inst.50",208,2499236340,"gradual",30160667,"list_insert","fold","pred_inst"
"7efffbfefdbbf7dff5eb",2,67,"m.list_insert.3.fold.pred_inst.50",224,3119511662,"gradual",50762695,"list_insert","fold","pred_inst"
"7efffbfefdbbf7dff5eb",2,67,"m.list_insert.3.fold.pred_inst.50",240,3819745018,"gradual",5446545,"list_insert","fold","pred_inst"
"7efffbfefdbbf7dff5eb",2,67,"m.list_insert.3.fold.pred_inst.50",256,4645088527,"gradual",32848244,"list_insert","fold","pred_inst"
"5fbf7fbfa7ed9ffeffff",6,67,"m.appendLemmaAfterLoopBody.1.pre.acc.2",64,41721586,"gradual",821602,"appendLemmaAfterLoopBody","pre","acc"
"5fbf7fbfa7ed9ffeffff",6,67,"m.appendLemmaAfterLoopBody.1.pre.acc.2",112,203196341,"gradual",792149,"appendLemmaAfterLoopBody","pre","acc"
"5fbf7fbfa7ed9ffeffff",6,67,"m.appendLemmaAfterLoopBody.1.pre.acc.2",176,768899289,"gradual",8399505,"appendLemmaAfterLoopBody","pre","acc"
"5fbf7fbfa7ed9ffeffff",6,67,"m.appendLemmaAfterLoopBody.1.pre.acc.2",208,1257009939,"gradual",1045606,"appendLemmaAfterLoopBody","pre","acc"
"5fbf7fbfa7ed9ffeffff",6,67,"m.appendLemmaAfterLoopBody.1.pre.acc.2",256,2313879235,"gradual",3509519,"appendLemmaAfterLoopBody","pre","acc"
"7bfbfa5bff7bbfff7fbf",7,67,"m.appendLemmaLoopBody.2.post.default.30",128,301548430,"gradual",3451763,"appendLemmaLoopBody","post","default"
"7bfbfa5bff7bbfff7fbf",7,67,"m.appendLemmaLoopBody.2.post.default.30",144,426961172,"gradual",5971565,"appendLemmaLoopBody","post","default"
"7bfbfa5bff7bbfff7fbf",7,67,"m.appendLemmaLoopBody.2.post.default.30",192,985363656,"gradual",1597575,"appendLemmaLoopBody","post","default"
"7bfbfa5bff7bbfff7fbf",7,67,"m.appendLemmaLoopBody.2.post.default.30",208,1255775371,"gradual",8764888,"appendLemmaLoopBody","post","default"
"7bfbfa5bff7bbfff7fbf",7,67,"m.appendLemmaLoopBody.2.post.default.30",224,1559526561,"gradual",4176315,"appendLemmaLoopBody","post","default"
"7bfbfa5bff7bbfff7fbf",7,67,"m.appendLemmaLoopBody.2.post.default.30",240,1916378562,"gradual",10628407,"appendLemmaLoopBody","post","default"
"7bfbfa5bff7bbfff7fbf",7,67,"m.appendLemmaLoopBody.2.post.default.30",256,2324953338,"gradual",17393322,"appendLemmaLoopBody","post","default"
"7b7bfe5ffff7dfdfefdf",1,68,"m.list_insert.3.fold.pred_inst.60",176,16844815,"gradual",845502,"list_insert","fold","pred_inst"
"7b7bfe5ffff7dfdfefdf",1,68,"m.list_insert.3.fold.pred_inst.60",208,22846409,"gradual",1000266,"list_insert","fold","pred_inst"
"7b7bfe5ffff7dfdfefdf",1,68,"m.list_insert.3.fold.pred_inst.60",240,29701015,"gradual",1464324,"list_insert","fold","pred_inst"
"7b7bfe5ffff7dfdfefdf",1,68,"m.list_insert.3.fold.pred_inst.60",256,33212153,"gradual",877790,"list_insert","fold","pred_inst"
"7efffbfffdbbf7dff5eb",2,68,"m.appendLemmaLoopBody.2.post.default.30",80,147406635,"gradual",1671566,"appendLemmaLoopBody","post","default"
"7efffbfffdbbf7dff5eb",2,68,"m.appendLemmaLoopBody.2.post.default.30",96,249781035,"gradual",1152840,"appendLemmaLoopBody","post","default"
"7efffbfffdbbf7dff5eb",2,68,"m.appendLemmaLoopBody.2.post.default.30",112,392638551,"gradual",959402,"appendLemmaLoopBody","post","default"
"7efffbfffdbbf7dff5eb",2,68,"m.appendLemmaLoopBody.2.post.default.30",160,1160179437,"gradual",19881821,"appendLemmaLoopBody","post","default"
"7efffbfffdbbf7dff5eb",2,68,"m.appendLemmaLoopBody.2.post.default.30",224,3135856000,"gradual",16344338,"appendLemmaLoopBody","post","default"
"7efffbfffdbbf7dff5eb",2,68,"m.appendLemmaLoopBody.2.post.default.30",240,3838759657,"gradual",19014639,"appendLemmaLoopBody","post","default"
"7efffbfffdbbf7dff5eb",2,68,"m.appendLemmaLoopBody.2.post.default.30",256,4646307058,"gradual",1218531,"appendLemmaLoopBody","post","default"
"5fbf7fbfb7ed9ffeffff",6,68,"m.appendLemmaLoopBody.4.unfold.pred_inst.34",96,130777480,"gradual",1895548,"appendLemmaLoopBody","unfold","pred_inst"
"5fbf7fbfb7ed9ffeffff",6,68,"m.appendLemmaLoopBody.4.unfold.pred_inst.34",192,991942520,"gradual",6264767,"appendLemmaLoopBody","unfold","pred_inst"
"5fbf7fbfb7ed9ffeffff",6,68,"m.appendLemmaLoopBody.4.unfold.pred_inst.34",240,1907522125,"gradual",5906325,"appendLemmaLoopBody","unfold","pred_inst"
"7bfbfe5bff7bbfff7fbf",7,68,"m.appendLemmaLoopBody.1.pre.acc.20",128,302341096,"gradual",792666,"appendLemmaLoopBody","pre","acc"
"7bfbfe5bff7bbfff7fbf",7,68,"m.appendLemmaLoopBody.1.pre.acc.20",160,580638430,"gradual",6444667,"appendLemmaLoopBody","pre","acc"
"7bfbfe5bff7bbfff7fbf",7,68,"m.appendLemmaLoopBody.1.pre.acc.20",176,766670783,"gradual",6177975,"appendLemmaLoopBody","pre","acc"
"7bfbfe5bff7bbfff7fbf",7,68,"m.appendLemmaLoopBody.1.pre.acc.20",192,993640311,"gradual",8276655,"appendLemmaLoopBody","pre","acc"
"7efffffffdbbf7dff5eb",2,69,"m.appendLemmaLoopBody.1.pre.acc.20",64,78740204,"gradual",2001058,"appendLemmaLoopBody","pre","acc"
"7efffffffdbbf7dff5eb",2,69,"m.appendLemmaLoopBody.1.pre.acc.20",96,250913092,"gradual",1132057,"appendLemmaLoopBody","pre","acc"
"7efffffffdbbf7dff5eb",2,69,"m.appendLemmaLoopBody.1.pre.acc.20",128,583943542,"gradual",1797072,"appendLemmaLoopBody","pre","acc"
"7efffffffdbbf7dff5eb",2,69,"m.appendLemmaLoopBody.1.pre.acc.20",144,845437538,"gradual",10414121,"appendLemmaLoopBody","pre","acc"
"7efffffffdbbf7dff5eb",2,69,"m.appendLemmaLoopBody.1.pre.acc.20",208,2500829880,"gradual",5761761,"appendLemmaLoopBody","pre","acc"
"7efffffffdbbf7dff5eb",2,69,"m.appendLemmaLoopBody.1.pre.acc.20",240,3847530064,"gradual",8770407,"appendLemmaLoopBody","pre","acc"
"5fbf7fbfb7ed9fffffff",6,69,"m.list_insert.4.unfold.pred_inst.62",128,300971441,"gradual",2018284,"list_insert","unfold","pred_inst"
"5fbf7fbfb7ed9fffffff",6,69,"m.list_insert.4.unfold.pred_inst.62",144,428251254,"gradual",6262610,"list_insert","unfold","pred_inst"
"5fbf7fbfb7ed9fffffff",6,69,"m.list_insert.4.unfold.pred_inst.62",176,768680921,"gradual",2855107,"list_insert","unfold","pred_inst"
"5fbf7fbfb7ed9fffffff",6,69,"m.list_insert.4.unfold.pred_inst.62",256,2320491834,"gradual",29795776,"list_insert","unfold","pred_inst"
"7b7ffe7ffff7dfdfefdf",1,70,"m.appendLemmaAfterLoopBody.2.post.pred_inst.12",224,26780235,"gradual",803400,"appendLemmaAfterLoopBody","post","pred_inst"
"7efffffffdbbf7dff5fb",2,70,"p.sortedSegHelper.6.pred.default.74",112,393653863,"gradual",2009232,"sortedSegHelper","pred","default"
"7efffffffdbbf7dff5fb",2,70,"p.sortedSegHelper.6.pred.default.74",160,1151630507,"gradual",14685423,"sortedSegHelper","pred","default"
"7efffffffdbbf7dff5fb",2,70,"p.sortedSegHelper.6.pred.default.74",176,1518249710,"gradual",6527495,"sortedSegHelper","pred","default"
"7efffffffdbbf7dff5fb",2,70,"p.sortedSegHelper.6.pred.default.74",224,3110059938,"gradual",7420855,"sortedSegHelper","pred","default"
"7efffffffdbbf7dff5fb",2,70,"p.sortedSegHelper.6.pred.default.74",256,4649936760,"gradual",9161850,"sortedSegHelper","pred","default"
"5fffdf5febdfffffffdb",5,70,"m.list_insert.5.inv.acc.53",256,32883235,"gradual",862463,"list_insert","inv","acc"
"7ffff7fff7fff7dffeef",0,73,"m.list_insert.3.fold.pred_inst.61",176,15781554,"gradual",936421,"list_insert","fold","pred_inst"
"7ffff7fff7fff7dffeef",0,73,"m.list_insert.3.fold.pred_inst.61",192,18579532,"gradual",1201418,"list_insert","fold","pred_inst"
"7ffff7fff7fff7dffeef",0,73,"m.list_insert.3.fold.pred_inst.61",208,21014679,"gradual",849598,"list_insert","fold","pred_inst"
"7ffff7fff7fff7dffeef",0,73,"m.list_insert.3.fold.pred_inst.61",224,23908722,"gradual",926141,"list_insert","fold","pred_inst"
"7ffff7fff7fff7dffeef",0,73,"m.list_insert.3.fold.pred_inst.61",240,27196866,"gradual",1268876,"list_insert","fold","pred_inst"
"7ffff7fff7fff7dffeef",0,73,"m.list_insert.3.fold.pred_inst.61",256,30307059,"gradual",972325,"list_insert","fold","pred_inst"
"7efffffffdbbf7fffdff",2,73,"p.sortedSegHelper.6.pred.default.76",240,1891824536,"gradual",9674868,"sortedSegHelper","pred","default"
"7fffffffffff7ffdcfcf",4,73,"p.sortedSegHelper.6.pred.pred_inst.75",96,5642875,"gradual",716680,"sortedSegHelper","pred","pred_inst"
"7fffffffffff7ffdcfcf",4,73,"p.sortedSegHelper.6.pred.pred_inst.75",112,7205754,"gradual",941464,"sortedSegHelper","pred","pred_inst"
"7fffffffffff7ffdcfcf",4,73,"p.sortedSegHelper.6.pred.pred_inst.75",128,8987122,"gradual",1228687,"sortedSegHelper","pred","pred_inst"
"7fffffffffff7ffdcfcf",4,73,"p.sortedSegHelper.6.pred.pred_inst.75",144,11178246,"gradual",1785564,"sortedSegHelper","pred","pred_inst"
"7fffffffffff7ffdcfcf",4,73,"p.sortedSegHelper.6.pred.pred_inst.75",160,13314854,"gradual",1951230,"sortedSegHelper","pred","pred_inst"
"7fffffffffff7ffdcfcf",4,73,"p.sortedSegHelper.6.pred.pred_inst.75",176,15809079,"gradual",2311898,"sortedSegHelper","pred","pred_inst"
"7fffffffffff7ffdcfcf",4,73,"p.sortedSegHelper.6.pred.pred_inst.75",192,18510222,"gradual",2888028,"sortedSegHelper","pred","pred_inst"
"7fffffffffff7ffdcfcf",4,73,"p.sortedSegHelper.6.pred.pred_inst.75",208,21347636,"gradual",3204306,"sortedSegHelper","pred","pred_inst"
"7fffffffffff7ffdcfcf",4,73,"p.sortedSegHelper.6.pred.pred_inst.75",224,25270642,"gradual",4669667,"sortedSegHelper","pred","pred_inst"
"7fffffffffff7ffdcfcf",4,73,"p.sortedSegHelper.6.pred.pred_inst.75",240,28620168,"gradual",5282165,"sortedSegHelper","pred","pred_inst"
"7fffffffffff7ffdcfcf",4,73,"p.sortedSegHelper.6.pred.pred_inst.75",256,32365269,"gradual",6111620,"sortedSegHelper","pred","pred_inst"
"7ffffffffdbbf7fffdff",2,74,"m.appendLemmaAfterLoopBody.1.pre.acc.6",112,194318669,"gradual",1045936,"appendLemmaAfterLoopBody","pre","acc"
"7ffffffffdbbf7fffdff",2,74,"m.appendLemmaAfterLoopBody.1.pre.acc.6",128,287348910,"gradual",1668716,"appendLemmaAfterLoopBody","pre","acc"
"7ffffffffdbbf7fffdff",2,74,"m.appendLemmaAfterLoopBody.1.pre.acc.6",144,409129945,"gradual",1569374,"appendLemmaAfterLoopBody","pre","acc"
"7ffffffffdbbf7fffdff",2,74,"m.appendLemmaAfterLoopBody.1.pre.acc.6",160,560534004,"gradual",1580444,"appendLemmaAfterLoopBody","pre","acc"
"7fffffffffbbf7fffdff",2,75,"m.appendLemmaLoopBody.3.fold.pred_inst.37",128,291489101,"gradual",4140191,"appendLemmaLoopBody","fold","pred_inst"
"7fffffffffbbf7fffdff",2,75,"m.appendLemmaLoopBody.3.fold.pred_inst.37",160,565364003,"gradual",4829999,"appendLemmaLoopBody","fold","pred_inst"
"7fffffffffbbf7fffdff",2,75,"m.appendLemmaLoopBody.3.fold.pred_inst.37",208,1214384791,"gradual",1138850,"appendLemmaLoopBody","fold","pred_inst"
"7fffffffffbbf7fffdff",2,75,"m.appendLemmaLoopBody.3.fold.pred_inst.37",224,1522092291,"gradual",10299210,"appendLemmaLoopBody","fold","pred_inst"
"7fffffffffbbf7fffdff",2,75,"m.appendLemmaLoopBody.3.fold.pred_inst.37",240,1864073296,"gradual",7611626,"appendLemmaLoopBody","fold","pred_inst"
"7fffffffffbbf7fffdff",2,75,"m.appendLemmaLoopBody.3.fold.pred_inst.37",256,2273953759,"gradual",14384663,"appendLemmaLoopBody","fold","pred_inst"
"7fffffffffbbfffffdff",2,76,"m.list_insert.5.inv.pred_inst.51",80,73614553,"gradual",979974,"list_insert","inv","pred_inst"
"7fffffffffbbfffffdff",2,76,"m.list_insert.5.inv.pred_inst.51",176,741605609,"gradual",6142829,"list_insert","inv","pred_inst"
"7fffffffffbbfffffdff",2,76,"m.list_insert.5.inv.pred_inst.51",192,957670356,"gradual",4935994,"list_insert","inv","pred_inst"
"7fffffffffbbfffffdff",2,76,"m.list_insert.5.inv.pred_inst.51",208,1223068790,"gradual",8683999,"list_insert","inv","pred_inst"
"7fffffffffbbfffffdff",2,76,"m.list_insert.5.inv.pred_inst.51",224,1529382249,"gradual",7289958,"list_insert","inv","pred_inst"
"7fffffffffbbfffffdff",2,76,"m.list_insert.5.inv.pred_inst.51",240,1868690881,"gradual",4617585,"list_insert","inv","pred_inst"
"7ffffffffffbfffffdff",2,77,"m.create_list.3.fold.pred_inst.40",128,289249055,"gradual",2626370,"create_list","fold","pred_inst"
"7ffffffffffbfffffdff",2,77,"m.create_list.3.fold.pred_inst.40",144,411076422,"gradual",4549922,"create_list","fold","pred_inst"
"7ffffffffffbfffffdff",2,77,"m.create_list.3.fold.pred_inst.40",160,566644975,"gradual",9359802,"create_list","fold","pred_inst"
"7ffffffffffbfffffdff",2,77,"m.create_list.3.fold.pred_inst.40",192,966969863,"gradual",9299507,"create_list","fold","pred_inst"
"7ffffffffffbfffffdff",2,77,"m.create_list.3.fold.pred_inst.40",256,2273932787,"gradual",5173910,"create_list","fold","pred_inst"
