"id","path_id","level_id","component_added","stress","median","verification","diff"
"8000000000",0,1,"m.create_list.3.fold.39",0,832006,"gradual",-193061
"8000",1,1,"m.list_insert.3.fold.63",4,829831,"gradual",-187113
"2000000000000000",2,1,"m.appendLemmaLoopBody.1.pre.17",0,841423,"gradual",-183644
"2000000000000000",2,1,"m.appendLemmaLoopBody.1.pre.17",4,829620,"gradual",-187324
"800000000000000000",4,1,"m.appendLemmaAfterLoopBody.1.pre.7",4,821199,"gradual",-195745
"1000000000000",5,1,"m.appendLemmaLoopBody.2.post.30",4,826375,"gradual",-190569
"200000000000",6,1,"m.appendLemmaLoopBody.2.post.33",4,830377,"gradual",-186567
"8000000000008000000",7,2,"m.appendLemmaAfterLoopBody.1.pre.3",28,1207997,"gradual",-189780
"8000000000008000000",7,2,"m.appendLemmaAfterLoopBody.1.pre.3",36,1523119,"gradual",-279482
"8000000000008000000",7,2,"m.appendLemmaAfterLoopBody.1.pre.3",44,1836183,"gradual",-217392
"800002100004",3,4,"p.sortedSegHelper.6.pred.76",20,1018345,"gradual",-190093
"800002100004",3,4,"p.sortedSegHelper.6.pred.76",40,1583487,"gradual",-277454
"8000058040",0,5,"m.list_insert.3.fold.63",0,936062,"gradual",-1302118
"8000058040",0,5,"m.list_insert.3.fold.63",4,856393,"gradual",-323781
"8000058040",0,5,"m.list_insert.3.fold.63",8,879657,"gradual",-364494
"8000058040",0,5,"m.list_insert.3.fold.63",40,1669721,"gradual",-187227
"8000058040",0,5,"m.list_insert.3.fold.63",44,1790929,"gradual",-251717
"804280000000000800",4,5,"m.appendLemmaLoopBody.1.pre.21",32,1306571,"gradual",-207126
"40203000000000100",5,5,"m.appendLemmaLoopBody.1.pre.21",4,818343,"gradual",-229636
"40203000000000100",5,5,"m.appendLemmaLoopBody.1.pre.21",36,1575468,"gradual",-804336
"10200800100002",6,5,"p.sortedSegHelper.6.pred.77",36,1561175,"gradual",-261264
"20201008000002008000",1,6,"m.appendLemmaAfterLoopBody.2.post.9",0,894430,"gradual",-280379
"842002100004",3,6,"m.create_list.3.fold.41",64,2739268,"gradual",-196764
"102040002000442000",2,7,"m.list_insert.3.fold.60",20,1089843,"gradual",-594066
"102040002000442000",2,7,"m.list_insert.3.fold.60",24,1128149,"gradual",-985770
"102040002000442000",2,7,"m.list_insert.3.fold.60",28,1295542,"gradual",-455947
"102040002000442000",2,7,"m.list_insert.3.fold.60",32,1383526,"gradual",-627579
"102040002000442000",2,7,"m.list_insert.3.fold.60",36,1527313,"gradual",-603306
"102040002000442000",2,7,"m.list_insert.3.fold.60",40,1687126,"gradual",-495819
"102040002000442000",2,7,"m.list_insert.3.fold.60",44,1895463,"gradual",-421662
"102040002000442000",2,7,"m.list_insert.3.fold.60",48,1992521,"gradual",-452107
"102040002000442000",2,7,"m.list_insert.3.fold.60",52,2194028,"gradual",-582049
"102040002000442000",2,7,"m.list_insert.3.fold.60",56,2315347,"gradual",-513303
"102040002000442000",2,7,"m.list_insert.3.fold.60",60,2540436,"gradual",-509895
"102050002000442000",2,8,"m.appendLemmaLoopBody.1.pre.26",8,824125,"gradual",-260659
"1000842002900004",3,8,"m.appendLemmaLoopBody.1.pre.18",36,1515530,"gradual",-287794
"1000842002900004",3,8,"m.appendLemmaLoopBody.1.pre.18",40,1618094,"gradual",-288156
"1000842002900004",3,8,"m.appendLemmaLoopBody.1.pre.18",44,1779967,"gradual",-284796
"1000842002900004",3,8,"m.appendLemmaLoopBody.1.pre.18",48,1960397,"gradual",-276062
"1000842002900004",3,8,"m.appendLemmaLoopBody.1.pre.18",52,2131846,"gradual",-304018
"1000842002900004",3,8,"m.appendLemmaLoopBody.1.pre.18",56,2321387,"gradual",-286792
"20140000800005a040",0,9,"m.appendLemmaLoopBody.1.pre.20",0,910743,"gradual",-351945
"20140000800005a040",0,9,"m.appendLemmaLoopBody.1.pre.20",20,1084391,"gradual",-210373
"20140000800005a040",0,9,"m.appendLemmaLoopBody.1.pre.20",44,1795355,"gradual",-197879
"20140000800005a040",0,9,"m.appendLemmaLoopBody.1.pre.20",52,2112376,"gradual",-254123
"20140000800005a040",0,9,"m.appendLemmaLoopBody.1.pre.20",60,2601145,"gradual",-283743
"20140000800005a040",0,9,"m.appendLemmaLoopBody.1.pre.20",64,2689373,"gradual",-339254
"90200800100e02",6,9,"m.appendLemmaLoopBody.1.pre.23",44,1911483,"gradual",-186974
"90200800100e02",6,9,"m.appendLemmaLoopBody.1.pre.23",60,2529948,"gradual",-195086
"408042800400004c0800",4,10,"m.list_insert.3.fold.60",4,842729,"gradual",-178573
"408042800400004c0800",4,10,"m.list_insert.3.fold.60",16,994146,"gradual",-191744
"408042800400004c0800",4,10,"m.list_insert.3.fold.60",24,1132665,"gradual",-233749
"408042800400004c0800",4,10,"m.list_insert.3.fold.60",36,1560165,"gradual",-226110
"201020500120004c2000",2,11,"m.list_insert.4.unfold.59",16,1008242,"gradual",-207845
"201020500120004c2000",2,11,"m.list_insert.4.unfold.59",56,2370653,"gradual",-220751
"22223208000043008000",1,12,"m.list_insert.3.fold.48",8,871229,"gradual",-508911
"22223208000043008000",1,12,"m.list_insert.3.fold.48",56,2313338,"gradual",-219633
"22223208000043008000",1,12,"m.list_insert.3.fold.48",60,2538722,"gradual",-306319
"2010a0520120014c2000",2,14,"m.appendLemmaLoopBody.2.post.29",60,2551286,"gradual",-202975
"10001000842803924804",3,14,"m.list_insert.3.fold.64",32,1554245,"gradual",-1208085
"10001000842803924804",3,14,"m.list_insert.3.fold.64",40,1775570,"gradual",-192651
"40540213204004400302",5,15,"m.list_insert.5.inv.52",12,936675,"gradual",-12911397
"40540213204004400302",5,15,"m.list_insert.5.inv.52",16,971932,"gradual",-313260
"40540213204004400302",5,15,"m.list_insert.5.inv.52",20,1095797,"gradual",-277795
"40540213204004400302",5,15,"m.list_insert.5.inv.52",24,1126061,"gradual",-319476
"40540213204004400302",5,15,"m.list_insert.5.inv.52",28,1259331,"gradual",-245819
"40540213204004400302",5,15,"m.list_insert.5.inv.52",32,1355929,"gradual",-308011
"40540213204004400302",5,15,"m.list_insert.5.inv.52",36,1586375,"gradual",-294113
"40540213204004400302",5,15,"m.list_insert.5.inv.52",40,1667804,"gradual",-270573
"40540213204004400302",5,15,"m.list_insert.5.inv.52",44,1835323,"gradual",-285596
"40540213204004400302",5,15,"m.list_insert.5.inv.52",52,2130696,"gradual",-269130
"40540213204004400302",5,15,"m.list_insert.5.inv.52",56,2375810,"gradual",-240171
"40540213204004400302",5,15,"m.list_insert.5.inv.52",64,2855845,"gradual",-258154
"40d40213224004400302",5,17,"m.appendLemmaLoopBody.3.fold.37",0,856286,"gradual",-238366
"40d40213224004400302",5,17,"m.appendLemmaLoopBody.3.fold.37",8,848213,"gradual",-229975
"40d40213224004400302",5,17,"m.appendLemmaLoopBody.3.fold.37",20,1106208,"gradual",-208927
"40d40213224004400302",5,17,"m.appendLemmaLoopBody.3.fold.37",24,1186586,"gradual",-181052
"40d40213224004400302",5,17,"m.appendLemmaLoopBody.3.fold.37",40,1633501,"gradual",-198156
"40d40213224004400302",5,17,"m.appendLemmaLoopBody.3.fold.37",44,1840259,"gradual",-236696
"40d40213224004400302",5,17,"m.appendLemmaLoopBody.3.fold.37",48,2016098,"gradual",-217065
"40d40213224004400302",5,17,"m.appendLemmaLoopBody.3.fold.37",56,2397386,"gradual",-26220163
"40d40213224004400302",5,17,"m.appendLemmaLoopBody.3.fold.37",60,2537665,"gradual",-41453324
"40d40213224004400302",5,17,"m.appendLemmaLoopBody.3.fold.37",64,2752211,"gradual",-41240528
"44d4021322400c400302",5,19,"m.appendLemmaAfterLoopBody.1.pre.4",16,1097707,"gradual",-205640
"44d4021322400c400302",5,19,"m.appendLemmaAfterLoopBody.1.pre.4",32,1458410,"gradual",-202100
"72627218002053108000",1,20,"m.appendLemmaAfterLoopBody.1.pre.8",56,2419967,"gradual",-262529
"72627218002053108000",1,20,"m.appendLemmaAfterLoopBody.1.pre.8",60,2705602,"gradual",-178197
"72627218002053108000",1,20,"m.appendLemmaAfterLoopBody.1.pre.8",64,2863724,"gradual",-237014
"44d4021322410c400302",5,20,"m.list_insert.3.fold.46",40,1669807,"gradual",-217118
"44d4021322410c400302",5,20,"m.list_insert.3.fold.46",64,2792244,"gradual",-536682
"44a401902288003c0e02",6,20,"m.appendLemmaLoopBody.3.fold.37",0,817842,"gradual",-214672
"44a401902288003c0e02",6,20,"m.appendLemmaLoopBody.3.fold.37",4,805515,"gradual",-247291
"44a401902288003c0e02",6,20,"m.appendLemmaLoopBody.3.fold.37",12,935780,"gradual",-206927
"44a401902288003c0e02",6,20,"m.appendLemmaLoopBody.3.fold.37",16,1023840,"gradual",-181255
"44a401902288003c0e02",6,20,"m.appendLemmaLoopBody.3.fold.37",20,1086272,"gradual",-185352
"44a401902288003c0e02",6,20,"m.appendLemmaLoopBody.3.fold.37",24,1252102,"gradual",-193102
"44a401902288003c0e02",6,20,"m.appendLemmaLoopBody.3.fold.37",28,1316231,"gradual",-238106
"44a401902288003c0e02",6,20,"m.appendLemmaLoopBody.3.fold.37",32,1456050,"gradual",-249296
"44a401902288003c0e02",6,20,"m.appendLemmaLoopBody.3.fold.37",36,1532800,"gradual",-300901
"44a401902288003c0e02",6,20,"m.appendLemmaLoopBody.3.fold.37",40,1651985,"gradual",-264026
"44a401902288003c0e02",6,20,"m.appendLemmaLoopBody.3.fold.37",44,1835731,"gradual",-348612
"44a401902288003c0e02",6,20,"m.appendLemmaLoopBody.3.fold.37",48,1978382,"gradual",-406166
"44a401902288003c0e02",6,20,"m.appendLemmaLoopBody.3.fold.37",52,2241421,"gradual",-189498
"44a401902288003c0e02",6,20,"m.appendLemmaLoopBody.3.fold.37",56,2382073,"gradual",-264179
"44a401902288003c0e02",6,20,"m.appendLemmaLoopBody.3.fold.37",60,2658337,"gradual",-254100
"520140002ab020de062",0,21,"m.appendLemmaAfterLoopBody.1.pre.6",60,2689754,"gradual",-197334
"72627218402053108000",1,21,"m.appendLemmaLoopBody.2.post.32",40,1658446,"gradual",-191033
"72627218402053108000",1,21,"m.appendLemmaLoopBody.2.post.32",60,2458453,"gradual",-247149
"44a411902288003c0e02",6,21,"m.appendLemmaLoopBody.1.pre.18",64,2797329,"gradual",-182971
"2031a0da0528034e2000",2,22,"m.appendLemmaAfterLoopBody.3.fold.14",0,949651,"gradual",-764508
"2031a0da0528034e2000",2,22,"m.appendLemmaAfterLoopBody.3.fold.14",8,954913,"gradual",-201568
"2031a0da0528034e2000",2,22,"m.appendLemmaAfterLoopBody.3.fold.14",20,1212692,"gradual",-179164
"2031a0da0528034e2000",2,22,"m.appendLemmaAfterLoopBody.3.fold.14",32,1487255,"gradual",-552165
"2031a0da0528034e2000",2,22,"m.appendLemmaAfterLoopBody.3.fold.14",36,1668469,"gradual",-537012
"2031a0da0528034e2000",2,22,"m.appendLemmaAfterLoopBody.3.fold.14",40,1747119,"gradual",-450108
"2031a0da0528034e2000",2,22,"m.appendLemmaAfterLoopBody.3.fold.14",44,1894784,"gradual",-268132
"2031a0da0528034e2000",2,22,"m.appendLemmaAfterLoopBody.3.fold.14",64,2889751,"gradual",-354395
"191800004f090f015b10",7,23,"m.list_insert.3.fold.46",40,1765763,"gradual",-225044
"560168002ab020de062",0,24,"m.appendLemmaLoopBody.1.pre.23",40,1790328,"gradual",-178701
"10003c0086bc87934805",3,25,"m.list_insert.1.pre.42",44,1997814,"gradual",-291567
"560168002ab021de066",0,26,"p.sortedSegHelper.6.pred.76",64,2966312,"gradual",-278488
"7262fa18c02553108100",1,27,"m.list_insert.3.fold.46",0,905248,"gradual",-195167
"7262fa18c02553108100",1,27,"m.list_insert.3.fold.46",4,854374,"gradual",-184297
"7262fa18c02553108100",1,27,"m.list_insert.3.fold.46",8,877650,"gradual",-214865
"7262fa18c02553108100",1,27,"m.list_insert.3.fold.46",12,903888,"gradual",-234398
"7262fa18c02553108100",1,27,"m.list_insert.3.fold.46",20,1112474,"gradual",-189437
"7262fa18c02553108100",1,27,"m.list_insert.3.fold.46",24,1156204,"gradual",-209616
"7262fa18c02553108100",1,27,"m.list_insert.3.fold.46",28,1270149,"gradual",-210335
"7262fa18c02553108100",1,27,"m.list_insert.3.fold.46",32,1422757,"gradual",-206719
"7262fa18c02553108100",1,27,"m.list_insert.3.fold.46",36,1552913,"gradual",-200091
"7262fa18c02553108100",1,27,"m.list_insert.3.fold.46",40,1632496,"gradual",-225558
"7262fa18c02553108100",1,27,"m.list_insert.3.fold.46",44,1815226,"gradual",-237092
"7262fa18c02553108100",1,27,"m.list_insert.3.fold.46",48,2051161,"gradual",-184681
"7262fa18c02553108100",1,27,"m.list_insert.3.fold.46",56,2369540,"gradual",-191963
"7262fa18c02553108100",1,27,"m.list_insert.3.fold.46",60,2553672,"gradual",-208491
"7262fa18c02553108100",1,27,"m.list_insert.3.fold.46",64,2792496,"gradual",-207591
"726afa18c02553108108",1,29,"m.appendLemmaAfterLoopBody.2.post.11",48,1962198,"gradual",-378445
"726afa18c02553108108",1,29,"m.appendLemmaAfterLoopBody.2.post.11",52,2138281,"gradual",-221283
"726afa18c02553108108",1,29,"m.appendLemmaAfterLoopBody.2.post.11",56,2337541,"gradual",-246761
"726afa18c02553108108",1,29,"m.appendLemmaAfterLoopBody.2.post.11",60,2570374,"gradual",-249122
"726afa18c02553108108",1,29,"m.appendLemmaAfterLoopBody.2.post.11",64,2770903,"gradual",-260844
"4562168002ef221de066",0,31,"m.list_insert.4.unfold.49",44,1948037,"gradual",-252919
"4562168002ef221de066",0,31,"m.list_insert.4.unfold.49",60,2694904,"gradual",-250400
"726afa18c0255310c188",1,31,"p.sortedSeg.6.pred.71",32,1356900,"gradual",-189435
"1b1a00104f290f077b12",7,31,"m.list_insert.3.fold.61",20,1280635,"gradual",-223896
"1b1a00104f290f077b12",7,31,"m.list_insert.3.fold.61",48,2206248,"gradual",-198193
"1b1a00104f290f077b12",7,31,"m.list_insert.3.fold.61",52,2366453,"gradual",-186619
"1b1a00104f290f077b12",7,31,"m.list_insert.3.fold.61",64,3085580,"gradual",-261515
"10203d0086bc97b75825",3,32,"p.sortedSeg.6.pred.73",52,2301726,"gradual",-293194
"10203d0086bc97b75825",3,32,"p.sortedSeg.6.pred.73",56,2550909,"gradual",-223049
"10203d0086bc97b75825",3,32,"p.sortedSeg.6.pred.73",60,2862458,"gradual",-226623
"10203d0086bc97b75825",3,32,"p.sortedSeg.6.pred.73",64,2895313,"gradual",-219432
"726afa1cc2255310c188",1,33,"m.appendLemmaLoopBody.2.post.28",56,2387711,"gradual",-235822
"6835a2da152943ce2422",2,33,"m.main.5.inv.68",28,1365397,"gradual",-222181
"6835a2da152943ce2422",2,33,"m.main.5.inv.68",64,2977637,"gradual",-258379
"18203d0086bc97b75825",3,33,"m.appendLemmaAfterLoopBody.1.pre.3",44,1825366,"gradual",-201324
"18223d0086bc97b75825",3,34,"m.appendLemmaAfterLoopBody.4.unfold.13",8,917542,"gradual",-212305
"18223d0086bc97b75825",3,34,"m.appendLemmaAfterLoopBody.4.unfold.13",28,1350178,"gradual",-224052
"44ad3593a28909bc0f22",6,34,"m.list_insert.5.inv.51",40,1736100,"gradual",-688506
"68b5aada152943ce2422",2,35,"m.appendLemmaLoopBody.1.pre.19",56,2440132,"gradual",-254988
"43805fd31459784ccec0",4,35,"m.list_insert.2.post.43",44,1975438,"gradual",-280049
"43805fd31459784ccec0",4,35,"m.list_insert.2.post.43",48,2116314,"gradual",-385622
"43805fd31459784ccec0",4,35,"m.list_insert.2.post.43",52,2293235,"gradual",-276165
"43805fd31459784ccec0",4,35,"m.list_insert.2.post.43",56,2408924,"gradual",-424812
"43805fd31459784ccec0",4,35,"m.list_insert.2.post.43",60,2680582,"gradual",-301047
"43805fd31459784ccec0",4,35,"m.list_insert.2.post.43",64,2862106,"gradual",-254989
"18223d0087bc97b75c25",3,36,"m.main.5.inv.68",12,970366,"gradual",-186059
"18223d0087bc97b75c25",3,36,"m.main.5.inv.68",20,1137271,"gradual",-453302
"18223d0087bc97b75c25",3,36,"m.main.5.inv.68",28,1356539,"gradual",-212511
"18223d0087bc97b75c25",3,36,"m.main.5.inv.68",32,1469865,"gradual",-211071
"18223d0087bc97b75c25",3,36,"m.main.5.inv.68",48,2051525,"gradual",-194262
"18223d0087bc97b75c25",3,36,"m.main.5.inv.68",64,2840697,"gradual",-241641
"44f48317e2510c50779b",5,36,"m.appendLemmaLoopBody.2.post.31",44,1889996,"gradual",-192952
"4572169016ef221dea66",0,37,"m.appendLemmaLoopBody.4.unfold.34",36,1735021,"gradual",-187910
"4572169016ef221dea66",0,37,"m.appendLemmaLoopBody.4.unfold.34",52,2509015,"gradual",-200376
"45ad3593a2c909bccf62",6,39,"m.create_list.3.fold.40",20,1063405,"gradual",-232315
"457a169016ef221deae7",0,40,"m.appendLemmaAfterLoopBody.2.post.11",8,985995,"gradual",-252115
"457a169016ef221deae7",0,40,"m.appendLemmaAfterLoopBody.2.post.11",12,1063719,"gradual",-239154
"68b5abda153943ceb4a2",2,40,"m.appendLemmaLoopBody.1.pre.22",52,2389335,"gradual",-238250
"1b9ae0106f291f977f12",7,40,"m.appendLemmaLoopBody.2.post.33",16,1109589,"gradual",-187221
"1b9ae0106f291f977f12",7,40,"m.appendLemmaLoopBody.2.post.33",56,2535130,"gradual",-178512
"1b9ae0106f291f977f12",7,40,"m.appendLemmaLoopBody.2.post.33",64,3076146,"gradual",-187480
"457b169016ef221deee7",0,42,"m.appendLemmaAfterLoopBody.3.fold.14",24,1279200,"gradual",-296849
"457b169016ef221deee7",0,42,"m.appendLemmaAfterLoopBody.3.fold.14",28,1377972,"gradual",-304393
"457b169016ef221deee7",0,42,"m.appendLemmaAfterLoopBody.3.fold.14",32,1519291,"gradual",-329638
"18223d80b7bc97b77c67",3,42,"m.appendLemmaLoopBody.1.pre.23",40,1738648,"gradual",-268906
"45ad3593a2cd0dbcef62",6,42,"m.list_insert.4.unfold.65",0,913634,"gradual",-200998
"45ad3593a2cd0dbcef62",6,42,"m.list_insert.4.unfold.65",8,900907,"gradual",-187145
"45ad3593a2cd0dbcef62",6,42,"m.list_insert.4.unfold.65",36,1606739,"gradual",-381644
"45ad3593a2cd0dbcef62",6,42,"m.list_insert.4.unfold.65",48,1997891,"gradual",-236310
"45ad3593a2cd0dbcef62",6,42,"m.list_insert.4.unfold.65",52,2269362,"gradual",-191384
"45ad3593a2cd0dbcef62",6,42,"m.list_insert.4.unfold.65",56,2489719,"gradual",-223559
"45ad3593a2cd0dbcef62",6,42,"m.list_insert.4.unfold.65",64,2902299,"gradual",-269944
"457b169016ef221dfee7",0,43,"m.list_insert.3.fold.66",60,2710243,"gradual",-182900
"56fc8317ea590c51f7db",5,44,"m.list_insert.2.post.43",28,5151819,"gradual",-1223115
"736afa1cdb675b59c58a",1,45,"m.appendLemmaAfterLoopBody.1.pre.6",20,1151214,"gradual",-222584
"736afa1cdb675b59c58a",1,45,"m.appendLemmaAfterLoopBody.1.pre.6",60,2759336,"gradual",-414149
"1bbae818ef291f9f7f12",7,45,"m.appendLemmaLoopBody.1.pre.19",20,1410199,"gradual",-226846
"43a85ff79ddd784dcec4",4,46,"m.list_insert.4.unfold.44",40,1853667,"gradual",-180988
"56fccb17ea594c51f7db",5,47,"m.appendLemmaLoopBody.1.pre.19",8,1126481,"gradual",-291900
"56fccb17ea594c51f7db",5,47,"m.appendLemmaLoopBody.1.pre.19",44,14846779,"gradual",-245114
"56fccb17ea594c51f7db",5,47,"m.appendLemmaLoopBody.1.pre.19",48,18849840,"gradual",-379861
"56fccb17ea594c51f7db",5,47,"m.appendLemmaLoopBody.1.pre.19",52,23431796,"gradual",-192423
"56fccb17ea594c51f7db",5,47,"m.appendLemmaLoopBody.1.pre.19",56,28351621,"gradual",-456466
"56fccb17ea594c51f7db",5,47,"m.appendLemmaLoopBody.1.pre.19",60,34206155,"gradual",-232022
"56fccb17ea594c55f7db",5,48,"m.list_insert.3.fold.60",52,23247221,"gradual",-184575
"4dfb369816ff231dfee7",0,49,"m.appendLemmaAfterLoopBody.1.pre.3",48,2184541,"gradual",-287745
"4dfb369816ff231dfee7",0,49,"m.appendLemmaAfterLoopBody.1.pre.3",52,2386622,"gradual",-188388
"4dfb369816ff231dfee7",0,49,"m.appendLemmaAfterLoopBody.1.pre.3",56,2568730,"gradual",-312261
"4dfb369816ff231dfee7",0,49,"m.appendLemmaAfterLoopBody.1.pre.3",60,2761205,"gradual",-264205
"4dfb369816ff231dfee7",0,49,"m.appendLemmaAfterLoopBody.1.pre.3",64,3097829,"gradual",-249718
"1bbae818ef299fff7f16",7,49,"m.list_insert.3.fold.47",0,1095688,"gradual",-2973899
"1bbae818ef299fff7f16",7,49,"m.list_insert.3.fold.47",4,885065,"gradual",-2012029
"1bbae818ef299fff7f16",7,49,"m.list_insert.3.fold.47",8,1003469,"gradual",-2095672
"1bbae818ef299fff7f16",7,49,"m.list_insert.3.fold.47",12,981796,"gradual",-2160682
"1bbae818ef299fff7f16",7,49,"m.list_insert.3.fold.47",16,1010729,"gradual",-250531
"1bbae818ef299fff7f16",7,49,"m.list_insert.3.fold.47",24,1298292,"gradual",-351427
"1bbae818ef299fff7f16",7,49,"m.list_insert.3.fold.47",36,1652665,"gradual",-182306
"1bbae818ef299fff7f16",7,49,"m.list_insert.3.fold.47",44,2064674,"gradual",-723851
"1bbae818ef299fff7f16",7,49,"m.list_insert.3.fold.47",48,2392297,"gradual",-316345
"1bbae818ef299fff7f16",7,49,"m.list_insert.3.fold.47",52,2421092,"gradual",-225550
"1bbae818ef299fff7f16",7,49,"m.list_insert.3.fold.47",60,2721262,"gradual",-210538
"5efccb17ea596c55f7db",5,50,"m.list_insert.4.unfold.49",20,2696677,"gradual",-250439
"5efccb17ea596c55f7db",5,50,"m.list_insert.4.unfold.49",24,3691224,"gradual",-220311
"5efccb17ea596c55f7db",5,50,"m.list_insert.4.unfold.49",28,4975152,"gradual",-188556
"5efccb17ea596c55f7db",5,50,"m.list_insert.4.unfold.49",40,11687993,"gradual",-250722
"5efccb17ea596c55f7db",5,50,"m.list_insert.4.unfold.49",48,18868084,"gradual",-908089
"5efccb17ea596c55f7db",5,50,"m.list_insert.4.unfold.49",52,23543821,"gradual",-227896
"5efccb17ea596c55f7db",5,50,"m.list_insert.4.unfold.49",64,41109098,"gradual",-652997
"1bbae818ef299fff7f36",7,50,"p.sortedSeg.6.pred.73",48,2202784,"gradual",-189513
"1bbae818ef299fff7f36",7,50,"p.sortedSeg.6.pred.73",56,2455658,"gradual",-253656
"1bbae818ef299fff7f36",7,50,"p.sortedSeg.6.pred.73",64,2915758,"gradual",-287417
"5efccb17ea59ec55f7db",5,51,"m.list_insert.3.fold.47",56,28529711,"gradual",-284025
"5efccb17ea59ec55f7db",5,51,"m.list_insert.3.fold.47",60,34401538,"gradual",-350967
"7cfdabfa3d3967def4ea",2,53,"m.list_insert.3.fold.64",60,3049466,"gradual",-186332
"38227fc0bfbcbfff7e6f",3,53,"m.main.5.inv.69",60,2685740,"gradual",-213610
"38227fc0bfbcbfff7e6f",3,53,"m.main.5.inv.69",64,2853513,"gradual",-211109
"53a95ff7dfdf7c4dcfc4",4,53,"m.appendLemmaLoopBody.2.post.32",4,984380,"gradual",-178253
"53a95ff7dfdf7c4dcfc4",4,53,"m.appendLemmaLoopBody.2.post.32",24,1341470,"gradual",-235372
"53a95ff7dfdf7c4dcfc4",4,53,"m.appendLemmaLoopBody.2.post.32",36,1674095,"gradual",-261391
"53a95ff7dfdf7c4dcfc4",4,53,"m.appendLemmaLoopBody.2.post.32",44,1939929,"gradual",-240768
"53a95ff7dfdf7c4dcfc4",4,53,"m.appendLemmaLoopBody.2.post.32",48,2154856,"gradual",-274909
"53a95ff7dfdf7c4dcfc4",4,53,"m.appendLemmaLoopBody.2.post.32",52,2225508,"gradual",-335128
"53a95ff7dfdf7c4dcfc4",4,53,"m.appendLemmaLoopBody.2.post.32",56,2499813,"gradual",-249723
"53a95ff7dfdf7c4dcfc4",4,53,"m.appendLemmaLoopBody.2.post.32",60,2708602,"gradual",-260944
"53a95ff7dfdf7c4dcfc4",4,53,"m.appendLemmaLoopBody.2.post.32",64,2956885,"gradual",-195388
"5efccb17ea5ded55f7db",5,53,"m.list_insert.4.unfold.44",20,2741057,"gradual",-258345
"5efccb17ea5ded55f7db",5,53,"m.list_insert.4.unfold.44",24,3649103,"gradual",-368158
"5efccb17ea5ded55f7db",5,53,"m.list_insert.4.unfold.44",36,9018452,"gradual",-357748
"5efccb17ea5ded55f7db",5,53,"m.list_insert.4.unfold.44",40,11759900,"gradual",-470868
"5efccb17ea5ded55f7db",5,53,"m.list_insert.4.unfold.44",44,15038229,"gradual",-223737
"5efccb17ea5ded55f7db",5,53,"m.list_insert.4.unfold.44",48,18917178,"gradual",-298766
"5efccb17ea5ded55f7db",5,53,"m.list_insert.4.unfold.44",60,34728474,"gradual",-264171
"5efccb17ea5ded55f7db",5,53,"m.list_insert.4.unfold.44",64,41245778,"gradual",-387211
"4dfbb69cb6ffa31dfee7",0,54,"m.appendLemmaLoopBody.2.post.31",32,1575681,"gradual",-326820
"4dfbb69cb6ffa31dfee7",0,54,"m.appendLemmaLoopBody.2.post.31",52,2328243,"gradual",-219086
"5efccb17ea5ded5df7db",5,54,"m.list_insert.4.unfold.59",52,23439132,"gradual",-404240
"5efccb17ea5ded5df7db",5,54,"m.list_insert.4.unfold.59",56,28556408,"gradual",-179793
"5efccb17ea5ded5df7db",5,54,"m.list_insert.4.unfold.59",60,34548183,"gradual",-180291
"7b7afe5edf675bdbcd9a",1,55,"m.appendLemmaLoopBody.2.post.29",32,1562822,"gradual",-1773678
"7b7afe5edf675bdbcd9a",1,55,"m.appendLemmaLoopBody.2.post.29",36,1731487,"gradual",-186275
"7b7afe5edf675bdbcd9a",1,55,"m.appendLemmaLoopBody.2.post.29",56,2625917,"gradual",-181920
"7b7afe5edf675bdbcd9a",1,55,"m.appendLemmaLoopBody.2.post.29",64,3064523,"gradual",-224581
"5efccb57ea5ded5df7db",5,55,"m.appendLemmaLoopBody.1.pre.24",28,5113922,"gradual",-185134
"5efccb57ea5ded5df7db",5,55,"m.appendLemmaLoopBody.1.pre.24",32,6896702,"gradual",-183230
"5efccb57ea5ded5df7db",5,55,"m.appendLemmaLoopBody.1.pre.24",44,15064586,"gradual",-238002
"5dfbb69cb6ffb31dfee7",0,56,"m.appendLemmaAfterLoopBody.1.pre.2",28,1508636,"gradual",-260281
"5dfbb69cb6ffb31dfee7",0,56,"m.appendLemmaAfterLoopBody.1.pre.2",32,1665011,"gradual",-227228
"5dfbb69cb6ffb31dfee7",0,56,"m.appendLemmaAfterLoopBody.1.pre.2",64,3101406,"gradual",-233131
"7cffabfa3d3b67dff4ea",2,56,"m.list_insert.4.unfold.45",0,1198806,"gradual",-296460
"7cffabfa3d3b67dff4ea",2,56,"m.list_insert.4.unfold.45",4,1193229,"gradual",-190061
"7cffabfa3d3b67dff4ea",2,56,"m.list_insert.4.unfold.45",8,1202843,"gradual",-216244
"7cffabfa3d3b67dff4ea",2,56,"m.list_insert.4.unfold.45",20,1491821,"gradual",-187786
"7cffabfa3d3b67dff4ea",2,56,"m.list_insert.4.unfold.45",28,1630497,"gradual",-353012
"7cffabfa3d3b67dff4ea",2,56,"m.list_insert.4.unfold.45",32,1887493,"gradual",-190431
"7cffabfa3d3b67dff4ea",2,56,"m.list_insert.4.unfold.45",40,2118235,"gradual",-271111
"7cffabfa3d3b67dff4ea",2,56,"m.list_insert.4.unfold.45",44,2310783,"gradual",-201312
"7cffabfa3d3b67dff4ea",2,56,"m.list_insert.4.unfold.45",48,2538079,"gradual",-195391
"7cffabfa3d3b67dff4ea",2,56,"m.list_insert.4.unfold.45",52,2640147,"gradual",-264951
"7cffabfa3d3b67dff4ea",2,56,"m.list_insert.4.unfold.45",56,2939912,"gradual",-248762
"5efccb57ea5ded7df7db",5,56,"m.list_insert.5.inv.57",16,1952105,"gradual",-204809
"5efccb57ea5ded7df7db",5,56,"m.list_insert.5.inv.57",60,34638887,"gradual",-271948
"5efccb57ea5ded7df7db",5,56,"m.list_insert.5.inv.57",64,41188205,"gradual",-1052690
"7cffabfa3dbb67dff4ea",2,57,"m.create_list.3.fold.39",64,3292227,"gradual",-452500
"5efccf57ea5ded7df7db",5,57,"m.appendLemmaLoopBody.1.pre.20",60,34415063,"gradual",-223824
"38737fc2bfbcffff7e6f",3,58,"m.appendLemmaLoopBody.2.post.29",40,1762520,"gradual",-225330
"5efccf57ea5fed7df7db",5,58,"m.list_insert.4.unfold.45",52,23383034,"gradual",-367211
"77ad7fffdfdf7e4dcfc4",4,59,"m.appendLemmaAfterLoopBody.1.pre.4",44,1969302,"gradual",-231949
"5efccf57ea5fed7dffdb",5,59,"m.list_insert.3.fold.67",8,910508,"gradual",-212902
"5efccf57ea5fed7dffdb",5,59,"m.list_insert.3.fold.67",12,996185,"gradual",-458154
"5efccf57ea5fed7dffdb",5,59,"m.list_insert.3.fold.67",16,1064941,"gradual",-862732
"5efccf57ea5fed7dffdb",5,59,"m.list_insert.3.fold.67",20,1162559,"gradual",-1528067
"5efccf57ea5fed7dffdb",5,59,"m.list_insert.3.fold.67",24,1228011,"gradual",-2444092
"5efccf57ea5fed7dffdb",5,59,"m.list_insert.3.fold.67",28,1392108,"gradual",-3721698
"5efccf57ea5fed7dffdb",5,59,"m.list_insert.3.fold.67",32,1490745,"gradual",-5323877
"5efccf57ea5fed7dffdb",5,59,"m.list_insert.3.fold.67",36,1706152,"gradual",-7312668
"5efccf57ea5fed7dffdb",5,59,"m.list_insert.3.fold.67",40,1868418,"gradual",-9927261
"5efccf57ea5fed7dffdb",5,59,"m.list_insert.3.fold.67",44,2057095,"gradual",-12875992
"5efccf57ea5fed7dffdb",5,59,"m.list_insert.3.fold.67",48,2336716,"gradual",-16480416
"5efccf57ea5fed7dffdb",5,59,"m.list_insert.3.fold.67",52,2504988,"gradual",-20878046
"5efccf57ea5fed7dffdb",5,59,"m.list_insert.3.fold.67",56,2672691,"gradual",-25856747
"5efccf57ea5fed7dffdb",5,59,"m.list_insert.3.fold.67",60,2989929,"gradual",-31482812
"5efccf57ea5fed7dffdb",5,59,"m.list_insert.3.fold.67",64,3165350,"gradual",-37996331
"45bf7d9fa7ed9fbeeffb",6,59,"p.sortedSegHelper.6.pred.74",28,5292521,"gradual",-432501
"45bf7d9fa7ed9fbeeffb",6,59,"p.sortedSegHelper.6.pred.74",32,7066803,"gradual",-258689
"45bf7d9fa7ed9fbeeffb",6,59,"p.sortedSegHelper.6.pred.74",36,9117000,"gradual",-292148
"45bf7d9fa7ed9fbeeffb",6,59,"p.sortedSegHelper.6.pred.74",48,19065476,"gradual",-352793
"45bf7d9fa7ed9fbeeffb",6,59,"p.sortedSegHelper.6.pred.74",56,28667648,"gradual",-1129918
"45bf7d9fa7ed9fbeeffb",6,59,"p.sortedSegHelper.6.pred.74",60,34409443,"gradual",-196677
"5dfbb79fb6fff31dfee7",0,60,"m.list_insert.3.fold.48",52,2394220,"gradual",-306347
"5efcdf57ea5fed7dffdb",5,60,"m.appendLemmaLoopBody.1.pre.18",48,2154522,"gradual",-182194
"45bf7d9fa7ed9fbeefff",6,60,"p.sortedSegHelper.6.pred.76",44,14917444,"gradual",-560310
"45bf7d9fa7ed9fbeefff",6,60,"p.sortedSegHelper.6.pred.76",52,23408398,"gradual",-240156
"45bf7d9fa7ed9fbeefff",6,60,"p.sortedSegHelper.6.pred.76",64,41242536,"gradual",-556433
"7b7afe5fff775fdbcfda",1,61,"m.list_insert.5.inv.52",8,931186,"gradual",-185366
"7b7afe5fff775fdbcfda",1,61,"m.list_insert.5.inv.52",56,2556556,"gradual",-180094
"7b7afe5fff775fdbcfda",1,61,"m.list_insert.5.inv.52",60,2742098,"gradual",-179144
"7b7afe5fff775fdbcfda",1,61,"m.list_insert.5.inv.52",64,3011202,"gradual",-217667
"45bf7d9fa7ed9ffeefff",6,61,"m.list_insert.5.inv.56",0,809515,"gradual",-205801
"45bf7d9fa7ed9ffeefff",6,61,"m.list_insert.5.inv.56",12,1360374,"gradual",-393813
"45bf7d9fa7ed9ffeefff",6,61,"m.list_insert.5.inv.56",16,1871615,"gradual",-309356
"45bf7d9fa7ed9ffeefff",6,61,"m.list_insert.5.inv.56",24,3664473,"gradual",-211894
"45bf7d9fa7ed9ffeefff",6,61,"m.list_insert.5.inv.56",60,34538256,"gradual",-179826
"7fad7fffffdf7e6dcfc4",4,62,"m.list_insert.5.inv.57",36,1654833,"gradual",-249387
"7fad7fffffdf7e6dcfc4",4,62,"m.list_insert.5.inv.57",44,1907801,"gradual",-183571
"7fad7fffffdf7e6dcfc4",4,62,"m.list_insert.5.inv.57",48,2052235,"gradual",-191989
"7fad7fffffdf7e6dcfc4",4,62,"m.list_insert.5.inv.57",60,2570291,"gradual",-260689
"7fad7fffffdf7e6dcfc4",4,62,"m.list_insert.5.inv.57",64,2830117,"gradual",-249750
"47bf7d9fa7ed9ffeefff",6,62,"m.appendLemmaAfterLoopBody.1.pre.5",64,41215027,"gradual",-608419
"7b7afe5ffff75fdbcfde",1,63,"p.sortedSegHelper.6.pred.76",24,1295996,"gradual",-198882
"47bf7d9fa7ed9ffeffff",6,63,"m.list_insert.3.fold.66",64,40986400,"gradual",-228627
"4fbf7d9fa7ed9ffeffff",6,64,"m.appendLemmaAfterLoopBody.1.pre.3",52,23413985,"gradual",-349078
"4fbf7d9fa7ed9ffeffff",6,64,"m.appendLemmaAfterLoopBody.1.pre.3",56,28693864,"gradual",-569993
"7bfbfa1aff7b9fff7fbf",7,64,"m.appendLemmaAfterLoopBody.3.fold.14",56,28457804,"gradual",-193975
"7efffbfebdbbe7dff5eb",2,65,"m.appendLemmaLoopBody.1.pre.18",56,51968868,"gradual",-364330
"7bfbfa5aff7b9fff7fbf",7,65,"m.appendLemmaLoopBody.1.pre.24",60,34527509,"gradual",-237672
"7efffbfefdbbe7dff5eb",2,66,"m.appendLemmaLoopBody.2.post.32",44,26817768,"gradual",-200564
"7efffbfefdbbe7dff5eb",2,66,"m.appendLemmaLoopBody.2.post.32",60,63301996,"gradual",-432052
"7fef7fffffff7e7dcfc4",4,66,"m.create_list.3.fold.41",36,1620162,"gradual",-203002
"4fbf7fbfa7ed9ffeffff",6,66,"m.appendLemmaLoopBody.1.pre.25",36,9145144,"gradual",-185541
"4fbf7fbfa7ed9ffeffff",6,66,"m.appendLemmaLoopBody.1.pre.25",40,11832566,"gradual",-228497
"4fbf7fbfa7ed9ffeffff",6,66,"m.appendLemmaLoopBody.1.pre.25",48,18834264,"gradual",-472629
"4fbf7fbfa7ed9ffeffff",6,66,"m.appendLemmaLoopBody.1.pre.25",52,23428535,"gradual",-205322
"4fbf7fbfa7ed9ffeffff",6,66,"m.appendLemmaLoopBody.1.pre.25",56,28606197,"gradual",-745897
"4fbf7fbfa7ed9ffeffff",6,66,"m.appendLemmaLoopBody.1.pre.25",60,34300607,"gradual",-992266
"4fbf7fbfa7ed9ffeffff",6,66,"m.appendLemmaLoopBody.1.pre.25",64,41182025,"gradual",-401062
"7efffbfefdbbf7dff5eb",2,67,"m.list_insert.3.fold.50",56,52338153,"gradual",-213334
"5fbf7fbfa7ed9ffeffff",6,67,"m.appendLemmaAfterLoopBody.1.pre.2",44,14982387,"gradual",-230535
"7bfbfa5bff7bbfff7fbf",7,67,"m.appendLemmaLoopBody.2.post.30",40,11650042,"gradual",-260585
"7bfbfa5bff7bbfff7fbf",7,67,"m.appendLemmaLoopBody.2.post.30",60,34554825,"gradual",-433794
"7bfbfa5bff7bbfff7fbf",7,67,"m.appendLemmaLoopBody.2.post.30",64,41494360,"gradual",-204095
"7efffbfffdbbf7dff5eb",2,68,"m.appendLemmaLoopBody.2.post.30",52,42774693,"gradual",-606253
"5fffdf5febdffd7fffdb",5,68,"m.appendLemmaAfterLoopBody.4.unfold.13",24,1273049,"gradual",-434110
"5fbf7fbfb7ed9ffeffff",6,68,"m.appendLemmaLoopBody.4.unfold.34",52,23354129,"gradual",-411088
"5fbf7fbfb7ed9ffeffff",6,68,"m.appendLemmaLoopBody.4.unfold.34",60,34439508,"gradual",-556355
"7efffffffdbbf7dff5eb",2,69,"m.appendLemmaLoopBody.1.pre.20",48,34329781,"gradual",-385280
"7efffffffdbbf7dff5eb",2,69,"m.appendLemmaLoopBody.1.pre.20",56,52215693,"gradual",-777993
"7bfbfe5bff7bffff7fbf",7,69,"m.list_insert.3.fold.48",8,971588,"gradual",-192423
"7bfbfe5bff7bffff7fbf",7,69,"m.list_insert.3.fold.48",12,983118,"gradual",-473132
"7bfbfe5bff7bffff7fbf",7,69,"m.list_insert.3.fold.48",16,1093186,"gradual",-913674
"7bfbfe5bff7bffff7fbf",7,69,"m.list_insert.3.fold.48",20,1215061,"gradual",-1538684
"7bfbfe5bff7bffff7fbf",7,69,"m.list_insert.3.fold.48",24,1279713,"gradual",-2431870
"7bfbfe5bff7bffff7fbf",7,69,"m.list_insert.3.fold.48",28,1438358,"gradual",-3638910
"7bfbfe5bff7bffff7fbf",7,69,"m.list_insert.3.fold.48",32,1539331,"gradual",-5383803
"7bfbfe5bff7bffff7fbf",7,69,"m.list_insert.3.fold.48",36,1698662,"gradual",-7497342
"7bfbfe5bff7bffff7fbf",7,69,"m.list_insert.3.fold.48",40,1825481,"gradual",-9984591
"7bfbfe5bff7bffff7fbf",7,69,"m.list_insert.3.fold.48",44,2031560,"gradual",-13168967
"7bfbfe5bff7bffff7fbf",7,69,"m.list_insert.3.fold.48",48,2252020,"gradual",-16613134
"7bfbfe5bff7bffff7fbf",7,69,"m.list_insert.3.fold.48",52,2469544,"gradual",-20924563
"7bfbfe5bff7bffff7fbf",7,69,"m.list_insert.3.fold.48",56,2677606,"gradual",-26191422
"7bfbfe5bff7bffff7fbf",7,69,"m.list_insert.3.fold.48",60,3000177,"gradual",-31590434
"7bfbfe5bff7bffff7fbf",7,69,"m.list_insert.3.fold.48",64,3191820,"gradual",-38525644
"7b7ffe7ffff7dfdfefdf",1,70,"m.appendLemmaAfterLoopBody.2.post.12",16,1200415,"gradual",-202513
"7b7ffe7ffff7dfdfefdf",1,70,"m.appendLemmaAfterLoopBody.2.post.12",24,1385643,"gradual",-214290
"7b7ffe7ffff7dfdfefdf",1,70,"m.appendLemmaAfterLoopBody.2.post.12",32,1707873,"gradual",-184846
"7b7ffe7ffff7dfdfefdf",1,70,"m.appendLemmaAfterLoopBody.2.post.12",44,2200126,"gradual",-193630
"7b7ffe7ffff7dfdfefdf",1,70,"m.appendLemmaAfterLoopBody.2.post.12",48,2400757,"gradual",-227462
"7b7ffe7ffff7dfdfefdf",1,70,"m.appendLemmaAfterLoopBody.2.post.12",52,2524092,"gradual",-238460
"7b7ffe7ffff7dfdfefdf",1,70,"m.appendLemmaAfterLoopBody.2.post.12",56,2785161,"gradual",-222631
"7b7ffe7ffff7dfdfefdf",1,70,"m.appendLemmaAfterLoopBody.2.post.12",60,3105224,"gradual",-188525
"7efffffffdbbf7dff5fb",2,70,"p.sortedSegHelper.6.pred.74",60,63888608,"gradual",-373115
"7efffffffdbbf7dff5fb",2,70,"p.sortedSegHelper.6.pred.74",64,77128859,"gradual",-895054
"5fbf7fbfb7eddfffffff",6,70,"m.list_insert.3.fold.48",8,904581,"gradual",-179373
"5fbf7fbfb7eddfffffff",6,70,"m.list_insert.3.fold.48",12,990948,"gradual",-455203
"5fbf7fbfb7eddfffffff",6,70,"m.list_insert.3.fold.48",16,1042428,"gradual",-857575
"5fbf7fbfb7eddfffffff",6,70,"m.list_insert.3.fold.48",20,1179734,"gradual",-1513169
"5fbf7fbfb7eddfffffff",6,70,"m.list_insert.3.fold.48",24,1236394,"gradual",-2602643
"5fbf7fbfb7eddfffffff",6,70,"m.list_insert.3.fold.48",28,1396471,"gradual",-3741244
"5fbf7fbfb7eddfffffff",6,70,"m.list_insert.3.fold.48",32,1485391,"gradual",-5457265
"5fbf7fbfb7eddfffffff",6,70,"m.list_insert.3.fold.48",36,1659452,"gradual",-7450972
"5fbf7fbfb7eddfffffff",6,70,"m.list_insert.3.fold.48",40,1886700,"gradual",-12205665
"5fbf7fbfb7eddfffffff",6,70,"m.list_insert.3.fold.48",44,2013465,"gradual",-13498984
"5fbf7fbfb7eddfffffff",6,70,"m.list_insert.3.fold.48",48,2169027,"gradual",-17241049
"5fbf7fbfb7eddfffffff",6,70,"m.list_insert.3.fold.48",52,2570315,"gradual",-21399706
"5fbf7fbfb7eddfffffff",6,70,"m.list_insert.3.fold.48",56,2617734,"gradual",-26224867
"5fbf7fbfb7eddfffffff",6,70,"m.list_insert.3.fold.48",60,2881292,"gradual",-32272081
"5fbf7fbfb7eddfffffff",6,70,"m.list_insert.3.fold.48",64,3118354,"gradual",-38610733
"7ffff7fff6fff7ddfeef",0,71,"m.appendLemmaLoopBody.2.post.32",0,1032806,"gradual",-226423
"7ffff7fff6fff7ddfeef",0,71,"m.appendLemmaLoopBody.2.post.32",4,1016767,"gradual",-243993
"7ffff7fff6fff7ddfeef",0,71,"m.appendLemmaLoopBody.2.post.32",24,1391980,"gradual",-255662
"7ffff7fff6fff7ddfeef",0,71,"m.appendLemmaLoopBody.2.post.32",28,1503176,"gradual",-184237
"7ffff7fff6fff7ddfeef",0,71,"m.appendLemmaLoopBody.2.post.32",32,1612184,"gradual",-204548
"7ffff7fff6fff7ddfeef",0,71,"m.appendLemmaLoopBody.2.post.32",36,1769774,"gradual",-251566
"7ffff7fff6fff7ddfeef",0,71,"m.appendLemmaLoopBody.2.post.32",40,1893732,"gradual",-295088
"7ffff7fff6fff7ddfeef",0,71,"m.appendLemmaLoopBody.2.post.32",44,2081799,"gradual",-271987
"7ffff7fff6fff7ddfeef",0,71,"m.appendLemmaLoopBody.2.post.32",48,2252007,"gradual",-230436
"7ffff7fff6fff7ddfeef",0,71,"m.appendLemmaLoopBody.2.post.32",52,2495634,"gradual",-257126
"7ffff7fff6fff7ddfeef",0,71,"m.appendLemmaLoopBody.2.post.32",56,2701741,"gradual",-201493
"7ffff7fff6fff7ddfeef",0,71,"m.appendLemmaLoopBody.2.post.32",60,2881549,"gradual",-297805
"7ffff7fff6fff7ddfeef",0,71,"m.appendLemmaLoopBody.2.post.32",64,3155998,"gradual",-256662
"7b7ffe7ffff7dfffefdf",1,71,"m.list_insert.5.inv.57",0,886747,"gradual",-187988
"7b7ffe7ffff7dfffefdf",1,71,"m.list_insert.5.inv.57",4,844036,"gradual",-196222
"7b7ffe7ffff7dfffefdf",1,71,"m.list_insert.5.inv.57",8,896475,"gradual",-186368
"7b7ffe7ffff7dfffefdf",1,71,"m.list_insert.5.inv.57",12,952820,"gradual",-178480
"7b7ffe7ffff7dfffefdf",1,71,"m.list_insert.5.inv.57",20,1160744,"gradual",-178930
"7b7ffe7ffff7dfffefdf",1,71,"m.list_insert.5.inv.57",28,1400831,"gradual",-299929
"7b7ffe7ffff7dfffefdf",1,71,"m.list_insert.5.inv.57",32,1488667,"gradual",-219206
"7b7ffe7ffff7dfffefdf",1,71,"m.list_insert.5.inv.57",40,1866214,"gradual",-209028
"7b7ffe7ffff7dfffefdf",1,71,"m.list_insert.5.inv.57",48,2163056,"gradual",-237701
"7b7ffe7ffff7dfffefdf",1,71,"m.list_insert.5.inv.57",60,2870135,"gradual",-235089
"7b7ffe7ffff7dfffefdf",1,71,"m.list_insert.5.inv.57",64,3137285,"gradual",-198655
"7efffffffdbbf7dffdfb",2,71,"m.list_insert.3.fold.67",12,2048680,"gradual",-385124
"7efffffffdbbf7dffdfb",2,71,"m.list_insert.3.fold.67",16,2533101,"gradual",-625316
"7efffffffdbbf7dffdfb",2,71,"m.list_insert.3.fold.67",20,3099051,"gradual",-1420474
"7efffffffdbbf7dffdfb",2,71,"m.list_insert.3.fold.67",24,4074946,"gradual",-2259529
"7efffffffdbbf7dffdfb",2,71,"m.list_insert.3.fold.67",28,5300428,"gradual",-3597245
"7efffffffdbbf7dffdfb",2,71,"m.list_insert.3.fold.67",32,7043364,"gradual",-4972449
"7efffffffdbbf7dffdfb",2,71,"m.list_insert.3.fold.67",36,9062840,"gradual",-7167334
"7efffffffdbbf7dffdfb",2,71,"m.list_insert.3.fold.67",40,11735266,"gradual",-9533688
"7efffffffdbbf7dffdfb",2,71,"m.list_insert.3.fold.67",44,14812620,"gradual",-12688316
"7efffffffdbbf7dffdfb",2,71,"m.list_insert.3.fold.67",48,18479896,"gradual",-16610645
"7efffffffdbbf7dffdfb",2,71,"m.list_insert.3.fold.67",52,22559551,"gradual",-20820412
"7efffffffdbbf7dffdfb",2,71,"m.list_insert.3.fold.67",56,27748253,"gradual",-24605285
"7efffffffdbbf7dffdfb",2,71,"m.list_insert.3.fold.67",60,33575743,"gradual",-30312865
"7efffffffdbbf7dffdfb",2,71,"m.list_insert.3.fold.67",64,39998555,"gradual",-37130304
"78ff7fe7fffdffffffef",3,71,"m.appendLemmaAfterLoopBody.2.post.11",60,2878769,"gradual",-211111
"7fffffffffff7ffdcfc6",4,71,"m.list_insert.5.inv.55",52,2184070,"gradual",-265946
"7fffffffffff7ffdcfc6",4,71,"m.list_insert.5.inv.55",64,2790524,"gradual",-265067
"7b7ffe7ffff7dfffefff",1,72,"p.sortedSeg.6.pred.73",64,2955118,"gradual",-182167
"7efffffffdbbf7fffdfb",2,72,"m.list_insert.5.inv.57",0,903286,"gradual",-569612
"7efffffffdbbf7fffdfb",2,72,"m.list_insert.5.inv.57",4,906945,"gradual",-527085
"7efffffffdbbf7fffdfb",2,72,"m.list_insert.5.inv.57",8,1047274,"gradual",-595386
"7efffffffdbbf7fffdfb",2,72,"m.list_insert.5.inv.57",12,1433173,"gradual",-615507
"7efffffffdbbf7fffdfb",2,72,"m.list_insert.5.inv.57",16,1838395,"gradual",-694706
"7efffffffdbbf7fffdfb",2,72,"m.list_insert.5.inv.57",20,2429390,"gradual",-669661
"7efffffffdbbf7fffdfb",2,72,"m.list_insert.5.inv.57",24,3349480,"gradual",-725466
"7efffffffdbbf7fffdfb",2,72,"m.list_insert.5.inv.57",28,4648846,"gradual",-651582
"7efffffffdbbf7fffdfb",2,72,"m.list_insert.5.inv.57",32,6278301,"gradual",-765063
"7efffffffdbbf7fffdfb",2,72,"m.list_insert.5.inv.57",36,8108918,"gradual",-953922
"7efffffffdbbf7fffdfb",2,72,"m.list_insert.5.inv.57",40,10632536,"gradual",-1102730
"7efffffffdbbf7fffdfb",2,72,"m.list_insert.5.inv.57",44,13882487,"gradual",-930133
"7efffffffdbbf7fffdfb",2,72,"m.list_insert.5.inv.57",48,17326220,"gradual",-1153676
"7efffffffdbbf7fffdfb",2,72,"m.list_insert.5.inv.57",52,21649324,"gradual",-910227
"7efffffffdbbf7fffdfb",2,72,"m.list_insert.5.inv.57",56,26413534,"gradual",-1334719
"7efffffffdbbf7fffdfb",2,72,"m.list_insert.5.inv.57",60,32299177,"gradual",-1276566
"7efffffffdbbf7fffdfb",2,72,"m.list_insert.5.inv.57",64,38461157,"gradual",-1537398
"7bfffefbff7bffff7fbf",7,72,"m.appendLemmaLoopBody.1.pre.23",40,1832293,"gradual",-182274
"7bfffefbff7bffff7fbf",7,72,"m.appendLemmaLoopBody.1.pre.23",52,2420742,"gradual",-367246
"7bfffefbff7bffff7fbf",7,72,"m.appendLemmaLoopBody.1.pre.23",56,2659566,"gradual",-187598
"7fffdf5fefdfffffffdf",5,73,"m.appendLemmaLoopBody.4.unfold.36",32,1524357,"gradual",-178717
"7ffffffff7fff7dffeef",0,74,"m.appendLemmaLoopBody.1.pre.19",40,2342196,"gradual",-184880
"7ffffffff7fff7dffeef",0,74,"m.appendLemmaLoopBody.1.pre.19",44,2687623,"gradual",-219642
"7ffffffff7fff7dffeef",0,74,"m.appendLemmaLoopBody.1.pre.19",48,2817710,"gradual",-262430
"7ffffffff7fff7dffeef",0,74,"m.appendLemmaLoopBody.1.pre.19",52,2963179,"gradual",-188669
"7ffffffffdbbf7fffdff",2,74,"m.appendLemmaAfterLoopBody.1.pre.6",36,8075115,"gradual",-196277
"7ffffffffdbbf7fffdff",2,74,"m.appendLemmaAfterLoopBody.1.pre.6",52,21620047,"gradual",-273490
"7ffffffffdbbf7fffdff",2,74,"m.appendLemmaAfterLoopBody.1.pre.6",60,32243059,"gradual",-516416
"7fffdf7fefdfffffffdf",5,74,"m.appendLemmaLoopBody.1.pre.25",56,2670325,"gradual",-220091
"7fffdf7fefdfffffffdf",5,74,"m.appendLemmaLoopBody.1.pre.25",64,3120849,"gradual",-238385
"7bfffefbffffffff7fbf",7,74,"m.list_insert.4.unfold.44",0,921057,"gradual",-633243
"7fffffffffbbf7fffdff",2,75,"m.appendLemmaLoopBody.3.fold.37",56,26532017,"gradual",-393617
"7fffffffffbbf7fffdff",2,75,"m.appendLemmaLoopBody.3.fold.37",64,38734844,"gradual",-190842
"5fff7ffff7ffdfffffff",6,75,"m.list_insert.4.unfold.45",60,2754683,"gradual",-213843
"7ffffffffffff7fffeef",0,76,"m.list_insert.5.inv.57",0,928204,"gradual",-555104
"7ffffffffffff7fffeef",0,76,"m.list_insert.5.inv.57",4,882302,"gradual",-572501
"7ffffffffffff7fffeef",0,76,"m.list_insert.5.inv.57",8,879012,"gradual",-615132
"7ffffffffffff7fffeef",0,76,"m.list_insert.5.inv.57",12,923966,"gradual",-618333
"7ffffffffffff7fffeef",0,76,"m.list_insert.5.inv.57",16,1024102,"gradual",-567932
"7ffffffffffff7fffeef",0,76,"m.list_insert.5.inv.57",20,1149692,"gradual",-548966
"7ffffffffffff7fffeef",0,76,"m.list_insert.5.inv.57",24,1301775,"gradual",-517884
"7ffffffffffff7fffeef",0,76,"m.list_insert.5.inv.57",28,1355784,"gradual",-602386
"7ffffffffffff7fffeef",0,76,"m.list_insert.5.inv.57",32,1484131,"gradual",-641228
"7ffffffffffff7fffeef",0,76,"m.list_insert.5.inv.57",36,1646989,"gradual",-569723
"7ffffffffffff7fffeef",0,76,"m.list_insert.5.inv.57",40,1731091,"gradual",-620652
"7ffffffffffff7fffeef",0,76,"m.list_insert.5.inv.57",44,1918585,"gradual",-718178
"7ffffffffffff7fffeef",0,76,"m.list_insert.5.inv.57",48,2091546,"gradual",-669948
"7ffffffffffff7fffeef",0,76,"m.list_insert.5.inv.57",52,2337438,"gradual",-624550
"7ffffffffffff7fffeef",0,76,"m.list_insert.5.inv.57",56,2511795,"gradual",-666814
"7ffffffffffff7fffeef",0,76,"m.list_insert.5.inv.57",60,2751213,"gradual",-578763
"7ffffffffffff7fffeef",0,76,"m.list_insert.5.inv.57",64,3033854,"gradual",-608350
"7fffffffffbbfffffdff",2,76,"m.list_insert.5.inv.51",48,17274732,"gradual",-201951
"7fffffffffbbfffffdff",2,76,"m.list_insert.5.inv.51",52,21557396,"gradual",-332959
"7fffffffffbbfffffdff",2,76,"m.list_insert.5.inv.51",60,31983978,"gradual",-458635
"7fffffffffbbfffffdff",2,76,"m.list_insert.5.inv.51",64,38377330,"gradual",-357514
"79ff7fffffffffffffff",3,76,"m.list_insert.4.unfold.45",64,3080971,"gradual",-179712
"7bfffefbffffffffffff",7,76,"p.sortedSeg.6.pred.72",36,1674364,"gradual",-195355
"7bfffefbffffffffffff",7,76,"p.sortedSeg.6.pred.72",60,2807742,"gradual",-251867
"7bfffefbffffffffffff",7,76,"p.sortedSeg.6.pred.72",64,3007469,"gradual",-229515
"7fffff7fefffffffffff",5,77,"p.sortedSeg.6.pred.73",56,2538409,"gradual",-229748
"7ffffffffffbffffffff",2,78,"m.main.5.inv.69",8,927088,"gradual",-199863
"7ffffffffffbffffffff",2,78,"m.main.5.inv.69",12,1055785,"gradual",-336848
"7ffffffffffbffffffff",2,78,"m.main.5.inv.69",16,1054102,"gradual",-728850
"7ffffffffffbffffffff",2,78,"m.main.5.inv.69",20,1188263,"gradual",-1306302
"7ffffffffffbffffffff",2,78,"m.main.5.inv.69",24,1285299,"gradual",-2138833
"7ffffffffffbffffffff",2,78,"m.main.5.inv.69",28,1354332,"gradual",-3306729
"7ffffffffffbffffffff",2,78,"m.main.5.inv.69",32,1485408,"gradual",-4773700
"7ffffffffffbffffffff",2,78,"m.main.5.inv.69",36,1644787,"gradual",-6608938
"7ffffffffffbffffffff",2,78,"m.main.5.inv.69",40,1783556,"gradual",-9015445
"7ffffffffffbffffffff",2,78,"m.main.5.inv.69",44,1930379,"gradual",-11772283
"7ffffffffffbffffffff",2,78,"m.main.5.inv.69",48,2093967,"gradual",-15243981
"7ffffffffffbffffffff",2,78,"m.main.5.inv.69",52,2321363,"gradual",-19154699
"7ffffffffffbffffffff",2,78,"m.main.5.inv.69",56,2588246,"gradual",-24068396
"7ffffffffffbffffffff",2,78,"m.main.5.inv.69",60,2931129,"gradual",-29376933
"7ffffffffffbffffffff",2,78,"m.main.5.inv.69",64,3063228,"gradual",-35434874
"7fffffffffffffffffef",4,78,"p.sortedSeg.6.pred.73",56,2570554,"gradual",-247811
"7fffffffffffffffffef",4,78,"p.sortedSeg.6.pred.73",60,2846731,"gradual",-184090
"5fffffffffffffffffff",6,78,"m.appendLemmaLoopBody.3.fold.35",52,2351419,"gradual",-1808375
"7fffffffffffffffffff",0,79,"p.sorted.6.pred.70",20,1181547,"gradual",-180339
"7fffffffffffffffffff",0,79,"p.sorted.6.pred.70",24,1252969,"gradual",-181667
