program_id,permutation_id,path_id,level_id,context_name,spec_type,expr_type
5,10,81,1,appendLemmaAfterLoopBody,post,bool
5,12,81,2,create_list,post,pred
5,13,81,3,appendLemmaAfterLoopBody,post,acc
5,15,81,4,list_insert,inv,bool
5,17,81,5,appendLemmaAfterLoopBody,post,bool
5,19,81,6,appendLemmaLoopBody,fold,pred
5,21,81,7,sortedSegHelper,pred,pred
5,23,81,8,appendLemmaLoopBody,pre,bool
5,24,81,9,list_insert,fold,pred
5,26,81,10,list_insert,fold,pred
5,28,81,11,appendLemmaAfterLoopBody,pre,acc
5,30,81,12,sortedSegHelper,pred,bool
5,32,81,13,list_insert,unfold,pred
5,34,81,14,list_insert,unfold,pred
5,36,81,15,appendLemmaLoopBody,pre,pred
5,38,81,16,list_insert,fold,pred
5,40,81,17,appendLemmaLoopBody,pre,pred
5,43,81,18,appendLemmaAfterLoopBody,pre,bool
5,45,81,19,create_list,fold,pred
5,47,81,20,list_insert,fold,pred
5,48,81,21,appendLemmaAfterLoopBody,pre,pred
5,51,81,22,list_insert,inv,acc
5,53,81,23,main,inv,bool
5,55,81,24,appendLemmaLoopBody,unfold,pred
5,57,81,25,sortedSegHelper,pred,acc
5,60,81,26,create_list,pre,bool
5,62,81,27,list_insert,inv,pred
5,65,81,28,sortedSegHelper,pred,bool
5,68,81,29,create_list,fold,pred
5,70,81,30,appendLemmaAfterLoopBody,fold,pred
5,73,81,31,appendLemmaAfterLoopBody,unfold,pred
5,76,81,32,appendLemmaLoopBody,pre,bool
5,79,81,33,appendLemmaAfterLoopBody,post,acc
5,83,81,34,sortedSegHelper,pred,acc
5,86,81,35,appendLemmaAfterLoopBody,unfold,pred
5,89,81,36,list_insert,inv,acc
5,92,81,37,list_insert,inv,pred
5,95,81,38,appendLemmaAfterLoopBody,pre,acc
5,99,81,39,appendLemmaAfterLoopBody,pre,bool
5,102,81,40,appendLemmaLoopBody,pre,bool
5,105,81,41,list_insert,inv,bool
5,108,81,42,appendLemmaLoopBody,pre,bool
5,111,81,43,appendLemmaLoopBody,pre,acc
5,114,81,44,sortedSeg,pred,bool
5,116,81,45,appendLemmaLoopBody,post,bool
5,120,81,46,list_insert,fold,pred
5,123,81,47,list_insert,pre,pred
5,126,81,48,list_insert,fold,pred
5,131,81,49,list_insert,inv,acc
5,132,81,50,appendLemmaLoopBody,unfold,pred
5,137,81,51,sortedSeg,pred,acc
5,141,81,52,appendLemmaLoopBody,post,bool
5,145,81,53,sorted,pred,pred
5,150,81,54,list_insert,fold,pred
5,155,81,55,sorted,pred,rem_imp
5,158,81,56,main,inv,pred
5,162,81,57,list_insert,inv,acc
5,167,81,58,appendLemmaAfterLoopBody,pre,pred
5,171,81,59,appendLemmaAfterLoopBody,pre,acc
5,175,81,60,appendLemmaLoopBody,post,pred
5,178,81,61,list_insert,unfold,pred
5,183,81,62,appendLemmaAfterLoopBody,post,pred
5,186,81,63,list_insert,fold,pred
5,190,81,64,main,inv,bool
5,194,81,65,appendLemmaLoopBody,pre,pred
5,197,81,66,main,inv,rem_imp
5,202,81,67,list_insert,fold,pred
5,204,81,68,appendLemmaLoopBody,pre,bool
5,210,81,69,appendLemmaLoopBody,pre,acc
5,213,81,70,sortedSeg,pred,acc
5,217,81,71,appendLemmaLoopBody,post,acc
5,220,81,72,appendLemmaAfterLoopBody,pre,bool
5,225,81,73,list_insert,unfold,pred
5,230,81,74,sortedSeg,pred,pred
5,233,81,75,appendLemmaAfterLoopBody,pre,bool
5,239,81,76,main,post,bool
5,243,81,77,appendLemmaLoopBody,post,pred
5,247,81,78,appendLemmaAfterLoopBody,pre,acc
5,250,81,79,main,post,rem_imp
5,256,81,80,appendLemmaLoopBody,post,acc
5,260,81,81,appendLemmaLoopBody,fold,pred
5,266,81,82,create_list,fold,pred
5,270,81,83,appendLemmaLoopBody,pre,acc
5,275,81,84,appendLemmaAfterLoopBody,fold,pred
5,280,81,85,appendLemmaAfterLoopBody,pre,bool
5,285,81,86,create_list,post,rem_imp
5,290,81,87,list_insert,post,pred
5,297,81,88,sortedSegHelper,pred,bool
5,300,81,89,appendLemmaLoopBody,pre,bool
5,305,81,90,list_insert,unfold,pred
5,310,81,91,appendLemmaLoopBody,post,bool
5,315,81,92,appendLemmaLoopBody,pre,bool
5,321,81,93,create_list,pre,rem_imp
5,328,81,94,list_insert,unfold,pred
5,335,81,95,list_insert,inv,bool
5,340,81,96,main,pre,bool
5,343,81,97,appendLemmaAfterLoopBody,post,rem_imp
5,348,81,98,appendLemmaLoopBody,post,rem_imp
5,353,81,99,main,pre,rem_imp
5,357,81,100,appendLemmaLoopBody,pre,acc
5,362,81,101,sortedSeg,pred,rem_imp
5,367,81,102,list_insert,fold,pred
5,372,81,103,list_insert,pre,rem_imp
5,375,81,104,appendLemmaAfterLoopBody,pre,bool
5,381,81,105,appendLemmaAfterLoopBody,pre,rem_imp
5,386,81,106,appendLemmaLoopBody,pre,rem_imp
5,391,81,107,sortedSegHelper,pred,rem_imp
5,397,81,108,list_insert,post,rem_imp
5,403,81,109,list_insert,inv,rem_imp
5,409,82,1,appendLemmaLoopBody,unfold,pred
5,415,82,2,appendLemmaLoopBody,pre,bool
5,421,82,3,list_insert,inv,acc
5,427,82,4,list_insert,inv,bool
5,432,82,5,create_list,post,pred
5,439,82,6,appendLemmaAfterLoopBody,pre,bool
5,447,82,7,list_insert,inv,pred
5,450,82,8,sortedSegHelper,pred,bool
5,457,82,9,appendLemmaLoopBody,pre,bool
5,463,82,10,appendLemmaLoopBody,pre,bool
5,469,82,11,create_list,pre,bool
5,475,82,12,appendLemmaAfterLoopBody,pre,acc
5,481,82,13,appendLemmaAfterLoopBody,pre,bool
5,487,82,14,list_insert,inv,pred
5,493,82,15,list_insert,fold,pred
5,497,82,16,sortedSeg,pred,acc
5,503,82,17,appendLemmaAfterLoopBody,fold,pred
5,509,82,18,list_insert,fold,pred
5,515,82,19,main,inv,bool
5,521,82,20,sortedSegHelper,pred,acc
5,527,82,21,appendLemmaAfterLoopBody,unfold,pred
5,533,82,22,sortedSegHelper,pred,bool
5,539,82,23,appendLemmaAfterLoopBody,pre,bool
5,541,82,24,list_insert,inv,acc
5,547,82,25,appendLemmaLoopBody,pre,acc
5,555,82,26,main,post,bool
5,560,82,27,appendLemmaLoopBody,post,pred
5,570,82,28,appendLemmaAfterLoopBody,pre,acc
5,574,82,29,appendLemmaLoopBody,pre,acc
5,582,82,30,list_insert,fold,pred
5,587,82,31,list_insert,unfold,pred
5,592,82,32,list_insert,fold,pred
5,598,82,33,main,pre,bool
5,605,82,34,list_insert,post,pred
5,610,82,35,main,inv,pred
5,616,82,36,list_insert,unfold,pred
5,622,82,37,appendLemmaLoopBody,pre,acc
5,628,82,38,create_list,fold,pred
5,633,82,39,list_insert,fold,pred
5,638,82,40,appendLemmaAfterLoopBody,unfold,pred
5,644,82,41,appendLemmaLoopBody,pre,bool
5,650,82,42,list_insert,unfold,pred
5,657,82,43,sortedSeg,pred,acc
5,662,82,44,appendLemmaAfterLoopBody,post,acc
5,668,82,45,appendLemmaLoopBody,pre,bool
5,674,82,46,appendLemmaAfterLoopBody,pre,bool
5,680,82,47,appendLemmaLoopBody,post,acc
5,686,82,48,appendLemmaAfterLoopBody,post,bool
5,692,82,49,list_insert,inv,acc
5,699,82,50,list_insert,fold,pred
5,704,82,51,appendLemmaLoopBody,post,acc
5,710,82,52,list_insert,inv,acc
5,716,82,53,sorted,pred,pred
5,722,82,54,appendLemmaAfterLoopBody,post,pred
5,730,82,55,main,inv,bool
5,735,82,56,sorted,pred,rem_imp
5,742,82,57,list_insert,fold,pred
5,750,82,58,appendLemmaLoopBody,pre,pred
5,754,82,59,appendLemmaLoopBody,pre,pred
5,759,82,60,appendLemmaAfterLoopBody,pre,pred
5,765,82,61,sortedSeg,pred,bool
5,772,82,62,list_insert,unfold,pred
5,778,82,63,list_insert,inv,bool
5,781,82,64,list_insert,fold,pred
5,791,82,65,appendLemmaLoopBody,fold,pred
5,793,82,66,appendLemmaAfterLoopBody,pre,pred
5,799,82,67,list_insert,fold,pred
5,805,82,68,sortedSegHelper,pred,pred
5,811,82,69,appendLemmaAfterLoopBody,fold,pred
5,817,82,70,create_list,fold,pred
5,823,82,71,list_insert,pre,pred
5,829,82,72,appendLemmaLoopBody,unfold,pred
5,834,82,73,sortedSegHelper,pred,bool
5,838,82,74,appendLemmaAfterLoopBody,pre,bool
5,844,82,75,appendLemmaLoopBody,pre,bool
5,850,82,76,appendLemmaLoopBody,pre,pred
5,854,82,77,sortedSeg,pred,pred
5,861,82,78,appendLemmaAfterLoopBody,post,bool
5,866,82,79,main,inv,rem_imp
5,871,82,80,appendLemmaAfterLoopBody,pre,bool
5,879,82,81,create_list,fold,pred
5,885,82,82,list_insert,inv,bool
5,893,82,83,appendLemmaLoopBody,post,pred
5,897,82,84,appendLemmaLoopBody,pre,bool
5,905,82,85,appendLemmaAfterLoopBody,pre,acc
5,909,82,86,create_list,pre,rem_imp
5,918,82,87,sortedSegHelper,pred,acc
5,926,82,88,appendLemmaLoopBody,pre,acc
5,933,82,89,sortedSeg,pred,rem_imp
5,939,82,90,list_insert,unfold,pred
5,944,82,91,main,post,rem_imp
5,948,82,92,appendLemmaAfterLoopBody,post,acc
5,954,82,93,appendLemmaLoopBody,post,bool
5,963,82,94,list_insert,fold,pred
5,967,82,95,appendLemmaAfterLoopBody,post,rem_imp
5,975,82,96,sortedSegHelper,pred,rem_imp
5,980,82,97,appendLemmaLoopBody,post,bool
5,985,82,98,appendLemmaLoopBody,post,bool
5,991,82,99,appendLemmaAfterLoopBody,pre,acc
5,997,82,100,list_insert,unfold,pred
5,1003,82,101,list_insert,pre,rem_imp
5,1009,82,102,list_insert,post,rem_imp
5,1015,82,103,main,pre,rem_imp
5,1021,82,104,appendLemmaLoopBody,fold,pred
5,1026,82,105,appendLemmaAfterLoopBody,pre,rem_imp
5,1031,82,106,appendLemmaLoopBody,pre,rem_imp
5,1034,82,107,create_list,post,rem_imp
5,1040,82,108,appendLemmaLoopBody,post,rem_imp
5,1046,82,109,list_insert,inv,rem_imp
5,1055,83,1,appendLemmaAfterLoopBody,pre,bool
5,1061,83,2,list_insert,fold,pred
5,1069,83,3,list_insert,fold,pred
5,1071,83,4,sortedSegHelper,pred,bool
5,1079,83,5,main,post,bool
5,1085,83,6,list_insert,inv,acc
5,1091,83,7,list_insert,unfold,pred
5,1097,83,8,appendLemmaLoopBody,post,pred
5,1103,83,9,create_list,pre,bool
5,1109,83,10,appendLemmaAfterLoopBody,pre,acc
5,1115,83,11,main,inv,bool
5,1121,83,12,appendLemmaAfterLoopBody,post,bool
5,1127,83,13,appendLemmaLoopBody,post,acc
5,1133,83,14,sortedSegHelper,pred,bool
5,1138,83,15,list_insert,inv,acc
5,1144,83,16,list_insert,inv,pred
5,1149,83,17,appendLemmaAfterLoopBody,pre,bool
5,1154,83,18,appendLemmaLoopBody,pre,bool
5,1161,83,19,appendLemmaAfterLoopBody,pre,bool
5,1166,83,20,sortedSeg,pred,bool
5,1175,83,21,list_insert,fold,pred
5,1180,83,22,create_list,fold,pred
5,1186,83,23,list_insert,fold,pred
5,1191,83,24,appendLemmaLoopBody,pre,bool
5,1196,83,25,appendLemmaAfterLoopBody,pre,bool
5,1202,83,26,list_insert,inv,bool
5,1208,83,27,create_list,fold,pred
5,1210,83,28,appendLemmaAfterLoopBody,unfold,pred
5,1216,83,29,appendLemmaLoopBody,post,bool
5,1222,83,30,sortedSeg,pred,acc
5,1228,83,31,appendLemmaLoopBody,pre,bool
5,1233,83,32,create_list,post,pred
5,1241,83,33,list_insert,fold,pred
5,1247,83,34,appendLemmaLoopBody,post,acc
5,1252,83,35,appendLemmaLoopBody,pre,acc
5,1258,83,36,appendLemmaLoopBody,post,pred
5,1264,83,37,sortedSeg,pred,acc
5,1270,83,38,list_insert,unfold,pred
5,1279,83,39,list_insert,fold,pred
5,1284,83,40,appendLemmaLoopBody,post,bool
5,1290,83,41,list_insert,post,pred
5,1295,83,42,main,inv,pred
5,1301,83,43,appendLemmaLoopBody,post,bool
5,1307,83,44,sortedSegHelper,pred,acc
5,1312,83,45,list_insert,inv,acc
5,1317,83,46,main,pre,bool
5,1323,83,47,appendLemmaAfterLoopBody,pre,pred
5,1334,83,48,list_insert,pre,pred
5,1336,83,49,appendLemmaLoopBody,pre,pred
5,1342,83,50,list_insert,fold,pred
5,1350,83,51,appendLemmaLoopBody,pre,acc
5,1358,83,52,list_insert,unfold,pred
5,1365,83,53,appendLemmaLoopBody,pre,bool
5,1370,83,54,appendLemmaAfterLoopBody,pre,bool
5,1378,83,55,main,pre,rem_imp
5,1382,83,56,list_insert,unfold,pred
5,1389,83,57,appendLemmaAfterLoopBody,post,pred
5,1394,83,58,appendLemmaAfterLoopBody,fold,pred
5,1399,83,59,appendLemmaLoopBody,pre,pred
5,1404,83,60,appendLemmaAfterLoopBody,pre,acc
5,1410,83,61,main,inv,bool
5,1418,83,62,appendLemmaLoopBody,fold,pred
5,1421,83,63,sortedSegHelper,pred,pred
5,1429,83,64,list_insert,inv,acc
5,1434,83,65,appendLemmaLoopBody,pre,bool
5,1441,83,66,appendLemmaLoopBody,pre,pred
5,1446,83,67,appendLemmaAfterLoopBody,fold,pred
5,1453,83,68,sortedSegHelper,pred,bool
5,1459,83,69,list_insert,inv,bool
5,1465,83,70,main,inv,rem_imp
5,1472,83,71,appendLemmaLoopBody,pre,bool
5,1480,83,72,list_insert,fold,pred
5,1488,83,73,list_insert,fold,pred
5,1491,83,74,main,post,rem_imp
5,1497,83,75,create_list,fold,pred
5,1503,83,76,appendLemmaAfterLoopBody,post,acc
5,1509,83,77,sortedSegHelper,pred,acc
5,1515,83,78,appendLemmaAfterLoopBody,unfold,pred
5,1520,83,79,create_list,post,rem_imp
5,1525,83,80,appendLemmaAfterLoopBody,post,acc
5,1532,83,81,appendLemmaAfterLoopBody,post,bool
5,1537,83,82,appendLemmaAfterLoopBody,post,rem_imp
5,1543,83,83,appendLemmaLoopBody,pre,acc
5,1549,83,84,appendLemmaAfterLoopBody,pre,bool
5,1555,83,85,list_insert,inv,bool
5,1560,83,86,appendLemmaAfterLoopBody,pre,pred
5,1566,83,87,appendLemmaAfterLoopBody,pre,acc
5,1571,83,88,appendLemmaLoopBody,unfold,pred
5,1577,83,89,appendLemmaLoopBody,pre,bool
5,1583,83,90,appendLemmaAfterLoopBody,pre,acc
5,1589,83,91,appendLemmaLoopBody,unfold,pred
5,1595,83,92,sortedSegHelper,pred,rem_imp
5,1601,83,93,list_insert,unfold,pred
5,1607,83,94,sorted,pred,pred
5,1613,83,95,sortedSeg,pred,pred
5,1619,83,96,appendLemmaLoopBody,pre,acc
5,1625,83,97,create_list,pre,rem_imp
5,1631,83,98,list_insert,unfold,pred
5,1636,83,99,sorted,pred,rem_imp
5,1643,83,100,list_insert,fold,pred
5,1649,83,101,sortedSeg,pred,rem_imp
5,1652,83,102,list_insert,inv,pred
5,1659,83,103,list_insert,pre,rem_imp
5,1664,83,104,list_insert,post,rem_imp
5,1670,83,105,list_insert,inv,rem_imp
5,1678,83,106,appendLemmaLoopBody,fold,pred
5,1685,83,107,appendLemmaAfterLoopBody,pre,rem_imp
5,1688,83,108,appendLemmaLoopBody,pre,rem_imp
5,1697,83,109,appendLemmaLoopBody,post,rem_imp
5,1705,84,1,appendLemmaAfterLoopBody,post,bool
5,1711,84,2,list_insert,inv,acc
5,1716,84,3,sortedSeg,pred,pred
5,1722,84,4,list_insert,fold,pred
5,1728,84,5,main,inv,bool
5,1733,84,6,sortedSegHelper,pred,pred
5,1739,84,7,list_insert,inv,bool
5,1745,84,8,list_insert,inv,pred
5,1751,84,9,list_insert,unfold,pred
5,1756,84,10,sortedSegHelper,pred,acc
5,1761,84,11,appendLemmaLoopBody,pre,pred
5,1769,84,12,sortedSeg,pred,acc
5,1774,84,13,appendLemmaLoopBody,pre,bool
5,1779,84,14,appendLemmaLoopBody,pre,acc
5,1787,84,15,appendLemmaLoopBody,pre,acc
5,1793,84,16,appendLemmaAfterLoopBody,pre,bool
5,1799,84,17,appendLemmaAfterLoopBody,post,bool
5,1802,84,18,list_insert,fold,pred
5,1807,84,19,list_insert,inv,acc
5,1816,84,20,list_insert,inv,bool
5,1823,84,21,create_list,fold,pred
5,1827,84,22,appendLemmaLoopBody,pre,bool
5,1835,84,23,appendLemmaAfterLoopBody,pre,acc
5,1839,84,24,sortedSegHelper,pred,bool
5,1845,84,25,appendLemmaLoopBody,pre,bool
5,1850,84,26,appendLemmaAfterLoopBody,post,acc
5,1856,84,27,appendLemmaLoopBody,pre,bool
5,1861,84,28,appendLemmaAfterLoopBody,pre,bool
5,1869,84,29,appendLemmaLoopBody,post,pred
5,1873,84,30,appendLemmaLoopBody,pre,pred
5,1880,84,31,sorted,pred,pred
5,1887,84,32,appendLemmaLoopBody,pre,acc
5,1893,84,33,sortedSeg,pred,acc
5,1898,84,34,list_insert,fold,pred
5,1904,84,35,list_insert,unfold,pred
5,1910,84,36,appendLemmaAfterLoopBody,pre,bool
5,1916,84,37,appendLemmaAfterLoopBody,post,acc
5,1922,84,38,list_insert,inv,pred
5,1928,84,39,list_insert,fold,pred
5,1935,84,40,appendLemmaAfterLoopBody,pre,acc
5,1941,84,41,list_insert,fold,pred
5,1943,84,42,appendLemmaLoopBody,pre,acc
5,1952,84,43,create_list,fold,pred
5,1957,84,44,appendLemmaAfterLoopBody,fold,pred
5,1963,84,45,list_insert,unfold,pred
5,1971,84,46,appendLemmaLoopBody,post,bool
5,1977,84,47,list_insert,fold,pred
5,1981,84,48,sorted,pred,rem_imp
5,1989,84,49,appendLemmaLoopBody,unfold,pred
5,1992,84,50,appendLemmaAfterLoopBody,unfold,pred
5,1999,84,51,list_insert,inv,bool
5,2006,84,52,appendLemmaLoopBody,post,acc
5,2013,84,53,appendLemmaLoopBody,post,bool
5,2021,84,54,list_insert,fold,pred
5,2026,84,55,create_list,fold,pred
5,2031,84,56,appendLemmaAfterLoopBody,pre,acc
5,2036,84,57,appendLemmaLoopBody,post,pred
5,2042,84,58,sortedSegHelper,pred,bool
5,2048,84,59,appendLemmaAfterLoopBody,pre,pred
5,2054,84,60,appendLemmaAfterLoopBody,pre,bool
5,2060,84,61,main,inv,bool
5,2066,84,62,appendLemmaAfterLoopBody,pre,bool
5,2072,84,63,list_insert,unfold,pred
5,2078,84,64,appendLemmaAfterLoopBody,unfold,pred
5,2084,84,65,appendLemmaLoopBody,pre,pred
5,2090,84,66,appendLemmaLoopBody,fold,pred
5,2096,84,67,list_insert,inv,acc
5,2102,84,68,appendLemmaAfterLoopBody,pre,acc
5,2108,84,69,appendLemmaLoopBody,post,bool
5,2114,84,70,list_insert,fold,pred
5,2120,84,71,appendLemmaLoopBody,fold,pred
5,2126,84,72,create_list,post,pred
5,2132,84,73,create_list,pre,bool
5,2138,84,74,create_list,pre,rem_imp
5,2144,84,75,list_insert,unfold,pred
5,2150,84,76,main,post,bool
5,2156,84,77,main,pre,bool
5,2162,84,78,appendLemmaLoopBody,post,acc
5,2168,84,79,appendLemmaLoopBody,pre,bool
5,2174,84,80,list_insert,pre,pred
5,2180,84,81,sortedSeg,pred,bool
5,2186,84,82,appendLemmaAfterLoopBody,pre,bool
5,2192,84,83,appendLemmaLoopBody,pre,bool
5,2198,84,84,main,pre,rem_imp
5,2204,84,85,appendLemmaAfterLoopBody,pre,pred
5,2210,84,86,appendLemmaLoopBody,pre,bool
5,2218,84,87,list_insert,fold,pred
5,2223,84,88,create_list,post,rem_imp
5,2230,84,89,sortedSegHelper,pred,acc
5,2234,84,90,appendLemmaAfterLoopBody,post,pred
5,2239,84,91,list_insert,fold,pred
5,2247,84,92,list_insert,inv,acc
5,2252,84,93,main,inv,pred
5,2259,84,94,appendLemmaAfterLoopBody,fold,pred
5,2264,84,95,list_insert,unfold,pred
5,2269,84,96,appendLemmaAfterLoopBody,pre,rem_imp
5,2275,84,97,main,post,rem_imp
5,2281,84,98,appendLemmaAfterLoopBody,post,rem_imp
5,2287,84,99,main,inv,rem_imp
5,2294,84,100,list_insert,inv,rem_imp
5,2300,84,101,list_insert,post,pred
5,2306,84,102,sortedSeg,pred,rem_imp
5,2312,84,103,appendLemmaLoopBody,unfold,pred
5,2318,84,104,list_insert,pre,rem_imp
5,2325,84,105,appendLemmaLoopBody,post,rem_imp
5,2330,84,106,sortedSegHelper,pred,bool
5,2336,84,107,appendLemmaLoopBody,pre,rem_imp
5,2342,84,108,sortedSegHelper,pred,rem_imp
5,2348,84,109,list_insert,post,rem_imp
5,2358,85,1,appendLemmaLoopBody,pre,bool
5,2361,85,2,list_insert,fold,pred
5,2369,85,3,appendLemmaLoopBody,post,bool
5,2376,85,4,list_insert,inv,acc
5,2379,85,5,sortedSeg,pred,pred
5,2385,85,6,main,inv,bool
5,2391,85,7,main,inv,pred
5,2399,85,8,appendLemmaLoopBody,post,bool
5,2407,85,9,appendLemmaAfterLoopBody,pre,bool
5,2411,85,10,appendLemmaAfterLoopBody,pre,pred
5,2419,85,11,list_insert,unfold,pred
5,2423,85,12,create_list,fold,pred
5,2429,85,13,list_insert,inv,bool
5,2435,85,14,sortedSeg,pred,acc
5,2441,85,15,list_insert,fold,pred
5,2447,85,16,sortedSegHelper,pred,bool
5,2452,85,17,list_insert,fold,pred
5,2456,85,18,list_insert,unfold,pred
5,2461,85,19,appendLemmaAfterLoopBody,post,pred
5,2467,85,20,list_insert,pre,pred
5,2473,85,21,list_insert,fold,pred
5,2479,85,22,appendLemmaAfterLoopBody,unfold,pred
5,2485,85,23,appendLemmaLoopBody,pre,bool
5,2489,85,24,list_insert,fold,pred
5,2496,85,25,appendLemmaLoopBody,pre,bool
5,2501,85,26,main,post,bool
5,2507,85,27,appendLemmaAfterLoopBody,pre,bool
5,2513,85,28,appendLemmaLoopBody,pre,bool
5,2518,85,29,list_insert,unfold,pred
5,2524,85,30,list_insert,inv,pred
5,2534,85,31,appendLemmaAfterLoopBody,post,acc
5,2539,85,32,list_insert,inv,bool
5,2545,85,33,appendLemmaLoopBody,post,acc
5,2551,85,34,list_insert,inv,acc
5,2557,85,35,list_insert,fold,pred
5,2563,85,36,create_list,fold,pred
5,2568,85,37,appendLemmaLoopBody,post,acc
5,2575,85,38,appendLemmaAfterLoopBody,pre,acc
5,2582,85,39,main,inv,bool
5,2587,85,40,list_insert,inv,acc
5,2594,85,41,appendLemmaLoopBody,fold,pred
5,2600,85,42,list_insert,fold,pred
5,2606,85,43,appendLemmaAfterLoopBody,pre,acc
5,2612,85,44,appendLemmaLoopBody,pre,acc
5,2618,85,45,appendLemmaAfterLoopBody,pre,acc
5,2622,85,46,appendLemmaAfterLoopBody,post,bool
5,2627,85,47,appendLemmaAfterLoopBody,fold,pred
5,2634,85,48,appendLemmaLoopBody,pre,bool
5,2639,85,49,appendLemmaLoopBody,pre,bool
5,2644,85,50,create_list,post,pred
5,2650,85,51,appendLemmaAfterLoopBody,fold,pred
5,2656,85,52,sortedSegHelper,pred,pred
5,2662,85,53,appendLemmaAfterLoopBody,post,bool
5,2668,85,54,appendLemmaLoopBody,pre,acc
5,2674,85,55,sortedSegHelper,pred,acc
5,2680,85,56,appendLemmaLoopBody,pre,pred
5,2686,85,57,list_insert,fold,pred
5,2692,85,58,create_list,pre,bool
5,2698,85,59,appendLemmaAfterLoopBody,pre,bool
5,2704,85,60,list_insert,unfold,pred
5,2710,85,61,main,inv,rem_imp
5,2714,85,62,appendLemmaLoopBody,pre,acc
5,2721,85,63,appendLemmaAfterLoopBody,pre,acc
5,2727,85,64,main,post,rem_imp
5,2733,85,65,appendLemmaLoopBody,unfold,pred
5,2739,85,66,sortedSegHelper,pred,acc
5,2745,85,67,appendLemmaLoopBody,pre,bool
5,2751,85,68,list_insert,inv,pred
5,2754,85,69,sorted,pred,pred
5,2760,85,70,list_insert,post,pred
5,2766,85,71,appendLemmaLoopBody,post,pred
5,2772,85,72,appendLemmaAfterLoopBody,post,acc
5,2778,85,73,sortedSeg,pred,bool
5,2784,85,74,list_insert,unfold,pred
5,2790,85,75,appendLemmaAfterLoopBody,pre,bool
5,2795,85,76,list_insert,inv,acc
5,2802,85,77,create_list,fold,pred
5,2809,85,78,sortedSeg,pred,acc
5,2815,85,79,list_insert,unfold,pred
5,2821,85,80,sorted,pred,rem_imp
5,2827,85,81,sortedSegHelper,pred,bool
5,2831,85,82,appendLemmaAfterLoopBody,pre,pred
5,2836,85,83,appendLemmaLoopBody,fold,pred
5,2842,85,84,list_insert,inv,bool
5,2848,85,85,sortedSeg,pred,rem_imp
5,2854,85,86,appendLemmaAfterLoopBody,pre,bool
5,2860,85,87,list_insert,fold,pred
5,2866,85,88,create_list,pre,rem_imp
5,2872,85,89,appendLemmaLoopBody,pre,pred
5,2878,85,90,appendLemmaLoopBody,post,pred
5,2884,85,91,appendLemmaLoopBody,pre,pred
5,2889,85,92,appendLemmaLoopBody,pre,acc
5,2895,85,93,appendLemmaAfterLoopBody,pre,bool
5,2903,85,94,sortedSegHelper,pred,bool
5,2907,85,95,appendLemmaAfterLoopBody,unfold,pred
5,2914,85,96,appendLemmaLoopBody,unfold,pred
5,2921,85,97,main,pre,bool
5,2926,85,98,appendLemmaAfterLoopBody,pre,rem_imp
5,2932,85,99,appendLemmaAfterLoopBody,post,rem_imp
5,2941,85,100,appendLemmaLoopBody,pre,rem_imp
5,2946,85,101,main,pre,rem_imp
5,2950,85,102,list_insert,fold,pred
5,2957,85,103,list_insert,inv,rem_imp
5,2962,85,104,appendLemmaLoopBody,post,bool
5,2968,85,105,create_list,post,rem_imp
5,2976,85,106,sortedSegHelper,pred,rem_imp
5,2978,85,107,list_insert,pre,rem_imp
5,2988,85,108,appendLemmaLoopBody,post,rem_imp
5,2992,85,109,list_insert,post,rem_imp
5,3001,86,1,list_insert,fold,pred
5,3006,86,2,appendLemmaLoopBody,unfold,pred
5,3013,86,3,appendLemmaAfterLoopBody,unfold,pred
5,3020,86,4,appendLemmaLoopBody,post,bool
5,3025,86,5,create_list,fold,pred
5,3033,86,6,list_insert,fold,pred
5,3037,86,7,list_insert,fold,pred
5,3045,86,8,appendLemmaAfterLoopBody,post,bool
5,3049,86,9,appendLemmaAfterLoopBody,pre,acc
5,3055,86,10,sortedSegHelper,pred,acc
5,3061,86,11,create_list,fold,pred
5,3067,86,12,appendLemmaAfterLoopBody,fold,pred
5,3073,86,13,sortedSeg,pred,bool
5,3079,86,14,list_insert,inv,acc
5,3085,86,15,appendLemmaAfterLoopBody,post,acc
5,3091,86,16,main,pre,bool
5,3097,86,17,list_insert,fold,pred
5,3101,86,18,appendLemmaAfterLoopBody,pre,bool
5,3107,86,19,appendLemmaLoopBody,pre,pred
5,3113,86,20,create_list,fold,pred
5,3119,86,21,list_insert,unfold,pred
5,3125,86,22,list_insert,unfold,pred
5,3131,86,23,list_insert,unfold,pred
5,3137,86,24,appendLemmaAfterLoopBody,pre,bool
5,3143,86,25,appendLemmaAfterLoopBody,pre,bool
5,3149,86,26,sortedSegHelper,pred,acc
5,3153,86,27,appendLemmaAfterLoopBody,unfold,pred
5,3159,86,28,list_insert,inv,bool
5,3166,86,29,list_insert,unfold,pred
5,3172,86,30,sortedSeg,pred,acc
5,3178,86,31,appendLemmaLoopBody,fold,pred
5,3184,86,32,appendLemmaAfterLoopBody,pre,bool
5,3190,86,33,list_insert,inv,pred
5,3196,86,34,list_insert,fold,pred
5,3202,86,35,appendLemmaAfterLoopBody,pre,acc
5,3208,86,36,appendLemmaLoopBody,pre,pred
5,3214,86,37,appendLemmaLoopBody,pre,bool
5,3220,86,38,appendLemmaLoopBody,pre,bool
5,3226,86,39,appendLemmaLoopBody,pre,bool
5,3232,86,40,appendLemmaLoopBody,pre,acc
5,3238,86,41,appendLemmaAfterLoopBody,post,acc
5,3244,86,42,appendLemmaLoopBody,post,pred
5,3250,86,43,sortedSegHelper,pred,pred
5,3256,86,44,appendLemmaAfterLoopBody,post,bool
5,3262,86,45,appendLemmaAfterLoopBody,pre,pred
5,3268,86,46,appendLemmaLoopBody,post,acc
5,3274,86,47,appendLemmaLoopBody,pre,acc
5,3280,86,48,main,inv,bool
5,3286,86,49,list_insert,post,pred
5,3292,86,50,list_insert,fold,pred
5,3297,86,51,appendLemmaLoopBody,post,pred
5,3305,86,52,appendLemmaAfterLoopBody,post,pred
5,3310,86,53,list_insert,inv,bool
5,3317,86,54,create_list,pre,bool
5,3323,86,55,list_insert,fold,pred
5,3329,86,56,appendLemmaAfterLoopBody,pre,bool
5,3339,86,57,list_insert,inv,bool
5,3344,86,58,appendLemmaLoopBody,pre,bool
5,3349,86,59,main,inv,pred
5,3355,86,60,appendLemmaLoopBody,pre,bool
5,3361,86,61,appendLemmaLoopBody,fold,pred
5,3367,86,62,appendLemmaLoopBody,pre,acc
5,3373,86,63,list_insert,inv,acc
5,3380,86,64,appendLemmaAfterLoopBody,pre,acc
5,3385,86,65,appendLemmaAfterLoopBody,pre,bool
5,3389,86,66,appendLemmaLoopBody,unfold,pred
5,3395,86,67,list_insert,pre,pred
5,3402,86,68,main,inv,bool
5,3409,86,69,appendLemmaLoopBody,pre,bool
5,3415,86,70,appendLemmaAfterLoopBody,fold,pred
5,3420,86,71,list_insert,inv,acc
5,3427,86,72,sortedSegHelper,pred,bool
5,3431,86,73,appendLemmaLoopBody,post,acc
5,3437,86,74,appendLemmaAfterLoopBody,pre,pred
5,3443,86,75,main,pre,rem_imp
5,3449,86,76,list_insert,unfold,pred
5,3454,86,77,appendLemmaLoopBody,post,bool
5,3460,86,78,appendLemmaAfterLoopBody,pre,acc
5,3466,86,79,list_insert,fold,pred
5,3472,86,80,appendLemmaLoopBody,post,bool
5,3478,86,81,main,post,bool
5,3481,86,82,create_list,pre,rem_imp
5,3487,86,83,sorted,pred,pred
5,3493,86,84,create_list,post,pred
5,3500,86,85,sortedSegHelper,pred,bool
5,3506,86,86,appendLemmaAfterLoopBody,pre,rem_imp
5,3512,86,87,sortedSeg,pred,pred
5,3518,86,88,main,inv,rem_imp
5,3522,86,89,sortedSegHelper,pred,bool
5,3527,86,90,appendLemmaAfterLoopBody,post,rem_imp
5,3536,86,91,sortedSegHelper,pred,rem_imp
5,3540,86,92,sortedSeg,pred,acc
5,3547,86,93,create_list,post,rem_imp
5,3552,86,94,list_insert,inv,acc
5,3558,86,95,appendLemmaLoopBody,pre,acc
5,3564,86,96,appendLemmaLoopBody,pre,pred
5,3572,86,97,main,post,rem_imp
5,3577,86,98,list_insert,fold,pred
5,3587,86,99,appendLemmaLoopBody,post,rem_imp
5,3590,86,100,sortedSeg,pred,rem_imp
5,3596,86,101,list_insert,fold,pred
5,3602,86,102,list_insert,unfold,pred
5,3608,86,103,list_insert,pre,rem_imp
5,3614,86,104,list_insert,inv,pred
5,3620,86,105,sorted,pred,rem_imp
5,3626,86,106,list_insert,inv,rem_imp
5,3632,86,107,appendLemmaLoopBody,pre,bool
5,3639,86,108,appendLemmaLoopBody,pre,rem_imp
5,3645,86,109,list_insert,post,rem_imp
5,3654,87,1,list_insert,pre,pred
5,3659,87,2,appendLemmaAfterLoopBody,unfold,pred
5,3666,87,3,appendLemmaLoopBody,pre,bool
5,3670,87,4,appendLemmaAfterLoopBody,pre,bool
5,3677,87,5,appendLemmaAfterLoopBody,pre,pred
5,3682,87,6,list_insert,fold,pred
5,3689,87,7,list_insert,inv,acc
5,3695,87,8,create_list,pre,bool
5,3700,87,9,appendLemmaLoopBody,pre,bool
5,3707,87,10,list_insert,fold,pred
5,3713,87,11,sortedSeg,pred,acc
5,3719,87,12,list_insert,unfold,pred
5,3725,87,13,create_list,fold,pred
5,3732,87,14,appendLemmaAfterLoopBody,pre,bool
5,3737,87,15,appendLemmaAfterLoopBody,post,acc
5,3743,87,16,appendLemmaLoopBody,pre,acc
5,3749,87,17,appendLemmaAfterLoopBody,pre,bool
5,3755,87,18,appendLemmaAfterLoopBody,pre,acc
5,3761,87,19,appendLemmaLoopBody,post,acc
5,3767,87,20,appendLemmaLoopBody,pre,acc
5,3773,87,21,list_insert,post,pred
5,3779,87,22,appendLemmaLoopBody,pre,pred
5,3785,87,23,create_list,post,pred
5,3791,87,24,list_insert,fold,pred
5,3797,87,25,list_insert,unfold,pred
5,3802,87,26,list_insert,inv,acc
5,3807,87,27,create_list,fold,pred
5,3814,87,28,list_insert,fold,pred
5,3819,87,29,appendLemmaLoopBody,pre,bool
5,3826,87,30,sorted,pred,pred
5,3833,87,31,sortedSegHelper,pred,bool
5,3838,87,32,appendLemmaAfterLoopBody,pre,acc
5,3843,87,33,appendLemmaLoopBody,fold,pred
5,3849,87,34,list_insert,fold,pred
5,3855,87,35,appendLemmaAfterLoopBody,pre,pred
5,3861,87,36,list_insert,fold,pred
5,3869,87,37,sortedSeg,pred,pred
5,3873,87,38,list_insert,fold,pred
5,3879,87,39,appendLemmaLoopBody,pre,acc
5,3885,87,40,create_list,fold,pred
5,3891,87,41,list_insert,inv,pred
5,3897,87,42,main,inv,pred
5,3906,87,43,list_insert,fold,pred
5,3912,87,44,list_insert,inv,acc
5,3917,87,45,list_insert,inv,pred
5,3924,87,46,appendLemmaAfterLoopBody,post,bool
5,3930,87,47,list_insert,unfold,pred
5,3936,87,48,appendLemmaAfterLoopBody,post,acc
5,3942,87,49,appendLemmaLoopBody,post,pred
5,3947,87,50,appendLemmaAfterLoopBody,fold,pred
5,3953,87,51,list_insert,fold,pred
5,3960,87,52,appendLemmaAfterLoopBody,fold,pred
5,3966,87,53,sortedSegHelper,pred,bool
5,3972,87,54,list_insert,unfold,pred
5,3977,87,55,appendLemmaLoopBody,pre,pred
5,3984,87,56,create_list,pre,rem_imp
5,3989,87,57,sortedSegHelper,pred,pred
5,3995,87,58,appendLemmaAfterLoopBody,unfold,pred
5,4002,87,59,appendLemmaLoopBody,fold,pred
5,4009,87,60,appendLemmaAfterLoopBody,pre,bool
5,4015,87,61,appendLemmaLoopBody,pre,acc
5,4022,87,62,list_insert,fold,pred
5,4028,87,63,appendLemmaAfterLoopBody,pre,acc
5,4033,87,64,appendLemmaAfterLoopBody,pre,acc
5,4041,87,65,list_insert,inv,bool
5,4045,87,66,appendLemmaLoopBody,pre,pred
5,4051,87,67,appendLemmaLoopBody,unfold,pred
5,4058,87,68,appendLemmaLoopBody,unfold,pred
5,4063,87,69,create_list,post,rem_imp
5,4070,87,70,main,post,bool
5,4075,87,71,main,inv,bool
5,4079,87,72,appendLemmaLoopBody,pre,bool
5,4085,87,73,list_insert,unfold,pred
5,4091,87,74,sortedSegHelper,pred,acc
5,4097,87,75,list_insert,inv,bool
5,4103,87,76,sortedSeg,pred,acc
5,4109,87,77,sorted,pred,rem_imp
5,4115,87,78,appendLemmaLoopBody,post,acc
5,4120,87,79,appendLemmaLoopBody,post,pred
5,4126,87,80,main,inv,bool
5,4132,87,81,list_insert,unfold,pred
5,4138,87,82,sortedSegHelper,pred,acc
5,4144,87,83,appendLemmaAfterLoopBody,pre,bool
5,4150,87,84,appendLemmaAfterLoopBody,post,bool
5,4156,87,85,list_insert,inv,bool
5,4162,87,86,appendLemmaLoopBody,post,bool
5,4168,87,87,appendLemmaAfterLoopBody,post,pred
5,4174,87,88,main,post,rem_imp
5,4180,87,89,appendLemmaAfterLoopBody,post,rem_imp
5,4186,87,90,sortedSeg,pred,bool
5,4192,87,91,appendLemmaLoopBody,post,bool
5,4198,87,92,list_insert,post,rem_imp
5,4204,87,93,appendLemmaAfterLoopBody,pre,bool
5,4210,87,94,main,inv,rem_imp
5,4216,87,95,list_insert,pre,rem_imp
5,4222,87,96,sortedSeg,pred,rem_imp
5,4228,87,97,appendLemmaLoopBody,pre,bool
5,4235,87,98,sortedSegHelper,pred,bool
5,4240,87,99,sortedSegHelper,pred,rem_imp
5,4247,87,100,appendLemmaLoopBody,post,bool
5,4251,87,101,appendLemmaLoopBody,post,rem_imp
5,4258,87,102,main,pre,bool
5,4263,87,103,appendLemmaLoopBody,pre,bool
5,4269,87,104,appendLemmaLoopBody,pre,bool
5,4277,87,105,appendLemmaAfterLoopBody,pre,rem_imp
5,4284,87,106,list_insert,inv,acc
5,4287,87,107,appendLemmaLoopBody,pre,rem_imp
5,4293,87,108,list_insert,inv,rem_imp
5,4299,87,109,main,pre,rem_imp
5,4310,88,1,create_list,fold,pred
5,4312,88,2,list_insert,pre,pred
5,4320,88,3,appendLemmaAfterLoopBody,post,acc
5,4326,88,4,appendLemmaLoopBody,pre,bool
5,4332,88,5,list_insert,fold,pred
5,4339,88,6,list_insert,fold,pred
5,4344,88,7,create_list,pre,bool
5,4351,88,8,list_insert,inv,bool
5,4359,88,9,appendLemmaLoopBody,pre,pred
5,4362,88,10,list_insert,unfold,pred
5,4368,88,11,sortedSegHelper,pred,bool
5,4373,88,12,list_insert,inv,pred
5,4377,88,13,main,inv,bool
5,4383,88,14,appendLemmaAfterLoopBody,unfold,pred
5,4389,88,15,list_insert,inv,acc
5,4391,88,16,create_list,post,pred
5,4398,88,17,appendLemmaAfterLoopBody,pre,bool
5,4404,88,18,appendLemmaLoopBody,post,bool
5,4410,88,19,main,inv,bool
5,4415,88,20,list_insert,fold,pred
5,4419,88,21,list_insert,fold,pred
5,4427,88,22,appendLemmaLoopBody,unfold,pred
5,4434,88,23,list_insert,fold,pred
5,4437,88,24,appendLemmaLoopBody,pre,acc
5,4446,88,25,sortedSegHelper,pred,acc
5,4454,88,26,sortedSeg,pred,bool
5,4460,88,27,appendLemmaAfterLoopBody,pre,bool
5,4463,88,28,list_insert,inv,acc
5,4469,88,29,create_list,fold,pred
5,4475,88,30,appendLemmaAfterLoopBody,pre,acc
5,4481,88,31,appendLemmaLoopBody,post,bool
5,4486,88,32,create_list,fold,pred
5,4490,88,33,appendLemmaLoopBody,pre,bool
5,4496,88,34,create_list,post,rem_imp
5,4503,88,35,list_insert,inv,bool
5,4509,88,36,appendLemmaLoopBody,pre,acc
5,4517,88,37,list_insert,fold,pred
5,4521,88,38,sortedSegHelper,pred,bool
5,4527,88,39,appendLemmaAfterLoopBody,post,bool
5,4533,88,40,appendLemmaLoopBody,pre,acc
5,4539,88,41,appendLemmaLoopBody,pre,bool
5,4545,88,42,appendLemmaLoopBody,pre,pred
5,4550,88,43,list_insert,fold,pred
5,4555,88,44,sortedSeg,pred,pred
5,4560,88,45,list_insert,unfold,pred
5,4566,88,46,appendLemmaAfterLoopBody,pre,acc
5,4573,88,47,appendLemmaAfterLoopBody,pre,bool
5,4578,88,48,list_insert,inv,bool
5,4583,88,49,appendLemmaLoopBody,pre,bool
5,4589,88,50,appendLemmaAfterLoopBody,post,bool
5,4594,88,51,sortedSeg,pred,acc
5,4600,88,52,sortedSeg,pred,acc
5,4606,88,53,appendLemmaLoopBody,pre,bool
5,4612,88,54,appendLemmaAfterLoopBody,pre,acc
5,4617,88,55,appendLemmaAfterLoopBody,pre,bool
5,4624,88,56,appendLemmaLoopBody,pre,bool
5,4631,88,57,list_insert,inv,pred
5,4637,88,58,main,pre,bool
5,4644,88,59,sorted,pred,pred
5,4649,88,60,appendLemmaAfterLoopBody,fold,pred
5,4655,88,61,sortedSegHelper,pred,acc
5,4660,88,62,list_insert,unfold,pred
5,4665,88,63,list_insert,unfold,pred
5,4674,88,64,appendLemmaLoopBody,fold,pred
5,4678,88,65,create_list,pre,rem_imp
5,4683,88,66,appendLemmaLoopBody,post,bool
5,4689,88,67,appendLemmaLoopBody,post,pred
5,4695,88,68,list_insert,post,pred
5,4702,88,69,appendLemmaLoopBody,post,acc
5,4708,88,70,list_insert,fold,pred
5,4716,88,71,appendLemmaLoopBody,pre,bool
5,4719,88,72,appendLemmaLoopBody,pre,acc
5,4727,88,73,list_insert,fold,pred
5,4735,88,74,appendLemmaLoopBody,fold,pred
5,4741,88,75,list_insert,inv,acc
5,4744,88,76,appendLemmaAfterLoopBody,post,pred
5,4750,88,77,list_insert,unfold,pred
5,4757,88,78,appendLemmaAfterLoopBody,unfold,pred
5,4764,88,79,appendLemmaAfterLoopBody,pre,pred
5,4769,88,80,appendLemmaLoopBody,post,acc
5,4775,88,81,appendLemmaAfterLoopBody,fold,pred
5,4781,88,82,main,pre,rem_imp
5,4787,88,83,list_insert,fold,pred
5,4794,88,84,appendLemmaAfterLoopBody,pre,bool
5,4799,88,85,list_insert,unfold,pred
5,4805,88,86,list_insert,inv,acc
5,4811,88,87,main,post,bool
5,4814,88,88,appendLemmaLoopBody,pre,pred
5,4822,88,89,main,inv,pred
5,4828,88,90,appendLemmaAfterLoopBody,pre,bool
5,4836,88,91,main,post,rem_imp
5,4843,88,92,list_insert,pre,rem_imp
5,4849,88,93,appendLemmaAfterLoopBody,pre,pred
5,4855,88,94,sortedSegHelper,pred,bool
5,4861,88,95,list_insert,inv,rem_imp
5,4867,88,96,appendLemmaLoopBody,post,pred
5,4873,88,97,list_insert,post,rem_imp
5,4879,88,98,appendLemmaAfterLoopBody,post,acc
5,4885,88,99,sortedSegHelper,pred,pred
5,4891,88,100,sortedSegHelper,pred,rem_imp
5,4897,88,101,sorted,pred,rem_imp
5,4903,88,102,appendLemmaAfterLoopBody,pre,acc
5,4909,88,103,appendLemmaAfterLoopBody,post,rem_imp
5,4914,88,104,main,inv,rem_imp
5,4920,88,105,appendLemmaLoopBody,unfold,pred
5,4926,88,106,appendLemmaAfterLoopBody,pre,rem_imp
5,4932,88,107,appendLemmaLoopBody,pre,rem_imp
5,4937,88,108,appendLemmaLoopBody,post,rem_imp
5,4944,88,109,sortedSeg,pred,rem_imp
5,4950,89,1,appendLemmaLoopBody,post,bool
5,4956,89,2,list_insert,fold,pred
5,4960,89,3,create_list,post,pred
5,4966,89,4,appendLemmaAfterLoopBody,post,bool
5,4972,89,5,sortedSegHelper,pred,bool
5,4978,89,6,list_insert,fold,pred
5,4984,89,7,list_insert,inv,acc
5,4989,89,8,list_insert,fold,pred
5,4993,89,9,sortedSeg,pred,acc
5,5000,89,10,appendLemmaLoopBody,pre,pred
5,5006,89,11,appendLemmaLoopBody,pre,bool
5,5012,89,12,appendLemmaLoopBody,pre,bool
5,5018,89,13,list_insert,fold,pred
5,5024,89,14,appendLemmaAfterLoopBody,pre,acc
5,5030,89,15,list_insert,inv,bool
5,5036,89,16,appendLemmaAfterLoopBody,pre,bool
5,5039,89,17,create_list,pre,bool
5,5046,89,18,sortedSegHelper,pred,bool
5,5053,89,19,appendLemmaAfterLoopBody,post,acc
5,5057,89,20,appendLemmaLoopBody,post,bool
5,5064,89,21,appendLemmaLoopBody,pre,acc
5,5069,89,22,appendLemmaLoopBody,pre,bool
5,5075,89,23,appendLemmaAfterLoopBody,pre,pred
5,5082,89,24,list_insert,inv,acc
5,5089,89,25,list_insert,unfold,pred
5,5095,89,26,appendLemmaLoopBody,pre,pred
5,5100,89,27,list_insert,pre,pred
5,5105,89,28,appendLemmaAfterLoopBody,fold,pred
5,5115,89,29,appendLemmaLoopBody,pre,pred
5,5119,89,30,appendLemmaLoopBody,pre,bool
5,5128,89,31,list_insert,inv,pred
5,5132,89,32,sortedSeg,pred,pred
5,5138,89,33,appendLemmaLoopBody,post,bool
5,5146,89,34,sortedSeg,pred,acc
5,5152,89,35,appendLemmaLoopBody,post,pred
5,5158,89,36,sortedSegHelper,pred,bool
5,5161,89,37,sortedSeg,pred,bool
5,5167,89,38,list_insert,fold,pred
5,5173,89,39,list_insert,fold,pred
5,5179,89,40,appendLemmaAfterLoopBody,pre,bool
5,5185,89,41,appendLemmaLoopBody,post,pred
5,5191,89,42,list_insert,post,pred
5,5197,89,43,main,pre,bool
5,5201,89,44,list_insert,unfold,pred
5,5209,89,45,main,inv,pred
5,5216,89,46,appendLemmaLoopBody,unfold,pred
5,5222,89,47,appendLemmaAfterLoopBody,pre,acc
5,5229,89,48,appendLemmaLoopBody,fold,pred
5,5232,89,49,appendLemmaLoopBody,post,acc
5,5240,89,50,list_insert,fold,pred
5,5246,89,51,list_insert,inv,bool
5,5251,89,52,list_insert,fold,pred
5,5261,89,53,appendLemmaAfterLoopBody,pre,pred
5,5263,89,54,list_insert,unfold,pred
5,5269,89,55,sortedSegHelper,pred,acc
5,5275,89,56,sortedSegHelper,pred,acc
5,5281,89,57,list_insert,inv,bool
5,5287,89,58,main,pre,rem_imp
5,5293,89,59,list_insert,fold,pred
5,5299,89,60,list_insert,inv,acc
5,5305,89,61,list_insert,unfold,pred
5,5311,89,62,appendLemmaLoopBody,unfold,pred
5,5317,89,63,appendLemmaAfterLoopBody,pre,acc
5,5322,89,64,main,inv,bool
5,5328,89,65,appendLemmaAfterLoopBody,fold,pred
5,5335,89,66,sortedSeg,pred,rem_imp
5,5340,89,67,appendLemmaAfterLoopBody,post,acc
5,5348,89,68,appendLemmaLoopBody,pre,acc
5,5355,89,69,create_list,fold,pred
5,5359,89,70,appendLemmaAfterLoopBody,post,pred
5,5364,89,71,appendLemmaAfterLoopBody,unfold,pred
5,5373,89,72,appendLemmaLoopBody,pre,bool
5,5375,89,73,create_list,fold,pred
5,5384,89,74,appendLemmaLoopBody,pre,bool
5,5391,89,75,appendLemmaLoopBody,post,acc
5,5398,89,76,appendLemmaAfterLoopBody,pre,bool
5,5401,89,77,sorted,pred,pred
5,5407,89,78,list_insert,unfold,pred
5,5414,89,79,appendLemmaLoopBody,pre,bool
5,5420,89,80,list_insert,inv,acc
5,5426,89,81,appendLemmaAfterLoopBody,pre,bool
5,5432,89,82,sortedSegHelper,pred,pred
5,5437,89,83,list_insert,inv,pred
5,5444,89,84,appendLemmaAfterLoopBody,post,bool
5,5449,89,85,main,inv,bool
5,5455,89,86,list_insert,unfold,pred
5,5461,89,87,sortedSegHelper,pred,rem_imp
5,5467,89,88,main,post,bool
5,5473,89,89,create_list,fold,pred
5,5478,89,90,appendLemmaAfterLoopBody,pre,bool
5,5483,89,91,appendLemmaAfterLoopBody,pre,acc
5,5488,89,92,appendLemmaAfterLoopBody,pre,bool
5,5495,89,93,appendLemmaLoopBody,pre,acc
5,5503,89,94,sorted,pred,rem_imp
5,5510,89,95,appendLemmaLoopBody,pre,acc
5,5514,89,96,create_list,pre,rem_imp
5,5521,89,97,appendLemmaLoopBody,fold,pred
5,5527,89,98,appendLemmaLoopBody,pre,rem_imp
5,5531,89,99,list_insert,fold,pred
5,5538,89,100,main,inv,rem_imp
5,5544,89,101,create_list,post,rem_imp
5,5549,89,102,list_insert,pre,rem_imp
5,5555,89,103,list_insert,inv,rem_imp
5,5561,89,104,appendLemmaAfterLoopBody,unfold,pred
5,5566,89,105,appendLemmaAfterLoopBody,pre,rem_imp
5,5572,89,106,main,post,rem_imp
5,5577,89,107,appendLemmaAfterLoopBody,post,rem_imp
5,5583,89,108,appendLemmaLoopBody,post,rem_imp
5,5592,89,109,list_insert,post,rem_imp
5,5598,90,1,appendLemmaAfterLoopBody,unfold,pred
5,5605,90,2,appendLemmaAfterLoopBody,pre,bool
5,5612,90,3,list_insert,pre,pred
5,5615,90,4,list_insert,inv,acc
5,5624,90,5,list_insert,unfold,pred
5,5627,90,6,sortedSeg,pred,acc
5,5631,90,7,sortedSegHelper,pred,bool
5,5637,90,8,sortedSegHelper,pred,acc
5,5643,90,9,appendLemmaLoopBody,pre,bool
5,5649,90,10,list_insert,unfold,pred
5,5655,90,11,main,pre,bool
5,5661,90,12,appendLemmaAfterLoopBody,unfold,pred
5,5667,90,13,appendLemmaLoopBody,post,acc
5,5673,90,14,appendLemmaAfterLoopBody,post,acc
5,5677,90,15,main,inv,pred
5,5687,90,16,appendLemmaLoopBody,pre,bool
5,5691,90,17,sortedSegHelper,pred,acc
5,5698,90,18,appendLemmaAfterLoopBody,post,pred
5,5706,90,19,appendLemmaAfterLoopBody,pre,bool
5,5712,90,20,appendLemmaLoopBody,unfold,pred
5,5717,90,21,appendLemmaAfterLoopBody,pre,acc
5,5726,90,22,appendLemmaLoopBody,pre,pred
5,5734,90,23,list_insert,inv,acc
5,5738,90,24,appendLemmaAfterLoopBody,pre,acc
5,5744,90,25,list_insert,unfold,pred
5,5753,90,26,list_insert,unfold,pred
5,5756,90,27,appendLemmaAfterLoopBody,pre,acc
5,5762,90,28,list_insert,inv,acc
5,5768,90,29,list_insert,inv,pred
5,5774,90,30,appendLemmaAfterLoopBody,post,bool
5,5780,90,31,appendLemmaLoopBody,pre,bool
5,5788,90,32,appendLemmaLoopBody,post,acc
5,5793,90,33,appendLemmaLoopBody,pre,bool
5,5800,90,34,appendLemmaLoopBody,pre,acc
5,5805,90,35,list_insert,post,pred
5,5813,90,36,appendLemmaAfterLoopBody,fold,pred
5,5817,90,37,sortedSeg,pred,pred
5,5825,90,38,appendLemmaAfterLoopBody,pre,bool
5,5831,90,39,appendLemmaLoopBody,post,bool
5,5839,90,40,list_insert,fold,pred
5,5845,90,41,appendLemmaLoopBody,post,pred
5,5849,90,42,create_list,post,pred
5,5858,90,43,list_insert,inv,bool
5,5862,90,44,appendLemmaAfterLoopBody,pre,bool
5,5871,90,45,create_list,pre,bool
5,5877,90,46,list_insert,fold,pred
5,5881,90,47,appendLemmaAfterLoopBody,pre,bool
5,5890,90,48,create_list,fold,pred
5,5896,90,49,appendLemmaAfterLoopBody,pre,pred
5,5903,90,50,appendLemmaLoopBody,pre,acc
5,5905,90,51,list_insert,fold,pred
5,5913,90,52,list_insert,fold,pred
5,5921,90,53,sortedSeg,pred,bool
5,5927,90,54,create_list,fold,pred
5,5932,90,55,appendLemmaLoopBody,fold,pred
5,5942,90,56,appendLemmaLoopBody,post,bool
5,5947,90,57,list_insert,fold,pred
5,5952,90,58,sortedSeg,pred,acc
5,5958,90,59,list_insert,fold,pred
5,5966,90,60,create_list,fold,pred
5,5972,90,61,appendLemmaLoopBody,post,bool
5,5978,90,62,appendLemmaLoopBody,pre,acc
5,5986,90,63,appendLemmaLoopBody,pre,pred
5,5991,90,64,appendLemmaLoopBody,pre,bool
5,5998,90,65,list_insert,inv,bool
5,6005,90,66,sorted,pred,pred
5,6012,90,67,list_insert,inv,bool
5,6016,90,68,create_list,pre,rem_imp
5,6021,90,69,sortedSegHelper,pred,pred
5,6027,90,70,create_list,post,rem_imp
5,6033,90,71,appendLemmaAfterLoopBody,pre,acc
5,6039,90,72,appendLemmaAfterLoopBody,pre,pred
5,6045,90,73,appendLemmaAfterLoopBody,pre,bool
5,6051,90,74,appendLemmaAfterLoopBody,post,bool
5,6057,90,75,list_insert,inv,pred
5,6062,90,76,list_insert,fold,pred
5,6065,90,77,list_insert,inv,acc
5,6073,90,78,list_insert,unfold,pred
5,6078,90,79,sorted,pred,rem_imp
5,6086,90,80,appendLemmaLoopBody,post,pred
5,6091,90,81,sortedSeg,pred,rem_imp
5,6099,90,82,list_insert,fold,pred
5,6104,90,83,appendLemmaLoopBody,pre,acc
5,6114,90,84,sortedSegHelper,pred,bool
5,6120,90,85,list_insert,fold,pred
5,6124,90,86,main,post,bool
5,6132,90,87,appendLemmaAfterLoopBody,post,acc
5,6137,90,88,appendLemmaLoopBody,pre,bool
5,6147,90,89,main,inv,bool
5,6149,90,90,appendLemmaLoopBody,fold,pred
5,6157,90,91,main,post,rem_imp
5,6163,90,92,sortedSegHelper,pred,bool
5,6168,90,93,appendLemmaLoopBody,unfold,pred
5,6176,90,94,appendLemmaLoopBody,pre,bool
5,6184,90,95,sortedSegHelper,pred,rem_imp
5,6188,90,96,main,inv,bool
5,6194,90,97,main,pre,rem_imp
5,6200,90,98,appendLemmaLoopBody,pre,pred
5,6206,90,99,main,inv,rem_imp
5,6212,90,100,list_insert,fold,pred
5,6218,90,101,appendLemmaLoopBody,post,rem_imp
5,6224,90,102,list_insert,unfold,pred
5,6228,90,103,appendLemmaLoopBody,pre,rem_imp
5,6234,90,104,list_insert,post,rem_imp
5,6242,90,105,appendLemmaAfterLoopBody,fold,pred
5,6248,90,106,appendLemmaAfterLoopBody,pre,rem_imp
5,6252,90,107,appendLemmaAfterLoopBody,post,rem_imp
5,6259,90,108,list_insert,pre,rem_imp
5,6264,90,109,list_insert,inv,rem_imp
5,6273,91,1,sortedSeg,pred,pred
5,6279,91,2,list_insert,unfold,pred
5,6285,91,3,appendLemmaAfterLoopBody,pre,bool
5,6291,91,4,appendLemmaLoopBody,pre,bool
5,6299,91,5,appendLemmaLoopBody,pre,acc
5,6304,91,6,list_insert,unfold,pred
5,6312,91,7,appendLemmaAfterLoopBody,post,bool
5,6319,91,8,appendLemmaLoopBody,pre,pred
5,6323,91,9,appendLemmaLoopBody,fold,pred
5,6330,91,10,list_insert,inv,pred
5,6336,91,11,main,post,bool
5,6342,91,12,main,pre,bool
5,6348,91,13,list_insert,inv,bool
5,6354,91,14,list_insert,unfold,pred
5,6361,91,15,appendLemmaAfterLoopBody,unfold,pred
5,6366,91,16,list_insert,inv,acc
5,6372,91,17,list_insert,inv,acc
5,6378,91,18,appendLemmaLoopBody,post,bool
5,6384,91,19,appendLemmaLoopBody,pre,bool
5,6390,91,20,appendLemmaLoopBody,post,bool
5,6396,91,21,list_insert,inv,bool
5,6402,91,22,appendLemmaLoopBody,post,pred
5,6408,91,23,sortedSeg,pred,bool
5,6414,91,24,appendLemmaAfterLoopBody,pre,acc
5,6425,91,25,list_insert,fold,pred
5,6429,91,26,appendLemmaLoopBody,pre,bool
5,6435,91,27,appendLemmaLoopBody,pre,bool
5,6442,91,28,appendLemmaLoopBody,pre,acc
5,6448,91,29,list_insert,fold,pred
5,6455,91,30,sortedSeg,pred,acc
5,6461,91,31,list_insert,inv,bool
5,6467,91,32,appendLemmaAfterLoopBody,pre,bool
5,6473,91,33,appendLemmaLoopBody,pre,acc
5,6479,91,34,list_insert,fold,pred
5,6483,91,35,appendLemmaAfterLoopBody,unfold,pred
5,6488,91,36,appendLemmaAfterLoopBody,post,acc
5,6495,91,37,create_list,fold,pred
5,6501,91,38,appendLemmaLoopBody,pre,acc
5,6508,91,39,sortedSegHelper,pred,acc
5,6512,91,40,appendLemmaAfterLoopBody,pre,pred
5,6520,91,41,create_list,fold,pred
5,6526,91,42,list_insert,fold,pred
5,6533,91,43,sortedSegHelper,pred,bool
5,6538,91,44,list_insert,fold,pred
5,6544,91,45,appendLemmaLoopBody,unfold,pred
5,6550,91,46,sortedSegHelper,pred,acc
5,6556,91,47,list_insert,fold,pred
5,6562,91,48,appendLemmaAfterLoopBody,fold,pred
5,6566,91,49,appendLemmaLoopBody,post,bool
5,6575,91,50,appendLemmaLoopBody,pre,pred
5,6580,91,51,appendLemmaLoopBody,post,acc
5,6585,91,52,list_insert,fold,pred
5,6591,91,53,list_insert,inv,acc
5,6597,91,54,list_insert,post,pred
5,6603,91,55,appendLemmaAfterLoopBody,pre,acc
5,6609,91,56,create_list,fold,pred
5,6615,91,57,appendLemmaAfterLoopBody,pre,bool
5,6621,91,58,list_insert,unfold,pred
5,6625,91,59,appendLemmaAfterLoopBody,fold,pred
5,6632,91,60,list_insert,unfold,pred
5,6636,91,61,appendLemmaAfterLoopBody,pre,bool
5,6642,91,62,create_list,post,pred
5,6649,91,63,appendLemmaLoopBody,pre,bool
5,6657,91,64,appendLemmaLoopBody,post,pred
5,6663,91,65,list_insert,inv,acc
5,6667,91,66,appendLemmaAfterLoopBody,post,pred
5,6673,91,67,appendLemmaAfterLoopBody,pre,bool
5,6679,91,68,appendLemmaAfterLoopBody,post,bool
5,6684,91,69,appendLemmaLoopBody,pre,bool
5,6690,91,70,main,post,rem_imp
5,6696,91,71,main,pre,rem_imp
5,6702,91,72,appendLemmaLoopBody,pre,pred
5,6708,91,73,main,inv,bool
5,6710,91,74,sortedSegHelper,pred,bool
5,6717,91,75,list_insert,fold,pred
5,6724,91,76,list_insert,inv,pred
5,6729,91,77,create_list,pre,bool
5,6737,91,78,appendLemmaAfterLoopBody,pre,pred
5,6744,91,79,appendLemmaAfterLoopBody,pre,acc
5,6747,91,80,appendLemmaAfterLoopBody,post,acc
5,6755,91,81,appendLemmaAfterLoopBody,post,rem_imp
5,6763,91,82,appendLemmaLoopBody,unfold,pred
5,6771,91,83,sortedSeg,pred,acc
5,6777,91,84,sortedSegHelper,pred,pred
5,6783,91,85,list_insert,unfold,pred
5,6789,91,86,main,inv,pred
5,6793,91,87,appendLemmaAfterLoopBody,pre,acc
5,6799,91,88,appendLemmaAfterLoopBody,pre,bool
5,6804,91,89,list_insert,fold,pred
5,6810,91,90,appendLemmaLoopBody,pre,bool
5,6814,91,91,appendLemmaLoopBody,fold,pred
5,6823,91,92,appendLemmaLoopBody,post,acc
5,6830,91,93,appendLemmaAfterLoopBody,pre,rem_imp
5,6834,91,94,create_list,pre,rem_imp
5,6841,91,95,sortedSeg,pred,rem_imp
5,6845,91,96,sorted,pred,pred
5,6851,91,97,appendLemmaLoopBody,pre,rem_imp
5,6858,91,98,create_list,post,rem_imp
5,6866,91,99,appendLemmaLoopBody,post,rem_imp
5,6870,91,100,main,inv,bool
5,6878,91,101,main,inv,rem_imp
5,6883,91,102,sortedSegHelper,pred,bool
5,6890,91,103,list_insert,fold,pred
5,6895,91,104,sorted,pred,rem_imp
5,6902,91,105,list_insert,post,rem_imp
5,6909,91,106,list_insert,inv,rem_imp
5,6915,91,107,list_insert,pre,pred
5,6920,91,108,sortedSegHelper,pred,rem_imp
5,6926,91,109,list_insert,pre,rem_imp
5,6936,92,1,appendLemmaLoopBody,post,bool
5,6942,92,2,appendLemmaAfterLoopBody,fold,pred
5,6948,92,3,appendLemmaLoopBody,pre,acc
5,6954,92,4,appendLemmaLoopBody,pre,pred
5,6959,92,5,create_list,pre,bool
5,6966,92,6,appendLemmaLoopBody,post,acc
5,6972,92,7,appendLemmaAfterLoopBody,unfold,pred
5,6978,92,8,main,inv,bool
5,6984,92,9,appendLemmaLoopBody,post,bool
5,6991,92,10,sortedSegHelper,pred,acc
5,6996,92,11,appendLemmaLoopBody,post,acc
5,7004,92,12,appendLemmaLoopBody,pre,acc
5,7010,92,13,appendLemmaLoopBody,post,pred
5,7016,92,14,appendLemmaAfterLoopBody,post,acc
5,7019,92,15,main,inv,pred
5,7024,92,16,list_insert,inv,pred
5,7030,92,17,sortedSegHelper,pred,bool
5,7036,92,18,sortedSeg,pred,pred
5,7042,92,19,appendLemmaAfterLoopBody,pre,bool
5,7048,92,20,create_list,fold,pred
5,7054,92,21,list_insert,inv,acc
5,7059,92,22,list_insert,unfold,pred
5,7067,92,23,appendLemmaAfterLoopBody,pre,acc
5,7073,92,24,list_insert,inv,bool
5,7079,92,25,list_insert,pre,pred
5,7085,92,26,sortedSegHelper,pred,bool
5,7091,92,27,appendLemmaLoopBody,unfold,pred
5,7097,92,28,appendLemmaLoopBody,pre,acc
5,7104,92,29,appendLemmaLoopBody,pre,pred
5,7110,92,30,appendLemmaLoopBody,pre,bool
5,7116,92,31,list_insert,fold,pred
5,7122,92,32,sortedSeg,pred,bool
5,7128,92,33,appendLemmaLoopBody,pre,pred
5,7134,92,34,list_insert,inv,acc
5,7140,92,35,sorted,pred,pred
5,7144,92,36,appendLemmaAfterLoopBody,fold,pred
5,7151,92,37,create_list,post,pred
5,7157,92,38,appendLemmaLoopBody,fold,pred
5,7162,92,39,sortedSeg,pred,acc
5,7168,92,40,appendLemmaAfterLoopBody,pre,acc
5,7174,92,41,appendLemmaAfterLoopBody,pre,bool
5,7180,92,42,list_insert,fold,pred
5,7186,92,43,appendLemmaAfterLoopBody,post,acc
5,7193,92,44,appendLemmaAfterLoopBody,unfold,pred
5,7199,92,45,create_list,fold,pred
5,7205,92,46,main,pre,bool
5,7211,92,47,appendLemmaAfterLoopBody,pre,acc
5,7216,92,48,sortedSegHelper,pred,bool
5,7222,92,49,appendLemmaLoopBody,pre,acc
5,7228,92,50,main,post,bool
5,7232,92,51,appendLemmaLoopBody,unfold,pred
5,7239,92,52,appendLemmaLoopBody,pre,bool
5,7244,92,53,list_insert,unfold,pred
5,7250,92,54,sorted,pred,rem_imp
5,7256,92,55,list_insert,inv,bool
5,7262,92,56,main,inv,bool
5,7268,92,57,list_insert,unfold,pred
5,7273,92,58,list_insert,fold,pred
5,7280,92,59,list_insert,inv,pred
5,7285,92,60,list_insert,fold,pred
5,7291,92,61,list_insert,fold,pred
5,7297,92,62,appendLemmaLoopBody,pre,bool
5,7303,92,63,appendLemmaAfterLoopBody,pre,pred
5,7309,92,64,main,inv,rem_imp
5,7316,92,65,appendLemmaAfterLoopBody,pre,acc
5,7321,92,66,appendLemmaLoopBody,post,pred
5,7327,92,67,list_insert,fold,pred
5,7335,92,68,appendLemmaLoopBody,fold,pred
5,7340,92,69,appendLemmaLoopBody,pre,bool
5,7348,92,70,appendLemmaAfterLoopBody,post,bool
5,7354,92,71,list_insert,inv,acc
5,7360,92,72,appendLemmaAfterLoopBody,post,pred
5,7366,92,73,list_insert,fold,pred
5,7372,92,74,appendLemmaLoopBody,pre,bool
5,7380,92,75,list_insert,fold,pred
5,7384,92,76,list_insert,fold,pred
5,7389,92,77,appendLemmaLoopBody,pre,bool
5,7394,92,78,list_insert,inv,acc
5,7400,92,79,sortedSeg,pred,acc
5,7407,92,80,list_insert,fold,pred
5,7412,92,81,create_list,fold,pred
5,7419,92,82,sortedSegHelper,pred,pred
5,7424,92,83,sortedSeg,pred,rem_imp
5,7430,92,84,list_insert,unfold,pred
5,7436,92,85,main,post,rem_imp
5,7442,92,86,sortedSegHelper,pred,acc
5,7448,92,87,appendLemmaAfterLoopBody,pre,bool
5,7454,92,88,appendLemmaAfterLoopBody,pre,bool
5,7457,92,89,appendLemmaLoopBody,post,bool
5,7465,92,90,main,pre,rem_imp
5,7472,92,91,appendLemmaAfterLoopBody,post,bool
5,7477,92,92,create_list,post,rem_imp
5,7483,92,93,appendLemmaLoopBody,pre,bool
5,7489,92,94,appendLemmaAfterLoopBody,pre,bool
5,7495,92,95,appendLemmaAfterLoopBody,pre,pred
5,7501,92,96,appendLemmaLoopBody,pre,rem_imp
5,7507,92,97,appendLemmaLoopBody,post,rem_imp
5,7513,92,98,list_insert,unfold,pred
5,7519,92,99,list_insert,inv,bool
5,7525,92,100,appendLemmaAfterLoopBody,post,rem_imp
5,7531,92,101,create_list,pre,rem_imp
5,7537,92,102,appendLemmaAfterLoopBody,pre,bool
5,7541,92,103,sortedSegHelper,pred,rem_imp
5,7549,92,104,list_insert,post,pred
5,7555,92,105,appendLemmaAfterLoopBody,pre,rem_imp
5,7560,92,106,list_insert,unfold,pred
5,7567,92,107,list_insert,pre,rem_imp
5,7572,92,108,list_insert,post,rem_imp
5,7578,92,109,list_insert,inv,rem_imp
5,7588,93,1,appendLemmaAfterLoopBody,fold,pred
5,7594,93,2,list_insert,inv,bool
5,7599,93,3,create_list,fold,pred
5,7605,93,4,list_insert,fold,pred
5,7611,93,5,list_insert,inv,bool
5,7617,93,6,list_insert,unfold,pred
5,7623,93,7,create_list,fold,pred
5,7629,93,8,appendLemmaLoopBody,pre,bool
5,7635,93,9,list_insert,inv,acc
5,7641,93,10,appendLemmaLoopBody,post,pred
5,7646,93,11,list_insert,inv,pred
5,7652,93,12,appendLemmaLoopBody,fold,pred
5,7658,93,13,list_insert,inv,pred
5,7664,93,14,appendLemmaAfterLoopBody,pre,acc
5,7672,93,15,appendLemmaLoopBody,pre,pred
5,7676,93,16,appendLemmaLoopBody,pre,pred
5,7682,93,17,list_insert,fold,pred
5,7688,93,18,list_insert,inv,bool
5,7693,93,19,create_list,pre,bool
5,7700,93,20,appendLemmaAfterLoopBody,pre,bool
5,7706,93,21,main,post,bool
5,7711,93,22,appendLemmaAfterLoopBody,unfold,pred
5,7718,93,23,list_insert,pre,pred
5,7723,93,24,sortedSegHelper,pred,bool
5,7729,93,25,sortedSegHelper,pred,acc
5,7735,93,26,appendLemmaAfterLoopBody,pre,bool
5,7741,93,27,appendLemmaLoopBody,pre,bool
5,7747,93,28,list_insert,fold,pred
5,7752,93,29,appendLemmaAfterLoopBody,pre,bool
5,7758,93,30,appendLemmaLoopBody,post,acc
5,7764,93,31,appendLemmaLoopBody,pre,pred
5,7770,93,32,create_list,fold,pred
5,7775,93,33,appendLemmaAfterLoopBody,post,bool
5,7781,93,34,sorted,pred,pred
5,7788,93,35,list_insert,unfold,pred
5,7794,93,36,sortedSeg,pred,bool
5,7801,93,37,appendLemmaAfterLoopBody,pre,bool
5,7807,93,38,appendLemmaAfterLoopBody,post,pred
5,7812,93,39,appendLemmaLoopBody,unfold,pred
5,7818,93,40,list_insert,inv,acc
5,7824,93,41,list_insert,fold,pred
5,7832,93,42,appendLemmaAfterLoopBody,unfold,pred
5,7840,93,43,appendLemmaLoopBody,pre,bool
5,7847,93,44,sortedSegHelper,pred,bool
5,7852,93,45,list_insert,fold,pred
5,7858,93,46,list_insert,fold,pred
5,7863,93,47,list_insert,fold,pred
5,7869,93,48,appendLemmaLoopBody,unfold,pred
5,7875,93,49,appendLemmaLoopBody,post,pred
5,7881,93,50,appendLemmaLoopBody,pre,acc
5,7887,93,51,appendLemmaAfterLoopBody,pre,bool
5,7890,93,52,appendLemmaAfterLoopBody,pre,pred
5,7898,93,53,list_insert,unfold,pred
5,7906,93,54,appendLemmaLoopBody,post,bool
5,7909,93,55,appendLemmaLoopBody,fold,pred
5,7916,93,56,list_insert,unfold,pred
5,7922,93,57,main,inv,bool
5,7927,93,58,appendLemmaAfterLoopBody,pre,acc
5,7933,93,59,appendLemmaLoopBody,post,bool
5,7939,93,60,appendLemmaAfterLoopBody,post,bool
5,7945,93,61,list_insert,fold,pred
5,7951,93,62,appendLemmaLoopBody,pre,acc
5,7957,93,63,appendLemmaLoopBody,pre,acc
5,7963,93,64,list_insert,fold,pred
5,7967,93,65,appendLemmaAfterLoopBody,fold,pred
5,7973,93,66,main,inv,pred
5,7979,93,67,sortedSegHelper,pred,pred
5,7985,93,68,sortedSegHelper,pred,bool
5,7991,93,69,list_insert,unfold,pred
5,7997,93,70,create_list,post,pred
5,8003,93,71,create_list,pre,rem_imp
5,8009,93,72,sortedSeg,pred,acc
5,8015,93,73,appendLemmaLoopBody,pre,bool
5,8021,93,74,sortedSegHelper,pred,acc
5,8027,93,75,appendLemmaAfterLoopBody,pre,bool
5,8031,93,76,sortedSeg,pred,pred
5,8037,93,77,appendLemmaAfterLoopBody,pre,acc
5,8045,93,78,appendLemmaLoopBody,post,bool
5,8051,93,79,sortedSegHelper,pred,rem_imp
5,8056,93,80,appendLemmaLoopBody,pre,acc
5,8062,93,81,list_insert,inv,acc
5,8067,93,82,sortedSeg,pred,acc
5,8074,93,83,main,pre,bool
5,8081,93,84,appendLemmaAfterLoopBody,post,acc
5,8089,93,85,list_insert,inv,acc
5,8093,93,86,main,post,rem_imp
5,8099,93,87,sorted,pred,rem_imp
5,8105,93,88,appendLemmaLoopBody,pre,bool
5,8111,93,89,list_insert,fold,pred
5,8116,93,90,list_insert,unfold,pred
5,8123,93,91,appendLemmaAfterLoopBody,pre,acc
5,8129,93,92,appendLemmaLoopBody,pre,bool
5,8135,93,93,appendLemmaAfterLoopBody,post,acc
5,8138,93,94,sortedSeg,pred,rem_imp
5,8145,93,95,appendLemmaAfterLoopBody,pre,pred
5,8151,93,96,appendLemmaAfterLoopBody,post,rem_imp
5,8159,93,97,list_insert,pre,rem_imp
5,8164,93,98,appendLemmaLoopBody,pre,bool
5,8170,93,99,list_insert,inv,rem_imp
5,8178,93,100,main,pre,rem_imp
5,8184,93,101,list_insert,post,pred
5,8188,93,102,list_insert,post,rem_imp
5,8194,93,103,appendLemmaLoopBody,post,acc
5,8201,93,104,appendLemmaAfterLoopBody,pre,rem_imp
5,8207,93,105,appendLemmaLoopBody,post,rem_imp
5,8213,93,106,main,inv,bool
5,8218,93,107,appendLemmaLoopBody,pre,rem_imp
5,8226,93,108,main,inv,rem_imp
5,8230,93,109,create_list,post,rem_imp
5,8239,94,1,list_insert,fold,pred
5,8245,94,2,appendLemmaLoopBody,pre,bool
5,8251,94,3,appendLemmaAfterLoopBody,pre,acc
5,8257,94,4,appendLemmaAfterLoopBody,post,bool
5,8265,94,5,list_insert,fold,pred
5,8272,94,6,appendLemmaLoopBody,pre,pred
5,8278,94,7,appendLemmaLoopBody,pre,acc
5,8284,94,8,main,pre,bool
5,8291,94,9,create_list,post,pred
5,8298,94,10,list_insert,fold,pred
5,8304,94,11,sortedSeg,pred,bool
5,8309,94,12,appendLemmaLoopBody,pre,acc
5,8315,94,13,list_insert,fold,pred
5,8321,94,14,appendLemmaLoopBody,pre,bool
5,8327,94,15,appendLemmaAfterLoopBody,unfold,pred
5,8333,94,16,appendLemmaLoopBody,pre,bool
5,8337,94,17,list_insert,unfold,pred
5,8343,94,18,appendLemmaAfterLoopBody,pre,bool
5,8349,94,19,appendLemmaLoopBody,fold,pred
5,8354,94,20,main,inv,bool
5,8358,94,21,appendLemmaAfterLoopBody,pre,bool
5,8367,94,22,sorted,pred,pred
5,8373,94,23,appendLemmaAfterLoopBody,fold,pred
5,8377,94,24,appendLemmaAfterLoopBody,post,acc
5,8383,94,25,appendLemmaLoopBody,post,acc
5,8389,94,26,appendLemmaLoopBody,post,bool
5,8395,94,27,create_list,pre,bool
5,8401,94,28,main,post,bool
5,8407,94,29,appendLemmaAfterLoopBody,pre,bool
5,8413,94,30,list_insert,inv,pred
5,8419,94,31,list_insert,pre,pred
5,8425,94,32,appendLemmaLoopBody,unfold,pred
5,8430,94,33,main,post,rem_imp
5,8436,94,34,sortedSeg,pred,acc
5,8441,94,35,list_insert,unfold,pred
5,8450,94,36,list_insert,inv,acc
5,8456,94,37,list_insert,inv,acc
5,8462,94,38,appendLemmaLoopBody,pre,pred
5,8468,94,39,list_insert,inv,bool
5,8474,94,40,list_insert,unfold,pred
5,8478,94,41,appendLemmaLoopBody,fold,pred
5,8484,94,42,list_insert,fold,pred
5,8490,94,43,appendLemmaLoopBody,post,pred
5,8496,94,44,sortedSeg,pred,pred
5,8502,94,45,list_insert,fold,pred
5,8507,94,46,appendLemmaAfterLoopBody,pre,bool
5,8514,94,47,appendLemmaLoopBody,unfold,pred
5,8519,94,48,appendLemmaLoopBody,post,pred
5,8526,94,49,appendLemmaAfterLoopBody,fold,pred
5,8532,94,50,list_insert,unfold,pred
5,8537,94,51,sortedSegHelper,pred,acc
5,8547,94,52,appendLemmaAfterLoopBody,post,acc
5,8553,94,53,appendLemmaLoopBody,post,acc
5,8558,94,54,appendLemmaAfterLoopBody,pre,pred
5,8565,94,55,main,inv,bool
5,8572,94,56,sortedSegHelper,pred,bool
5,8579,94,57,sortedSeg,pred,acc
5,8584,94,58,list_insert,inv,pred
5,8590,94,59,main,inv,pred
5,8596,94,60,appendLemmaAfterLoopBody,post,bool
5,8602,94,61,list_insert,inv,bool
5,8608,94,62,list_insert,inv,bool
5,8613,94,63,list_insert,fold,pred
5,8620,94,64,appendLemmaAfterLoopBody,pre,bool
5,8626,94,65,create_list,fold,pred
5,8633,94,66,appendLemmaAfterLoopBody,pre,acc
5,8639,94,67,list_insert,fold,pred
5,8646,94,68,main,pre,rem_imp
5,8649,94,69,appendLemmaAfterLoopBody,pre,bool
5,8659,94,70,appendLemmaLoopBody,pre,acc
5,8663,94,71,sorted,pred,rem_imp
5,8669,94,72,sortedSegHelper,pred,bool
5,8675,94,73,create_list,fold,pred
5,8681,94,74,list_insert,post,pred
5,8688,94,75,main,inv,rem_imp
5,8694,94,76,list_insert,unfold,pred
5,8700,94,77,appendLemmaAfterLoopBody,pre,acc
5,8706,94,78,appendLemmaLoopBody,post,bool
5,8712,94,79,create_list,fold,pred
5,8718,94,80,appendLemmaAfterLoopBody,pre,acc
5,8724,94,81,appendLemmaLoopBody,post,bool
5,8730,94,82,list_insert,inv,acc
5,8736,94,83,list_insert,unfold,pred
5,8742,94,84,appendLemmaLoopBody,pre,bool
5,8748,94,85,appendLemmaLoopBody,post,rem_imp
5,8754,94,86,appendLemmaLoopBody,pre,acc
5,8759,94,87,appendLemmaAfterLoopBody,pre,pred
5,8764,94,88,sortedSegHelper,pred,bool
5,8770,94,89,sortedSegHelper,pred,acc
5,8778,94,90,appendLemmaAfterLoopBody,post,pred
5,8783,94,91,list_insert,fold,pred
5,8788,94,92,list_insert,fold,pred
5,8794,94,93,list_insert,post,rem_imp
5,8799,94,94,sortedSegHelper,pred,pred
5,8805,94,95,appendLemmaLoopBody,pre,bool
5,8811,94,96,sortedSeg,pred,rem_imp
5,8817,94,97,list_insert,inv,acc
5,8823,94,98,appendLemmaLoopBody,pre,bool
5,8829,94,99,appendLemmaLoopBody,pre,bool
5,8835,94,100,create_list,pre,rem_imp
5,8840,94,101,appendLemmaLoopBody,pre,pred
5,8845,94,102,appendLemmaLoopBody,pre,rem_imp
5,8851,94,103,create_list,post,rem_imp
5,8857,94,104,list_insert,pre,rem_imp
5,8863,94,105,appendLemmaAfterLoopBody,unfold,pred
5,8869,94,106,appendLemmaAfterLoopBody,pre,rem_imp
5,8874,94,107,appendLemmaAfterLoopBody,post,rem_imp
5,8880,94,108,sortedSegHelper,pred,rem_imp
5,8885,94,109,list_insert,inv,rem_imp
5,8891,95,1,appendLemmaAfterLoopBody,pre,acc
5,8897,95,2,sortedSeg,pred,acc
5,8902,95,3,sortedSeg,pred,bool
5,8910,95,4,appendLemmaLoopBody,pre,pred
5,8913,95,5,create_list,fold,pred
5,8919,95,6,appendLemmaLoopBody,post,acc
5,8925,95,7,sortedSegHelper,pred,acc
5,8931,95,8,list_insert,unfold,pred
5,8936,95,9,appendLemmaLoopBody,pre,pred
5,8939,95,10,appendLemmaLoopBody,post,bool
5,8948,95,11,appendLemmaLoopBody,pre,acc
5,8952,95,12,appendLemmaAfterLoopBody,unfold,pred
5,8959,95,13,sortedSeg,pred,acc
5,8964,95,14,list_insert,pre,pred
5,8970,95,15,list_insert,inv,pred
5,8976,95,16,appendLemmaAfterLoopBody,post,bool
5,8982,95,17,list_insert,inv,bool
5,8988,95,18,appendLemmaLoopBody,pre,acc
5,8994,95,19,list_insert,fold,pred
5,9000,95,20,appendLemmaAfterLoopBody,unfold,pred
5,9005,95,21,list_insert,unfold,pred
5,9011,95,22,list_insert,post,pred
5,9017,95,23,sortedSegHelper,pred,pred
5,9019,95,24,create_list,fold,pred
5,9025,95,25,create_list,fold,pred
5,9031,95,26,appendLemmaAfterLoopBody,fold,pred
5,9037,95,27,appendLemmaLoopBody,fold,pred
5,9043,95,28,create_list,post,pred
5,9049,95,29,list_insert,fold,pred
5,9055,95,30,list_insert,inv,acc
5,9061,95,31,appendLemmaLoopBody,unfold,pred
5,9067,95,32,sorted,pred,pred
5,9073,95,33,appendLemmaLoopBody,post,bool
5,9079,95,34,sortedSegHelper,pred,acc
5,9083,95,35,appendLemmaAfterLoopBody,pre,pred
5,9088,95,36,sortedSeg,pred,pred
5,9095,95,37,list_insert,inv,pred
5,9101,95,38,main,pre,bool
5,9107,95,39,appendLemmaLoopBody,pre,bool
5,9116,95,40,appendLemmaLoopBody,pre,bool
5,9123,95,41,appendLemmaLoopBody,post,bool
5,9128,95,42,appendLemmaLoopBody,post,acc
5,9131,95,43,list_insert,fold,pred
5,9137,95,44,sorted,pred,rem_imp
5,9143,95,45,appendLemmaAfterLoopBody,pre,acc
5,9150,95,46,appendLemmaLoopBody,post,pred
5,9157,95,47,create_list,post,rem_imp
5,9163,95,48,appendLemmaLoopBody,pre,pred
5,9169,95,49,list_insert,unfold,pred
5,9174,95,50,appendLemmaLoopBody,pre,bool
5,9180,95,51,appendLemmaLoopBody,pre,bool
5,9186,95,52,sortedSegHelper,pred,bool
5,9192,95,53,appendLemmaAfterLoopBody,post,bool
5,9198,95,54,appendLemmaLoopBody,unfold,pred
5,9204,95,55,main,inv,pred
5,9210,95,56,appendLemmaLoopBody,post,pred
5,9216,95,57,create_list,pre,bool
5,9222,95,58,appendLemmaAfterLoopBody,pre,acc
5,9228,95,59,appendLemmaAfterLoopBody,pre,pred
5,9234,95,60,appendLemmaAfterLoopBody,post,acc
5,9240,95,61,main,pre,rem_imp
5,9246,95,62,list_insert,fold,pred
5,9251,95,63,list_insert,inv,acc
5,9257,95,64,create_list,pre,rem_imp
5,9263,95,65,appendLemmaAfterLoopBody,pre,bool
5,9270,95,66,sortedSeg,pred,rem_imp
5,9276,95,67,appendLemmaAfterLoopBody,post,pred
5,9282,95,68,sortedSegHelper,pred,bool
5,9288,95,69,list_insert,fold,pred
5,9294,95,70,list_insert,fold,pred
5,9300,95,71,appendLemmaAfterLoopBody,pre,acc
5,9305,95,72,list_insert,fold,pred
5,9311,95,73,sortedSegHelper,pred,bool
5,9317,95,74,appendLemmaLoopBody,fold,pred
5,9323,95,75,main,post,bool
5,9329,95,76,list_insert,inv,bool
5,9335,95,77,main,post,rem_imp
5,9341,95,78,list_insert,unfold,pred
5,9347,95,79,appendLemmaLoopBody,post,rem_imp
5,9353,95,80,appendLemmaAfterLoopBody,pre,bool
5,9361,95,81,appendLemmaLoopBody,pre,bool
5,9367,95,82,appendLemmaAfterLoopBody,pre,bool
5,9373,95,83,main,inv,bool
5,9379,95,84,appendLemmaLoopBody,pre,acc
5,9384,95,85,list_insert,unfold,pred
5,9389,95,86,list_insert,inv,acc
5,9395,95,87,list_insert,fold,pred
5,9401,95,88,appendLemmaLoopBody,pre,bool
5,9407,95,89,sortedSegHelper,pred,rem_imp
5,9413,95,90,appendLemmaLoopBody,pre,bool
5,9419,95,91,list_insert,fold,pred
5,9426,95,92,list_insert,unfold,pred
5,9431,95,93,appendLemmaAfterLoopBody,post,acc
5,9436,95,94,list_insert,fold,pred
5,9442,95,95,appendLemmaAfterLoopBody,pre,bool
5,9448,95,96,list_insert,pre,rem_imp
5,9454,95,97,list_insert,inv,bool
5,9460,95,98,list_insert,inv,acc
5,9465,95,99,list_insert,post,rem_imp
5,9473,95,100,list_insert,inv,rem_imp
5,9477,95,101,main,inv,bool
5,9483,95,102,appendLemmaAfterLoopBody,pre,bool
5,9489,95,103,appendLemmaAfterLoopBody,fold,pred
5,9493,95,104,appendLemmaLoopBody,pre,acc
5,9500,95,105,appendLemmaAfterLoopBody,post,rem_imp
5,9506,95,106,appendLemmaLoopBody,pre,rem_imp
5,9512,95,107,appendLemmaAfterLoopBody,pre,bool
5,9520,95,108,appendLemmaAfterLoopBody,pre,rem_imp
5,9525,95,109,main,inv,rem_imp
5,9534,96,1,list_insert,inv,bool
5,9540,96,2,sortedSeg,pred,acc
5,9546,96,3,list_insert,fold,pred
5,9552,96,4,list_insert,fold,pred
5,9557,96,5,appendLemmaAfterLoopBody,unfold,pred
5,9563,96,6,appendLemmaLoopBody,pre,acc
5,9569,96,7,appendLemmaLoopBody,unfold,pred
5,9575,96,8,appendLemmaAfterLoopBody,fold,pred
5,9581,96,9,list_insert,fold,pred
5,9587,96,10,appendLemmaLoopBody,post,bool
5,9593,96,11,appendLemmaAfterLoopBody,pre,pred
5,9601,96,12,sortedSegHelper,pred,bool
5,9607,96,13,list_insert,fold,pred
5,9613,96,14,create_list,fold,pred
5,9619,96,15,main,inv,bool
5,9625,96,16,sortedSegHelper,pred,bool
5,9631,96,17,list_insert,fold,pred
5,9639,96,18,appendLemmaLoopBody,pre,pred
5,9645,96,19,list_insert,inv,acc
5,9650,96,20,appendLemmaLoopBody,pre,pred
5,9656,96,21,appendLemmaAfterLoopBody,pre,bool
5,9662,96,22,appendLemmaAfterLoopBody,fold,pred
5,9668,96,23,list_insert,fold,pred
5,9674,96,24,list_insert,unfold,pred
5,9680,96,25,sortedSegHelper,pred,acc
5,9686,96,26,sorted,pred,pred
5,9692,96,27,appendLemmaLoopBody,post,pred
5,9697,96,28,appendLemmaAfterLoopBody,post,bool
5,9703,96,29,sortedSegHelper,pred,acc
5,9707,96,30,appendLemmaLoopBody,pre,pred
5,9713,96,31,appendLemmaLoopBody,pre,acc
5,9719,96,32,appendLemmaAfterLoopBody,pre,acc
5,9725,96,33,appendLemmaAfterLoopBody,pre,pred
5,9732,96,34,appendLemmaLoopBody,fold,pred
5,9737,96,35,appendLemmaLoopBody,pre,bool
5,9743,96,36,list_insert,fold,pred
5,9749,96,37,sortedSeg,pred,acc
5,9755,96,38,appendLemmaAfterLoopBody,post,acc
5,9760,96,39,sortedSegHelper,pred,bool
5,9765,96,40,main,post,bool
5,9770,96,41,create_list,post,pred
5,9775,96,42,appendLemmaLoopBody,pre,bool
5,9780,96,43,appendLemmaLoopBody,post,acc
5,9785,96,44,create_list,fold,pred
5,9790,96,45,list_insert,unfold,pred
5,9795,96,46,appendLemmaLoopBody,post,pred
5,9798,96,47,create_list,fold,pred
5,9803,96,48,appendLemmaAfterLoopBody,pre,bool
5,9807,96,49,list_insert,unfold,pred
5,9813,96,50,appendLemmaLoopBody,pre,bool
5,9820,96,51,list_insert,inv,pred
5,9826,96,52,appendLemmaLoopBody,unfold,pred
5,9830,96,53,appendLemmaLoopBody,pre,acc
5,9836,96,54,appendLemmaAfterLoopBody,pre,bool
5,9840,96,55,appendLemmaLoopBody,pre,acc
5,9844,96,56,appendLemmaAfterLoopBody,pre,acc
5,9849,96,57,appendLemmaAfterLoopBody,pre,acc
5,9851,96,58,list_insert,fold,pred
5,9856,96,59,create_list,pre,bool
5,9861,96,60,list_insert,inv,bool
5,9866,96,61,list_insert,unfold,pred
5,9871,96,62,list_insert,inv,acc
5,9875,96,63,appendLemmaAfterLoopBody,pre,bool
5,9880,96,64,appendLemmaLoopBody,fold,pred
5,9885,96,65,appendLemmaLoopBody,pre,bool
5,9890,96,66,appendLemmaLoopBody,post,bool
5,9895,96,67,appendLemmaLoopBody,pre,bool
5,9900,96,68,appendLemmaAfterLoopBody,post,pred
5,9905,96,69,sortedSeg,pred,bool
5,9910,96,70,appendLemmaLoopBody,pre,bool
5,9915,96,71,appendLemmaLoopBody,post,acc
5,9920,96,72,appendLemmaAfterLoopBody,unfold,pred
5,9925,96,73,sortedSeg,pred,pred
5,9930,96,74,list_insert,inv,pred
5,9934,96,75,appendLemmaAfterLoopBody,post,acc
5,9939,96,76,appendLemmaAfterLoopBody,pre,acc
5,9944,96,77,list_insert,fold,pred
5,9949,96,78,list_insert,inv,acc
5,9953,96,79,appendLemmaAfterLoopBody,pre,bool
5,9958,96,80,sortedSegHelper,pred,pred
5,9963,96,81,create_list,post,rem_imp
5,9968,96,82,sortedSeg,pred,rem_imp
5,9973,96,83,main,pre,bool
5,9978,96,84,main,pre,rem_imp
5,9983,96,85,main,inv,pred
5,9988,96,86,appendLemmaAfterLoopBody,pre,bool
5,9993,96,87,appendLemmaLoopBody,pre,bool
5,9998,96,88,sortedSegHelper,pred,rem_imp
5,10003,96,89,list_insert,unfold,pred
5,10008,96,90,appendLemmaLoopBody,post,bool
5,10013,96,91,list_insert,fold,pred
5,10018,96,92,list_insert,unfold,pred
5,10023,96,93,appendLemmaLoopBody,post,rem_imp
5,10027,96,94,list_insert,inv,acc
5,10034,96,95,appendLemmaLoopBody,pre,rem_imp
5,10037,96,96,appendLemmaAfterLoopBody,post,bool
5,10042,96,97,main,post,rem_imp
5,10047,96,98,create_list,pre,rem_imp
5,10052,96,99,sorted,pred,rem_imp
5,10057,96,100,main,inv,bool
5,10062,96,101,appendLemmaAfterLoopBody,pre,rem_imp
5,10067,96,102,list_insert,pre,pred
5,10072,96,103,list_insert,pre,rem_imp
5,10077,96,104,list_insert,post,pred
5,10082,96,105,main,inv,rem_imp
5,10087,96,106,list_insert,post,rem_imp
5,10093,96,107,list_insert,inv,bool
5,10097,96,108,appendLemmaAfterLoopBody,post,rem_imp
5,10102,96,109,list_insert,inv,rem_imp