"id","path_id","level_id","component_added","stress","median","verification","diff","pdiff","context_name","context_type","component_type","example","classification"
"8998886214f0182018622002300a0f4ee84002",19,29.4,"m.tree_main_lemma_bst.3.fold.pred_inst.43",64,9429916,"gradual",-7699756,-44.9,"tree_main_lemma_bst","fold","pred_inst","bst","min"
"143b8282c214005094088208096e90903330bc8",27,31.4,"m.tree_remove_lemma_right.3.fold.pred_inst.135",64,131405430,"gradual",-16521010,-11.2,"tree_remove_lemma_right","fold","pred_inst","bst","min"
"cc402c2019a55044a602a9c064aa01e8032a01",16,32,"m.tree_main_lemma_bst.3.fold.pred_inst.43",64,15938558,"gradual",-12757698,-44.5,"tree_main_lemma_bst","fold","pred_inst","bst","min"
"618244c820b60690340854435613a832651c0d",10,34.6,"m.tree_main_lemma_bst.3.fold.pred_inst.43",64,15602046,"gradual",-13166816,-45.8,"tree_main_lemma_bst","fold","pred_inst","bst","min"
"61cb2ad470408953214cfba21ad133055a6725",17,43.1,"m.tree_remove.3.fold.pred_inst.89",64,73565159,"gradual",-44117963,-37.5,"tree_remove","fold","pred_inst","bst","min"
"14bf8683c2540054948a921a29feb0d033b0bcc",27,43.1,"m.tree_remove_lemma_left.3.fold.pred_inst.111",64,176560044,"gradual",-16533062,-8.6,"tree_remove_lemma_left","fold","pred_inst","bst","min"
"876420e960e6d1a875b656a1a36f075e88d802",28,45.1,"m.tree_main_lemma_bst.3.fold.pred_inst.43",64,12049549,"gradual",-13856183,-53.5,"tree_main_lemma_bst","fold","pred_inst","bst","min"
"c1656792b53c9e715e97a60fb5281099b7d128",26,49,"m.tree_remove_lemma_right.3.fold.pred_inst.135",64,173020596,"gradual",-12974607,-7,"tree_remove_lemma_right","fold","pred_inst","bst","min"
"678244cc68f69698742954437637ae3375ddcd",10,50.3,"m.tree_remove_lemma_right.4.unfold.pred_inst.132",64,215127884,"gradual",-9198628,-4.1,"tree_remove_lemma_right","unfold","pred_inst","bst","min"
"117f11c28ac230a26734ea8591ff51cff89f42d",11,50.3,"p.bst.6.pred.acc.140",64,107735717,"gradual",-13167877,-10.9,"bst","pred","acc","bst","min"
"19a27b3664ddcf70c4b8da11686c3bc3949ee0e",4,51,"m.tree_max.1.pre.default.44",64,490351704,"gradual",-8804836,-1.8,"tree_max","pre","default","bst","min"
"15bf969bc25404549caab21a29feb8d03bb0fcd",27,51,"p.treeRemove.6.pred.pred_inst.152",64,130652516,"gradual",-44352203,-25.3,"treeRemove","pred","pred_inst","bst","min"
"c5e56792b53cde715e97a61fb5281099b7d128",26,51.6,"m.create_tree_helper.2.post.pred_inst.6",64,149366511,"gradual",-33375613,-18.3,"create_tree_helper","post","pred_inst","bst","min"
"1263455376e285d0ff9c3dd26e1f63df210b3c8",29,52.3,"m.tree_remove_lemma_left.3.fold.pred_inst.111",64,84946812,"gradual",-17967048,-17.5,"tree_remove_lemma_left","fold","pred_inst","bst","min"
"19a27b7664ddcf70c4b8db1168ec3bc7949ee0e",4,53.6,"m.tree_min_lemma.4.unfold.pred_inst.84",64,511319251,"gradual",-13132268,-2.5,"tree_min_lemma","unfold","pred_inst","bst","min"
"37550d3b0bb9965adb359af3ab98f9fa32d4a",6,53.6,"m.tree_main_lemma_bst.3.fold.pred_inst.43",64,15765314,"gradual",-11840237,-42.9,"tree_main_lemma_bst","fold","pred_inst","bst","min"
"19a27b7664ddef70c4b8db116aec3be7949ee0e",4,55.6,"m.tree_max.4.unfold.pred_inst.47",64,522417578,"gradual",-8917261,-1.7,"tree_max","unfold","pred_inst","bst","min"
"89beceeecb1ce754d976b8f447c5a60e69f91f",25,56.2,"m.tree_min_lemma.4.unfold.pred_inst.84",64,377285541,"gradual",-7255034,-1.9,"tree_min_lemma","unfold","pred_inst","bst","min"
"678244de6af696dcf46954437e37ae3375ffcd",10,56.9,"m.tree_remove_lemma.1.pre.pred_inst.101",64,225572595,"gradual",-7485849,-3.2,"tree_remove_lemma","pre","pred_inst","bst","min"
"8dbeceeecb1ce754d976b8f447c5a60e69f91f",25,56.9,"m.create_tree_helper.2.post.pred_inst.6",64,344346601,"gradual",-32938940,-8.7,"create_tree_helper","post","pred_inst","bst","min"
"19a27b7664ddef70c6bbdb116aec3be7949fe0e",4,58.2,"m.tree_min_helper.3.fold.pred_inst.75",64,515994193,"gradual",-10812995,-2.1,"tree_min_helper","fold","pred_inst","bst","min"
"8dbeceeecb1ce754d976b8f447cda60e69f93f",25,58.2,"m.tree_remove_lemma_left.3.fold.pred_inst.109",64,343621582,"gradual",-14894735,-4.2,"tree_remove_lemma_left","fold","pred_inst","bst","min"
"1ae3455376e2a7d1ff9c3dd66e5fe3df211b3c8",29,58.2,"m.tree_max.4.unfold.pred_inst.47",64,364210069,"gradual",-10121878,-2.7,"tree_max","unfold","pred_inst","bst","min"
"19a37b7764ddef70c6bbdb116aec3be7949fe0e",4,59.5,"m.tree_contains.4.unfold.pred_inst.28",32,57966547,"gradual",-8871760,-13.3,"tree_contains","unfold","pred_inst","bst","min"
"19a37b7764ddef70c6bbdb116aec3be7949fe0e",4,59.5,"m.tree_contains.4.unfold.pred_inst.28",64,444708316,"gradual",-85238777,-16.1,"tree_contains","unfold","pred_inst","bst","min"
"18fe52cfb64eed1acf5b65ee3a3ff0fde89d826",28,59.5,"m.tree_min_lemma.3.fold.pred_inst.85",64,295772251,"gradual",-8397701,-2.8,"tree_min_lemma","fold","pred_inst","bst","min"
"678a44de6bf696fcf4695c437e37ae3377ffcd",10,60.1,"m.tree_remove_lemma_right.3.fold.pred_inst.135",64,311074208,"gradual",-18859047,-5.7,"tree_remove_lemma_right","fold","pred_inst","bst","min"
"8dbecfeecb1ce755d976b8f447cda68e69f93f",25,60.1,"m.tree_remove_lemma_max.2.post.pred_inst.121",64,339046732,"gradual",-8099595,-2.3,"tree_remove_lemma_max","post","pred_inst","bst","min"
"1ae3555377e2a7d1ffdc3dd66e5fe3df211b3c8",29,60.1,"m.tree_min_helper.1.pre.default.70",64,353642125,"gradual",-11197004,-3.1,"tree_min_helper","pre","default","bst","min"
"1cde5679eb53cde717e9fa69fb5a99199f7d13a",26,60.8,"p.tree.6.pred.pred_inst.151",64,213265837,"gradual",-44370754,-17.2,"tree","pred","pred_inst","bst","min"
"18fe52cfb6ceed1acf5b65ee3a3ff0fde89d82e",28,60.8,"p.bstRemove.6.pred.acc.149",64,291877648,"gradual",-7169559,-2.4,"bstRemove","pred","acc","bst","min"
"1ae3555377e2a7d1ffdc3dd66e5fe3df211b3ca",29,60.8,"p.tree.6.pred.pred_inst.151",64,340209447,"gradual",-13432678,-3.8,"tree","pred","pred_inst","bst","min"
"8dbecfeecb1ce755d977b8f647cda68e69f93f",25,61.4,"m.tree_min_helper.3.fold.pred_inst.80",64,337341629,"gradual",-7999993,-2.3,"tree_min_helper","fold","pred_inst","bst","min"
"19b3fb7774ddef70c6bbdb156aec3be7949fe0e",4,62.1,"m.tree_contains_helper.4.unfold.pred_inst.32",64,440494196,"gradual",-29555644,-6.3,"tree_contains_helper","unfold","pred_inst","bst","min"
"8dbecffecb1ce755d977b8f647cda68e69f93f",25,62.1,"m.tree_contains.4.unfold.pred_inst.28",32,39110255,"gradual",-7727740,-16.5,"tree_contains","unfold","pred_inst","bst","min"
"8dbecffecb1ce755d977b8f647cda68e69f93f",25,62.1,"m.tree_contains.4.unfold.pred_inst.28",64,280470806,"gradual",-56870823,-16.9,"tree_contains","unfold","pred_inst","bst","min"
"1cded679eb53cde717e9fa79fb5a9b1b9f7d13a",26,63.4,"m.main.5.inv.default.13",64,172671140,"gradual",-46040381,-21.1,"main","inv","default","bst","min"
"fb8f7fbef76c659ed8fa5b944b9b6adfd31bf7",8,64.7,"m.tree_main_lemma_bst.4.unfold.pred_inst.42",64,34274550,"gradual",-33370427,-49.3,"tree_main_lemma_bst","unfold","pred_inst","bst","min"
"678b44deeff7d6fcf4695d437e37ae3777ffcd",10,64.7,"m.tree_main_lemma.4.unfold.pred_inst.38",64,267868860,"gradual",-45262835,-14.5,"tree_main_lemma","unfold","pred_inst","bst","min"
"127cdff95fb59bb7df5ff0ca1caa67bb3a5af7b",21,64.7,"m.tree_remove_lemma_left.3.fold.pred_inst.111",64,240448597,"gradual",-17418006,-6.8,"tree_remove_lemma_left","fold","pred_inst","bst","min"
"ca1fff73cccccd3719fffbe4a947ffc5ebf6ee",12,65.4,"m.tree_remove_lemma_right.3.fold.pred_inst.133",64,417571657,"gradual",-8137506,-1.9,"tree_remove_lemma_right","fold","pred_inst","bst","min"
"ca1fff73cceccd3719fffbe4a947ffc5ebf6ee",12,66,"m.tree_main_lemma_bst.3.fold.pred_inst.43",32,42376757,"gradual",-10798277,-20.3,"tree_main_lemma_bst","fold","pred_inst","bst","min"
"ca1fff73cceccd3719fffbe4a947ffc5ebf6ee",12,66,"m.tree_main_lemma_bst.3.fold.pred_inst.43",64,331891499,"gradual",-85680158,-20.5,"tree_main_lemma_bst","fold","pred_inst","bst","min"
"1bdd9b5ff40a5fb73af97d1f43d9cb76feff979",14,66,"m.tree_min_lemma.4.unfold.pred_inst.84",64,288310437,"gradual",-10369474,-3.5,"tree_min_lemma","unfold","pred_inst","bst","min"
"9bdeacefd4f4fd70d976fd57309e7fffefd467",19,66,"p.bstRemove.6.pred.acc.150",64,239089125,"gradual",-7374330,-3,"bstRemove","pred","acc","bst","min"
"1ae3555377eaa7d1ffde3dde7f5fe3df215f3da",29,66,"p.bst.6.pred.default.138",64,339043625,"gradual",-9654024,-2.8,"bst","pred","default","bst","min"
"83757ad3f9bb9975efbfdbef3af98fdfa3ef4e",6,67.3,"p.bstRemove.6.pred.acc.150",64,388260355,"gradual",-8646989,-2.2,"bstRemove","pred","acc","bst","min"
"ca1fff73ececcd3719fffbf4a947ffc5ebf6ee",12,67.3,"m.tree_remove_helper.3.fold.pred_inst.92",64,324388844,"gradual",-6868130,-2.1,"tree_remove_helper","fold","pred_inst","bst","min"
"1af3555377eaa7d1ffde3dde7f5fe3df217f3da",29,67.3,"m.tree_remove_lemma_right.3.fold.pred_inst.135",64,339239114,"gradual",-11317491,-3.2,"tree_remove_lemma_right","fold","pred_inst","bst","min"
"93d91eb9ffceef7efcf1ddfb18bed7d9cbfbd3",23,68,"m.tree_remove_lemma_max.1.pre.default.119",64,329947901,"gradual",-7924447,-2.3,"tree_remove_lemma_max","pre","default","bst","min"
"1f7bd1ef4ed3fe3bded5fc3dfd6db7a1ece6bdb",1,68.6,"p.treeRemove.6.pred.pred_inst.152",64,70364599,"gradual",-44278535,-38.6,"treeRemove","pred","pred_inst","bst","min"
"19bbfb7f74ddef71d6bfdb3d7aec3be7959fe2e",4,68.6,"m.tree_min_helper.4.unfold.pred_inst.74",64,428774094,"gradual",-11365463,-2.6,"tree_min_helper","unfold","pred_inst","bst","min"
"ca3fff73ececcdb719fffbf4a947ffc5ebf6ee",12,68.6,"m.main.5.inv.default.11",64,303314067,"gradual",-22637236,-6.9,"main","inv","default","bst","min"
"1cdf12c7efbe57c7ce77bffcbf4bab1ffb73f0f",16,68.6,"m.tree_remove.2.post.pred_inst.87",64,113156139,"gradual",-42586209,-27.3,"tree_remove","post","pred_inst","bst","min"
"1adfdd3db7f6bdef6fb36db9fe7ef1de184f9f4",22,68.6,"m.tree_main_lemma_bst.4.unfold.pred_inst.42",64,22741550,"gradual",-7450667,-24.7,"tree_main_lemma_bst","unfold","pred_inst","bst","min"
"f1db2ff7f777e97b63edfbb21ef97bbd7e67ad",17,69.3,"m.tree_main_lemma.4.unfold.pred_inst.38",64,152258711,"gradual",-45856657,-23.1,"tree_main_lemma","unfold","pred_inst","bst","min"
"9fdeacefd4f4fd70d976fd7f319e7fffeff567",19,69.9,"m.tree_remove_helper.4.unfold.pred_inst.93",64,228592182,"gradual",-13897061,-5.7,"tree_remove_helper","unfold","pred_inst","bst","min"
"bfe7a6ff9efeaf5f19fc9f7a4bfeffbf53cf09",20,69.9,"m.tree_max.4.unfold.pred_inst.47",64,428822652,"gradual",-10804956,-2.5,"tree_max","unfold","pred_inst","bst","min"
"15ff9ffbf2de04d6dfbaba5e7dfeb9d3fbb3fcd",27,69.9,"m.tree_main_lemma_bst.3.fold.pred_inst.43",64,141840874,"gradual",-11417897,-7.5,"tree_main_lemma_bst","fold","pred_inst","bst","min"
"1fdddb5ff60a5fb73afb7f1fc3d9eb76feff979",14,70.6,"m.tree_remove_helper.4.unfold.pred_inst.93",64,285694956,"gradual",-13847138,-4.6,"tree_remove_helper","unfold","pred_inst","bst","min"
"df9fdf12197fef17dbdbf3e97edb9dfe6bfe6f",15,70.6,"p.bst.6.pred.acc.142",64,271718922,"gradual",-14159063,-5,"bst","pred","acc","bst","min"
"837d7ad3f9bb9b75efbfdbefbbf98fdfe3ff4e",6,71.2,"p.bst.6.pred.acc.140",64,391184836,"gradual",-22230917,-5.4,"bst","pred","acc","bst","min"
"117f51c79bc3b8f367fdfb8db9fff7effbbf7ed",11,71.2,"m.tree_remove_lemma_left.3.fold.pred_inst.111",64,149413274,"gradual",-16614995,-10,"tree_remove_lemma_left","fold","pred_inst","bst","min"
"1dbbfbff74ddef75d7bfdb3d7aec3be7959fe6e",4,71.9,"m.tree_min.4.unfold.pred_inst.68",64,428952574,"gradual",-14209197,-3.2,"tree_min","unfold","pred_inst","bst","min"
"dfbfdf12197fef17dbdbf3e97edb9dfe6bfeef",15,71.9,"m.main.5.inv.default.11",64,249933437,"gradual",-22697504,-8.3,"main","inv","default","bst","min"
"1afe53cff6ceed3bcf7f67fe3ebff0ffe8fd9be",28,71.9,"m.tree_remove.4.unfold.pred_inst.88",64,278254479,"gradual",-39386954,-12.4,"tree_remove","unfold","pred_inst","bst","min"
"1af3555777eab7d1ffdf7fde7f5fe3df297f3db",29,71.9,"m.tree_max.3.fold.pred_inst.48",64,381856147,"gradual",-8023431,-2.1,"tree_max","fold","pred_inst","bst","min"
"1dbbfbff74fdef75d7bfdb3d7aec3be7959fe6e",4,72.5,"m.tree_main_lemma.3.fold.pred_inst.39",64,396305591,"gradual",-32646983,-7.6,"tree_main_lemma","fold","pred_inst","bst","min"
"97747fd79feb3fa7fffcbfe4c43efffbfbcafd",7,72.5,"m.tree_max_helper.2.post.pred_inst.52",64,310405617,"gradual",-14259489,-4.4,"tree_max_helper","post","pred_inst","bst","min"
"678b44deeff7f6fcf56b5d5b7fb7ef3f7fffed",10,72.5,"m.tree_remove_helper.4.unfold.pred_inst.93",64,251667096,"gradual",-11687888,-4.4,"tree_remove_helper","unfold","pred_inst","bst","min"
"bff7a6ff9efeaf5f19fc9f7a4ffeffbf53ef0b",20,72.5,"p.tree.6.pred.pred_inst.151",32,46328275,"gradual",-8075240,-14.8,"tree","pred","pred_inst","bst","min"
"bff7a6ff9efeaf5f19fc9f7a4ffeffbf53ef0b",20,72.5,"p.tree.6.pred.pred_inst.151",64,363762144,"gradual",-71431863,-16.4,"tree","pred","pred_inst","bst","min"
"1dbbfbff76fdef75d7bfdb3d7aec3be7959fe6e",4,73.2,"m.tree_contains_helper.3.fold.pred_inst.35",64,381123451,"gradual",-15182140,-3.8,"tree_contains_helper","fold","pred_inst","bst","min"
"837d7af3f9fb9b75efbfdbefbbf98fdfe3ff5e",6,73.2,"m.tree_main_lemma_bst.4.unfold.pred_inst.42",64,424707433,"gradual",-40686404,-8.7,"tree_main_lemma_bst","unfold","pred_inst","bst","min"
"9fdeecefd4f4fd70d976fd7f359efffffff5e7",19,73.2,"m.tree_add.4.unfold.pred_inst.18",64,211494502,"gradual",-16943640,-7.4,"tree_add","unfold","pred_inst","bst","min"
"1a6f5dd7afcdfefbaaeeb3ff77e1d5af7ff9eff",3,73.9,"m.tree_remove_helper.2.post.pred_inst.91",64,343838190,"gradual",-8033825,-2.3,"tree_remove_helper","post","pred_inst","bst","min"
"ca3fff73ececcfb71dfffbf4a9dfffcdebfefe",12,73.9,"m.tree_remove_lemma_left.4.unfold.pred_inst.108",64,297066184,"gradual",-7215735,-2.4,"tree_remove_lemma_left","unfold","pred_inst","bst","min"
"1e7cdff95fb79fbfdf5ff1fa3cba6fbbbe5bf7b",21,73.9,"p.bst.6.pred.acc.140",64,233058974,"gradual",-35154337,-13.1,"bst","pred","acc","bst","min"
"1afe5bcff6eeed3bcf7f67fe3ebff0ffe8fd9fe",28,73.9,"m.tree_main_lemma.3.fold.pred_inst.39",64,230758972,"gradual",-47194002,-17,"tree_main_lemma","fold","pred_inst","bst","min"
"17ef7dffe7eef76fff7bfef9dfcb69a247d6fbc",0,74.5,"m.tree_main_lemma_bst.3.fold.pred_inst.43",64,33758381,"gradual",-12695754,-27.3,"tree_main_lemma_bst","fold","pred_inst","bst","min"
"1dbbfbff76ffef75f7bfdb3d7aec3be7959ff6e",4,75.2,"m.tree_main_lemma_bst.3.fold.pred_inst.43",32,48264384,"gradual",-11763913,-19.6,"tree_main_lemma_bst","fold","pred_inst","bst","min"
"1dbbfbff76ffef75f7bfdb3d7aec3be7959ff6e",4,75.2,"m.tree_main_lemma_bst.3.fold.pred_inst.43",64,381849966,"gradual",-100047319,-20.8,"tree_main_lemma_bst","fold","pred_inst","bst","min"
"197f51d79bd3b8f367fdfb8db9fff7efffbffef",11,75.2,"p.bst.6.pred.acc.141",64,242640899,"gradual",-23145107,-8.7,"bst","pred","acc","bst","min"
"1af35757f7eab7f1ffdf7fdf7f5fe3df29ff3db",29,75.2,"m.tree_contains.3.fold.pred_inst.29",32,39963223,"gradual",-7309584,-15.5,"tree_contains","fold","pred_inst","bst","min"
"1af35757f7eab7f1ffdf7fdf7f5fe3df29ff3db",29,75.2,"m.tree_contains.3.fold.pred_inst.29",64,319800835,"gradual",-74763779,-18.9,"tree_contains","fold","pred_inst","bst","min"
"1e78b44deeff7f7fcf56b5f5b7fb7ef3f7fffef",10,75.8,"p.tree.6.pred.pred_inst.151",32,26410056,"gradual",-11403457,-30.2,"tree","pred","pred_inst","bst","min"
"1e78b44deeff7f7fcf56b5f5b7fb7ef3f7fffef",10,75.8,"p.tree.6.pred.pred_inst.151",64,201492859,"gradual",-94248921,-31.9,"tree","pred","pred_inst","bst","min"
"1e7edffd5fb79fbfdf5ff1fa3cba6fbbfe5bf7b",21,75.8,"m.main.5.inv.default.11",64,212824874,"gradual",-14562164,-6.4,"main","inv","default","bst","min"
"1afe5feff6feed3bcf7f67fe3ebff0ffe8fd9fe",28,75.8,"m.tree_add.4.unfold.pred_inst.18",64,219242557,"gradual",-15753625,-6.7,"tree_add","unfold","pred_inst","bst","min"
"1fbfbb6fad73fcdd36df6eece7b7dfbf5eefffe",30,75.8,"m.tree_remove_lemma_right.3.fold.pred_inst.135",64,149447428,"gradual",-20884300,-12.3,"tree_remove_lemma_right","fold","pred_inst","bst","min"
"197f55d79fd3b8f367fdfb8db9fff7efffbffef",11,76.5,"m.tree_add.4.unfold.pred_inst.18",64,225701711,"gradual",-19526898,-8,"tree_add","unfold","pred_inst","bst","min"
"ffbfdf3e1d7fef17dbdbf3e97edb9dfe6fffef",15,76.5,"m.tree_main_lemma.4.unfold.pred_inst.38",64,387423729,"gradual",-36278041,-8.6,"tree_main_lemma","unfold","pred_inst","bst","min"
"9bdb3fbfffcfeffefcf1ddfbbabed7d9cbfbfb",23,76.5,"m.create_tree_helper.1.pre.default.5",64,349182722,"gradual",-7999416,-2.2,"create_tree_helper","pre","default","bst","min"
"ca3fff73eeeccfb75dfffbf6addfffcdeffefe",12,77.1,"m.tree_main_lemma.3.fold.pred_inst.39",64,250524340,"gradual",-52570317,-17.3,"tree_main_lemma","fold","pred_inst","bst","min"
"ffbfdf3e1d7fef17dbdbf3e97fdb9dfe6fffef",15,77.1,"m.tree_remove_lemma.3.fold.pred_inst.104",64,377472169,"gradual",-9951560,-2.6,"tree_remove_lemma","fold","pred_inst","bst","min"
"9bdb7fbfffcfeffefcf1ddfbbabed7d9cbfbfb",23,77.1,"m.tree_add.4.unfold.pred_inst.18",64,326149180,"gradual",-23033542,-6.6,"tree_add","unfold","pred_inst","bst","min"
"1af3d777f7eab7f1ffdf7fdf7f5fe3ff29ff3db",29,77.1,"m.main.5.inv.default.13",32,32272997,"gradual",-12192269,-27.4,"main","inv","default","bst","min"
"1af3d777f7eab7f1ffdf7fdf7f5fe3ff29ff3db",29,77.1,"m.main.5.inv.default.13",64,267781196,"gradual",-83031908,-23.7,"main","inv","default","bst","min"
"17ef7dffe7eef77fff7bfef9dfcb6ba667f6fbc",0,77.8,"m.tree_remove_lemma_right.3.fold.pred_inst.135",64,16629472,"gradual",-16765331,-50.2,"tree_remove_lemma_right","fold","pred_inst","bst","min"
"1837dfaf3fdfb9bf5efbfdbefbbf98fdff3fffe",6,77.8,"m.tree_remove_lemma_right.4.unfold.pred_inst.132",64,420438458,"gradual",-8501624,-2,"tree_remove_lemma_right","unfold","pred_inst","bst","min"
"17ff9ffbf3de44d7ffbebfde7fffbdd3fbb3fcd",27,77.8,"m.tree_remove_lemma_left.4.unfold.pred_inst.108",64,134921986,"gradual",-7972750,-5.6,"tree_remove_lemma_left","unfold","pred_inst","bst","min"
"1dbbfbff76ffeff5f7bfdbbd7eec3bff959ff6e",4,78.4,"m.tree_remove_lemma_max.2.post.pred_inst.121",64,374975393,"gradual",-7764593,-2,"tree_remove_lemma_max","post","pred_inst","bst","min"
"1f7f57fedfaefefffe77b7be7b3ff8ff9667e7f",5,78.4,"m.tree_main_lemma_bst.3.fold.pred_inst.43",64,14993303,"gradual",-8656883,-36.6,"tree_main_lemma_bst","fold","pred_inst","bst","min"
"b7747ff7dfeb3fe7fffdbfe4e5befffbffcafd",7,78.4,"m.create_tree.3.fold.pred_inst.3",64,312962721,"gradual",-7534786,-2.4,"create_tree","fold","pred_inst","bst","min"
"1cdfb3c7fffed7f7cefffffdbf5bef1ffb73f0f",16,78.4,"m.tree_main_lemma.4.unfold.pred_inst.38",64,64651022,"gradual",-46699477,-41.9,"tree_main_lemma","unfold","pred_inst","bst","min"
"19fdeeceff4f4ff70db7ffdff759efffffff5e7",19,78.4,"m.tree_contains_helper.3.fold.pred_inst.35",32,16795886,"gradual",-11299640,-40.2,"tree_contains_helper","fold","pred_inst","bst","min"
"19fdeeceff4f4ff70db7ffdff759efffffff5e7",19,78.4,"m.tree_contains_helper.3.fold.pred_inst.35",64,115822598,"gradual",-95050520,-45.1,"tree_contains_helper","fold","pred_inst","bst","min"
"1fbfbb6fad73fedd76df6eece7b7dfbf5feffff",30,78.4,"p.treeRemove.6.pred.pred_inst.152",64,103767851,"gradual",-44264442,-29.9,"treeRemove","pred","pred_inst","bst","min"
"9bfb7fbfffcfeffefcf1ddfbfabedfd9cbfbfb",23,79.1,"m.main.5.inv.default.11",64,309076198,"gradual",-23268714,-7,"main","inv","default","bst","min"
"1effd67debd3edf75fedfefbffdadbff9f7dd3f",26,79.1,"p.bst.6.pred.acc.141",64,208083064,"gradual",-8249706,-3.8,"bst","pred","acc","bst","min"
"1fbfbb6fad77fedd76df6eece7b7dfbf5feffff",30,79.1,"m.tree_main_lemma_bst.4.unfold.pred_inst.42",64,68247903,"gradual",-35519948,-34.2,"tree_main_lemma_bst","unfold","pred_inst","bst","min"
"1ff4cff3ff75ee5cffdfff9fef3b9dfbff77ff5",2,79.7,"p.bstRemove.6.pred.acc.148",64,119924789,"gradual",-26016591,-17.8,"bstRemove","pred","acc","bst","min"
"1f7f7fd7bfddfefbabeeb3ff77e1d5af7ff9fff",3,79.7,"m.tree_add.3.fold.pred_inst.19",64,343081674,"gradual",-24093439,-6.6,"tree_add","fold","pred_inst","bst","min"
"197f57f79fd3b8f367fdfb9fb9fff7ffffbffef",11,79.7,"m.tree_remove.4.unfold.pred_inst.88",64,276127183,"gradual",-40056120,-12.7,"tree_remove","unfold","pred_inst","bst","min"
"cabfff7beeeccfb75dfffbf7addfffcfeffefe",12,79.7,"m.tree_contains.3.fold.pred_inst.29",32,24381338,"gradual",-8353198,-25.5,"tree_contains","fold","pred_inst","bst","min"
"cabfff7beeeccfb75dfffbf7addfffcfeffefe",12,79.7,"m.tree_contains.3.fold.pred_inst.29",64,185104903,"gradual",-66881868,-26.5,"tree_contains","fold","pred_inst","bst","min"
"1fdddfdff66e7fb73bfb7f1fdfdbebfefeff97d",14,79.7,"m.tree_remove_lemma_left.2.post.pred_inst.107",64,286578233,"gradual",-7259759,-2.5,"tree_remove_lemma_left","post","pred_inst","bst","min"
"ffbfdf3e1f7fff17dfdff3e97fdb9dfe6fffef",15,79.7,"m.tree_main_lemma.3.fold.pred_inst.39",64,334011094,"gradual",-48959471,-12.8,"tree_main_lemma","fold","pred_inst","bst","min"
"f9fbaffff7f7e97b6bfdfbb25ffbfbbdfff7ed",17,79.7,"m.tree_remove_lemma_left.3.fold.pred_inst.111",64,299137817,"gradual",-12062307,-3.9,"tree_remove_lemma_left","fold","pred_inst","bst","min"
"1dbffbff76ffeff5f7bfdbbd7eed3bffb59ff6e",4,80.4,"m.tree_remove_lemma_left.4.unfold.pred_inst.108",64,372552986,"gradual",-8581062,-2.3,"tree_remove_lemma_left","unfold","pred_inst","bst","min"
"17ffdf779bbedbbfbdfe9f9f6f3effdff5fffcd",24,80.4,"m.tree_remove_lemma_left.2.post.pred_inst.107",64,312459778,"gradual",-9295674,-2.9,"tree_remove_lemma_left","post","pred_inst","bst","min"
"ffbedfffcb9ef7f5f977bef7f7cfe7af7bfdff",25,80.4,"m.tree_contains_helper.4.unfold.pred_inst.32",64,336557877,"gradual",-26513376,-7.3,"tree_contains_helper","unfold","pred_inst","bst","min"
"1effd67debd7edf75fedfefbffdadbffdf7dd3f",26,80.4,"m.tree_main_lemma_bst.4.unfold.pred_inst.42",64,195480154,"gradual",-8975583,-4.4,"tree_main_lemma_bst","unfold","pred_inst","bst","min"
"1f7bf1ff4ef7fffbded7fe7dfd7dbfbbecfffdb",1,81,"p.bst.6.pred.acc.140",64,214463508,"gradual",-30151854,-12.3,"bst","pred","acc","bst","min"
"1dfffbff76ffeff5f7bfdbbd7eed3bffb59ff6e",4,81,"m.create_tree_helper.2.post.pred_inst.6",64,344285560,"gradual",-28267426,-7.6,"create_tree_helper","post","pred_inst","bst","min"
"1e7edffd5ff7dfffdf5ff7fb3cba6ffbfe5ff7b",21,81,"m.tree_main_lemma.4.unfold.pred_inst.38",64,161489332,"gradual",-46493872,-22.4,"tree_main_lemma","unfold","pred_inst","bst","min"
"1fddffdfff6e7fb73bfb7f1fdfdbebfefeff97d",14,81.7,"m.tree_contains_helper.3.fold.pred_inst.33",32,26579063,"gradual",-11701876,-30.6,"tree_contains_helper","fold","pred_inst","bst","min"
"1fddffdfff6e7fb73bfb7f1fdfdbebfefeff97d",14,81.7,"m.tree_contains_helper.3.fold.pred_inst.33",64,196490130,"gradual",-96087578,-32.8,"tree_contains_helper","fold","pred_inst","bst","min"
"ebbfffffeeeccfb75dfffbf7addfffcfeffefe",12,82.4,"m.tree_contains_helper.1.pre.pred_inst.30",32,13178708,"gradual",-11565430,-46.7,"tree_contains_helper","pre","pred_inst","bst","min"
"ebbfffffeeeccfb75dfffbf7addfffcfeffefe",12,82.4,"m.tree_contains_helper.1.pre.pred_inst.30",64,93965550,"gradual",-89011263,-48.6,"tree_contains_helper","pre","pred_inst","bst","min"
"ffbfdfbe1f7fff3fdfdff3e97ffb9dfe6fffef",15,82.4,"m.tree_add_helper.3.fold.pred_inst.25",64,301112408,"gradual",-35766110,-10.6,"tree_add_helper","fold","pred_inst","bst","min"
"19fdfecfff6f6ff74db7ffdff779efffffff5e7",19,82.4,"m.tree_contains.4.unfold.pred_inst.28",32,10920830,"gradual",-8444807,-43.6,"tree_contains","unfold","pred_inst","bst","min"
"19fdfecfff6f6ff74db7ffdff779efffffff5e7",19,82.4,"m.tree_contains.4.unfold.pred_inst.28",64,69330849,"gradual",-69287195,-50,"tree_contains","unfold","pred_inst","bst","min"
"1ff3d777f7eeb7f9ffdf7fdfff7fe3ff79ff3db",29,82.4,"m.tree_remove_lemma_min.2.post.pred_inst.126",64,204428161,"gradual",-61698316,-23.2,"tree_remove_lemma_min","post","pred_inst","bst","min"
"1fff7fd7bfdffefbabeefbff77e1ddaf7ff9fff",3,83,"m.tree_main_lemma_bst.3.fold.pred_inst.43",32,32820735,"gradual",-12077596,-26.9,"tree_main_lemma_bst","fold","pred_inst","bst","min"
"1fff7fd7bfdffefbabeefbff77e1ddaf7ff9fff",3,83,"m.tree_main_lemma_bst.3.fold.pred_inst.43",64,240944022,"gradual",-106614539,-30.7,"tree_main_lemma_bst","fold","pred_inst","bst","min"
"19b7dfff3fffbdbf5ffbfdbefbbf98ffff3fffe",6,83,"m.tree_main_lemma.3.fold.pred_inst.39",64,376704261,"gradual",-57798532,-13.3,"tree_main_lemma","fold","pred_inst","bst","min"
"1ff3d777ffeeb7f9ffdf7fdfff7fe3ff79ff3db",29,83,"m.tree_contains_helper.3.fold.pred_inst.33",32,14924167,"gradual",-11211043,-42.9,"tree_contains_helper","fold","pred_inst","bst","min"
"1ff3d777ffeeb7f9ffdf7fdfff7fe3ff79ff3db",29,83,"m.tree_contains_helper.3.fold.pred_inst.33",64,113940542,"gradual",-90487619,-44.3,"tree_contains_helper","fold","pred_inst","bst","min"
"1fbfbbefad77fedd7fdfeeede7b7dfbf5ffffff",30,83,"m.tree_min.4.unfold.pred_inst.68",64,277667116,"gradual",-8788248,-3.1,"tree_min","unfold","pred_inst","bst","min"
"1dfffbff76ffeff5f7bfdbbd7fef3bffb7bff6e",4,83.7,"m.tree_remove_lemma_right.3.fold.pred_inst.135",64,341242145,"gradual",-18782663,-5.2,"tree_remove_lemma_right","fold","pred_inst","bst","min"
"19fffecfff6f6ff74fb7ffdff779efffffff5e7",19,83.7,"m.main.5.inv.default.11",64,46950061,"gradual",-21379634,-31.3,"main","inv","default","bst","min"
"1fbfbfefad77fedd7fdfeeede7b7dfbf5ffffff",30,83.7,"m.tree_add.4.unfold.pred_inst.18",64,257918186,"gradual",-19748930,-7.1,"tree_add","unfold","pred_inst","bst","min"
"1ffccffbff75eeddffdfff9fef3fddfbff7fff5",2,84.3,"m.tree_add_helper.3.fold.pred_inst.25",64,272894020,"gradual",-31041439,-10.2,"tree_add_helper","fold","pred_inst","bst","min"
"1dffffff76ffeff5f7bfdbbd7fef3bffb7bff6e",4,84.3,"m.tree_add.4.unfold.pred_inst.18",64,315404715,"gradual",-25837430,-7.6,"tree_add","unfold","pred_inst","bst","min"
"1cfdefffffbdef7eeceeff6fdc7fffffeefffaf",9,84.3,"m.tree_max_helper.0.assert.default.57",64,341678127,"gradual",-8116600,-2.3,"tree_max_helper","assert","default","bst","min"
"1ef9fd4defffff7fff57f5f7b7fb7ff3f7fffef",10,84.3,"m.tree_min_helper.0.assert.default.78",64,260435790,"gradual",-8312455,-3.1,"tree_min_helper","assert","default","bst","min"
"1ffbfdfbe5f7fff3fdfdff3e97ffb9ffe6fffef",15,84.3,"m.tree_contains_helper.3.fold.pred_inst.34",64,294575312,"gradual",-7002700,-2.3,"tree_contains_helper","fold","pred_inst","bst","min"
"1bff7e6ffbeffbf5f9ffdff7f4ffffffffbef0b",20,84.3,"m.tree_add.4.unfold.pred_inst.18",64,344773995,"gradual",-17923139,-4.9,"tree_add","unfold","pred_inst","bst","min"
"1edfdd7dfffebdff7ff3ffbffe7ffbde1f5fffe",22,84.3,"p.tree.6.pred.pred_inst.151",32,27092441,"gradual",-13745377,-33.7,"tree","pred","pred_inst","bst","min"
"1edfdd7dfffebdff7ff3ffbffe7ffbde1f5fffe",22,84.3,"p.tree.6.pred.pred_inst.151",64,207296475,"gradual",-110774591,-34.8,"tree","pred","pred_inst","bst","min"
"1ffbedfffcfbef7f5f97fbef7f7cfe7ff7bfdff",25,84.3,"m.tree_main_lemma_bst.3.fold.pred_inst.43",32,32235506,"gradual",-12075582,-27.3,"tree_main_lemma_bst","fold","pred_inst","bst","min"
"1ffbedfffcfbef7f5f97fbef7f7cfe7ff7bfdff",25,84.3,"m.tree_main_lemma_bst.3.fold.pred_inst.43",64,235239139,"gradual",-101476245,-30.1,"tree_main_lemma_bst","fold","pred_inst","bst","min"
"19b7dfff3fffbdbf5ffbfdbefbffbaffff3fffe",6,85,"m.tree_remove_lemma_left.3.fold.pred_inst.111",64,362506957,"gradual",-20649330,-5.4,"tree_remove_lemma_left","fold","pred_inst","bst","min"
"1edfb7e7fffff7f7ceffffffff5bef5ffbf3f4f",16,85,"m.tree_remove_helper.3.fold.pred_inst.94",32,10443445,"gradual",-7490951,-41.8,"tree_remove_helper","fold","pred_inst","bst","min"
"1edfb7e7fffff7f7ceffffffff5bef5ffbf3f4f",16,85,"m.tree_remove_helper.3.fold.pred_inst.94",64,66448336,"gradual",-59003400,-47,"tree_remove_helper","fold","pred_inst","bst","min"
"1dfdbfff6fcb9bbdfffffdfff7ef7fbfffcf5bf",18,85,"m.tree_main_lemma_bst.3.fold.pred_inst.43",64,26889020,"gradual",-13138701,-32.8,"tree_main_lemma_bst","fold","pred_inst","bst","min"
"1bff7e7ffbeffbf5f9ffdff7f4ffffffffbef0b",20,85,"m.tree_add_helper.4.unfold.pred_inst.24",64,335397765,"gradual",-9376230,-2.7,"tree_add_helper","unfold","pred_inst","bst","min"
"1e7effff5ff7dfffdf5ff7ff7dba6ffbfedff7b",21,85,"m.tree_remove_helper.3.fold.pred_inst.94",64,185576930,"gradual",-62147810,-25.1,"tree_remove_helper","fold","pred_inst","bst","min"
"1ff3df77ffeeb7f9ffdf7fdfff7fe3ff79ff7fb",29,85,"p.bst.6.pred.acc.142",64,75950172,"gradual",-35969241,-32.1,"bst","pred","acc","bst","min"
"1fff7fd7bfdffefbabfefbfff7e1fdbf7ff9fff",3,85.6,"m.tree_remove_helper.4.unfold.pred_inst.93",64,228041962,"gradual",-17373722,-7.1,"tree_remove_helper","unfold","pred_inst","bst","min"
"1d7f57f7ffd3fef377fdfbdfbdfff7ffffbffef",11,85.6,"m.tree_contains_helper.1.pre.pred_inst.30",32,40254592,"gradual",-12044794,-23,"tree_contains_helper","pre","pred_inst","bst","min"
"1d7f57f7ffd3fef377fdfbdfbdfff7ffffbffef",11,85.6,"m.tree_contains_helper.1.pre.pred_inst.30",64,317449372,"gradual",-97764784,-23.5,"tree_contains_helper","pre","pred_inst","bst","min"
"fbfbeffff7ffedfb6bfdfbb3dffbffbdffffed",17,85.6,"p.bst.6.pred.acc.141",64,284399502,"gradual",-14879362,-5,"bst","pred","acc","bst","min"
"1ef9fdcdefffff7fff57f5f7b7fb7ffbf7fffff",10,86.3,"p.bstRemove.6.pred.acc.148",64,236221436,"gradual",-33408674,-12.4,"bstRemove","pred","acc","bst","min"
"fbfbeffff7ffedfb6bfdfbb3dffbffbdffffef",17,86.3,"p.tree.6.pred.pred_inst.151",32,24027655,"gradual",-11886062,-33.1,"tree","pred","pred_inst","bst","min"
"fbfbeffff7ffedfb6bfdfbb3dffbffbdffffef",17,86.3,"p.tree.6.pred.pred_inst.151",64,185912091,"gradual",-98487411,-34.6,"tree","pred","pred_inst","bst","min"
"1bff7e7ffbeffbf5f9ffdff7f5ffffffffbef2b",20,86.3,"m.tree_remove_helper.3.fold.pred_inst.100",32,35752066,"gradual",-7251252,-16.9,"tree_remove_helper","fold","pred_inst","bst","min"
"1bff7e7ffbeffbf5f9ffdff7f5ffffffffbef2b",20,86.3,"m.tree_remove_helper.3.fold.pred_inst.100",64,284673142,"gradual",-59605812,-17.3,"tree_remove_helper","fold","pred_inst","bst","min"
"1fdfdf7dfffebdff7ff3ffbffe7ffbdf1f5fffe",22,86.3,"m.tree_add.3.fold.pred_inst.19",64,182947150,"gradual",-20296332,-10,"tree_add","fold","pred_inst","bst","min"
"dbff7fbfffcffffffcf5dffffefedfd9ebfbff",23,86.3,"p.bstRemove.6.pred.acc.150",64,293317414,"gradual",-36403947,-11,"bstRemove","pred","acc","bst","min"
"1ffccffbfffdeedfffdfff9fef3fddfbff7fff7",2,86.9,"p.tree.6.pred.pred_inst.151",32,29665856,"gradual",-17302307,-36.8,"tree","pred","pred_inst","bst","min"
"1ffccffbfffdeedfffdfff9fef3fddfbff7fff7",2,86.9,"p.tree.6.pred.pred_inst.151",64,236190545,"gradual",-136426396,-36.6,"tree","pred","pred_inst","bst","min"
"1d7f57f7ffd3fef377fdfbffbffff7ffffbffef",11,86.9,"m.tree_remove.2.post.pred_inst.87",64,278172928,"gradual",-41634974,-13,"tree_remove","post","pred_inst","bst","min"
"1fff7ff7ffdffffbabfefbfff7e1fdbf7ff9fff",3,87.6,"m.tree_contains_helper.1.pre.pred_inst.30",32,22939738,"gradual",-10974973,-32.4,"tree_contains_helper","pre","pred_inst","bst","min"
"1fff7ff7ffdffffbabfefbfff7e1fdbf7ff9fff",3,87.6,"m.tree_contains_helper.1.pre.pred_inst.30",64,171695815,"gradual",-88205937,-33.9,"tree_contains_helper","pre","pred_inst","bst","min"
"19b7dfff3fffbdbf7ffbfdbffbfffbffff3fffe",6,87.6,"m.tree_remove_helper.3.fold.pred_inst.92",32,38971382,"gradual",-7370229,-15.9,"tree_remove_helper","fold","pred_inst","bst","min"
"19b7dfff3fffbdbf7ffbfdbffbfffbffff3fffe",6,87.6,"m.tree_remove_helper.3.fold.pred_inst.92",64,295602879,"gradual",-60651192,-17,"tree_remove_helper","fold","pred_inst","bst","min"
"1ffbfdffe7f7fffbfdfdff3ed7fff9ffe6fffef",15,87.6,"m.tree_contains_helper.3.fold.pred_inst.35",32,27542104,"gradual",-12194862,-30.7,"tree_contains_helper","fold","pred_inst","bst","min"
"1ffbfdffe7f7fffbfdfdff3ed7fff9ffe6fffef",15,87.6,"m.tree_contains_helper.3.fold.pred_inst.35",64,210867071,"gradual",-95489854,-31.2,"tree_contains_helper","fold","pred_inst","bst","min"
"1dfffecfffef7ff74ff7ffdfff79efffffffde7",19,87.6,"p.bst.6.pred.acc.141",64,28906587,"gradual",-17454955,-37.6,"bst","pred","acc","bst","min"
"17ffff779ffedffffdfebfdf6f7ffffff5fffcd",24,87.6,"m.tree_main_lemma.4.unfold.pred_inst.38",64,273604474,"gradual",-48939583,-15.2,"tree_main_lemma","unfold","pred_inst","bst","min"
"1fffd6fdebdfeff7dfedfefffffbfbffdf7ff3f",26,87.6,"m.tree_remove_lemma_left.3.fold.pred_inst.111",64,211621510,"gradual",-16676675,-7.3,"tree_remove_lemma_left","fold","pred_inst","bst","min"
"1ff3dfffffeeb7f9ffdf7fdfff7febff79ff7ff",29,87.6,"m.tree_add_helper.3.fold.pred_inst.25",64,45457316,"gradual",-32576304,-41.7,"tree_add_helper","fold","pred_inst","bst","min"
"1cfffffffffdff7eecfeffefdc7fffffeefffaf",9,88.2,"m.tree_main_lemma.4.unfold.pred_inst.38",64,304876663,"gradual",-47541604,-13.5,"tree_main_lemma","unfold","pred_inst","bst","min"
"1fffd6fdebffeff7dfedfefffffbfbffdf7ff3f",26,88.2,"m.tree_main_lemma.3.fold.pred_inst.39",64,167127932,"gradual",-44493578,-21,"tree_main_lemma","fold","pred_inst","bst","min"
"1fff5feff7feff7fcfffefff7efff0ffedffbff",28,88.2,"p.treeRemove.6.pred.pred_inst.152",64,304132192,"gradual",-43705153,-12.6,"treeRemove","pred","pred_inst","bst","min"
"1f7bf1ff6ffffffffedffe7ffdfdbffffdfffdb",1,88.9,"m.tree_remove_lemma_right.4.unfold.pred_inst.132",64,203840216,"gradual",-11265672,-5.2,"tree_remove_lemma_right","unfold","pred_inst","bst","min"
"1fdfff7dfffebdff7ff3ffbffe7ffbff3f5ffff",22,88.9,"p.treeRemove.6.pred.pred_inst.152",64,135145934,"gradual",-50490887,-27.2,"treeRemove","pred","pred_inst","bst","min"
"17ffdffbf3dededfffbfffff7fffbfdffff3fef",27,88.9,"m.tree_remove_helper.3.fold.pred_inst.92",32,12733354,"gradual",-7666378,-37.6,"tree_remove_helper","fold","pred_inst","bst","min"
"17ffdffbf3dededfffbfffff7fffbfdffff3fef",27,88.9,"m.tree_remove_helper.3.fold.pred_inst.92",64,75023192,"gradual",-63115186,-45.7,"tree_remove_helper","fold","pred_inst","bst","min"
"1fbfbfefaff7fedd7fdffeedfff7ffbf7ffffff",30,88.9,"m.tree_remove_lemma_left.3.fold.pred_inst.111",64,239978325,"gradual",-21193167,-8.1,"tree_remove_lemma_left","fold","pred_inst","bst","min"
"1dffffff76ffeffdf7bffbbdffff3fffffbffee",4,89.5,"m.tree_remove_helper.4.unfold.pred_inst.93",64,295350662,"gradual",-29423454,-9.1,"tree_remove_helper","unfold","pred_inst","bst","min"
"1ef9fdfdffffff7fff77fdf7b7fb7ffbf7fffff",10,89.5,"m.tree_contains_helper.4.unfold.pred_inst.32",64,198065463,"gradual",-25576927,-11.4,"tree_contains_helper","unfold","pred_inst","bst","min"
"1d7f57f7ffd7fef377fffbffbffff7fffffffff",11,89.5,"p.bstRemove.6.pred.acc.148",64,239795696,"gradual",-32134392,-11.8,"bstRemove","pred","acc","bst","min"
"1edff7e7fffffff7deffffffff5bef7ffbf3fff",16,89.5,"p.bstRemove.6.pred.acc.148",64,32003543,"gradual",-33923816,-51.5,"bstRemove","pred","acc","bst","min"
"1fffff7ffbeffbf5fbffdff7f5ffffffffbef3b",20,89.5,"m.main.5.inv.default.13",64,234805929,"gradual",-46832506,-16.6,"main","inv","default","bst","min"
"1e7fffff5ff7dfffdffff7ffffba6fffffdff7b",21,89.5,"m.tree_remove_helper.4.unfold.pred_inst.93",64,163459036,"gradual",-13627923,-7.7,"tree_remove_helper","unfold","pred_inst","bst","min"
"17ffdffbf3dededfffbfffff7fffbfdffff3fff",27,89.5,"p.bstRemove.6.pred.acc.148",64,40950359,"gradual",-34072833,-45.4,"bstRemove","pred","acc","bst","min"
"1fff7fffffdffffbabfffbffffe1fdbffff9fff",3,90.2,"m.tree_add_helper.3.fold.pred_inst.25",64,133020658,"gradual",-35422205,-21,"tree_add_helper","fold","pred_inst","bst","min"
"1bf7dfff3ffffdbf7ffffdbffbfffbffff3fffe",6,90.2,"m.create_tree_helper.2.post.pred_inst.6",64,260024554,"gradual",-40041799,-13.3,"create_tree_helper","post","pred_inst","bst","min"
"1cfffffffffdff7eeefeffeffc7fffffeefffbf",9,90.2,"p.bstRemove.6.pred.acc.148",64,269826507,"gradual",-32432760,-10.7,"bstRemove","pred","acc","bst","min"
"1d7fd7f7ffd7fef377fffbffbffff7fffffffff",11,90.2,"m.main.5.inv.default.13",64,197475759,"gradual",-42319937,-17.6,"main","inv","default","bst","min"
"1ffbfdffe7f7fffffdfdff7ed7fff9ffeffffef",15,90.2,"m.tree_remove_lemma_right.1.pre.default.129",64,197577095,"gradual",-8430701,-4.1,"tree_remove_lemma_right","pre","default","bst","min"
"1e7fffffdff7dfffdffff7ffffba6fffffdff7b",21,90.2,"m.tree_contains.3.fold.pred_inst.29",32,13269787,"gradual",-8586951,-39.3,"tree_contains","fold","pred_inst","bst","min"
"1e7fffffdff7dfffdffff7ffffba6fffffdff7b",21,90.2,"m.tree_contains.3.fold.pred_inst.29",64,92212031,"gradual",-71247005,-43.6,"tree_contains","fold","pred_inst","bst","min"
"1fffd6fdefffeff7ffedfefffffbfbffdf7ffbf",26,90.2,"m.tree_contains_helper.3.fold.pred_inst.34",32,10954061,"gradual",-12113037,-52.5,"tree_contains_helper","fold","pred_inst","bst","min"
"1fffd6fdefffeff7ffedfefffffbfbffdf7ffbf",26,90.2,"m.tree_contains_helper.3.fold.pred_inst.34",64,70947283,"gradual",-95627518,-57.4,"tree_contains_helper","fold","pred_inst","bst","min"
"1dffffff76ffeffdf7bffbbdffff3ffffffffef",4,90.8,"p.treeRemove.6.pred.pred_inst.152",64,252747962,"gradual",-48146717,-16,"treeRemove","pred","pred_inst","bst","min"
"1cfffffffffdff7eeefefffffc7fffffeefffbf",9,90.8,"m.tree_remove.4.unfold.pred_inst.88",64,222925084,"gradual",-46901423,-17.4,"tree_remove","unfold","pred_inst","bst","min"
"1fbfbeffff7ffedfffbfdffbbdffbffbdffffff",17,90.8,"p.bstRemove.6.pred.acc.148",64,149405950,"gradual",-36037049,-19.4,"bstRemove","pred","acc","bst","min"
"1fff7ffffffffffbabfffbffffe9fdbffff9fff",3,91.5,"m.tree_main_lemma.3.fold.pred_inst.39",64,86490403,"gradual",-46693453,-35.1,"tree_main_lemma","fold","pred_inst","bst","min"
"f7fdfff7dfefffefffffffe4ffffffffffeffd",7,91.5,"m.tree_remove_lemma_min.2.post.pred_inst.126",64,402430846,"gradual",-12709747,-3.1,"tree_remove_lemma_min","post","pred_inst","bst","min"
"1d7fd7f7fff7fef777fffbffbffff7fffffffff",11,91.5,"m.tree_main_lemma.3.fold.pred_inst.39",64,148642542,"gradual",-47943940,-24.4,"tree_main_lemma","fold","pred_inst","bst","min"
"1ffbffffe7f7fffffdfdff7ed7fff9fffffffef",15,91.5,"m.tree_add.3.fold.pred_inst.19",64,182387348,"gradual",-22242670,-10.9,"tree_add","fold","pred_inst","bst","min"
"1e7fffffdff7dfffdffff7ffffbaefffffdff7f",21,91.5,"p.bstRemove.6.pred.acc.150",64,60734532,"gradual",-32492705,-34.9,"bstRemove","pred","acc","bst","min"
"1ff3dfffffeeb7f9ffff7fdfffffefff7ffffff",29,91.5,"p.bst.6.pred.acc.141",64,34303380,"gradual",-26035384,-43.1,"bst","pred","acc","bst","min"
"1fff7dfff7efff7ffffffffdffff7feef7ffffc",0,92.2,"m.tree_max_helper.1.pre.default.49",64,264171582,"gradual",-9468123,-3.5,"tree_max_helper","pre","default","bst","min"
"1f7ff5ff6fffffffffdffe7ffdfdfffffdffffb",1,92.2,"m.tree_add.4.unfold.pred_inst.18",64,186109763,"gradual",-21838222,-10.5,"tree_add","unfold","pred_inst","bst","min"
"1ffceffffffdfeffffffffdfef7fddfbffffff7",2,92.2,"m.tree_remove_lemma_right.3.fold.pred_inst.133",64,233356742,"gradual",-8359995,-3.5,"tree_remove_lemma_right","fold","pred_inst","bst","min"
"f7fdfff7ffefffefffffffe4ffffffffffeffd",7,92.2,"m.tree_contains_helper.3.fold.pred_inst.35",32,40817148,"gradual",-10847273,-21,"tree_contains_helper","fold","pred_inst","bst","min"
"f7fdfff7ffefffefffffffe4ffffffffffeffd",7,92.2,"m.tree_contains_helper.3.fold.pred_inst.35",64,310038486,"gradual",-92392360,-23,"tree_contains_helper","fold","pred_inst","bst","min"
"1efbffffffefcdfffdffffbf7ffffffefeffeff",12,92.2,"m.create_tree_helper.2.post.pred_inst.6",64,57743639,"gradual",-31551044,-35.3,"create_tree_helper","post","pred_inst","bst","min"
"1fff7feff7ffff7fefffeffffefff6ffedffbff",28,92.2,"m.tree_remove_helper.4.unfold.pred_inst.93",64,293048801,"gradual",-15311569,-5,"tree_remove_helper","unfold","pred_inst","bst","min"
"1fff7fefffffffffdfffffff3ff9fffdb7ffffc",31,92.2,"p.bstRemove.6.pred.acc.148",64,315955176,"gradual",-29518111,-8.5,"bstRemove","pred","acc","bst","min"
"1fff7dffffefff7ffffffffdffff7feef7ffffc",0,92.8,"m.tree_contains_helper.3.fold.pred_inst.33",32,22501284,"gradual",-11716525,-34.2,"tree_contains_helper","fold","pred_inst","bst","min"
"1fff7dffffefff7ffffffffdffff7feef7ffffc",0,92.8,"m.tree_contains_helper.3.fold.pred_inst.33",64,172648844,"gradual",-91522738,-34.6,"tree_contains_helper","fold","pred_inst","bst","min"
"1bf7dfff3fffffff7ffffdbffbfffbffff7ffff",6,92.8,"p.treeRemove.6.pred.pred_inst.152",64,219823794,"gradual",-50092988,-18.6,"treeRemove","pred","pred_inst","bst","min"
"1efbfdffffffff7ffffffdf7bffb7ffbf7fffff",10,92.8,"m.main.5.inv.default.11",64,170002479,"gradual",-25014978,-12.8,"main","inv","default","bst","min"
"1fffffdfffef7fbfbfffff3fffdfefffffffdfd",14,92.8,"p.bst.6.pred.acc.142",64,169232878,"gradual",-35945324,-17.5,"bst","pred","acc","bst","min"
"1fffbfffefcbdbfdffffffffffefffffffeffbf",18,92.8,"m.tree_remove_lemma_right.3.fold.pred_inst.135",64,23486119,"gradual",-17391868,-42.5,"tree_remove_lemma_right","fold","pred_inst","bst","min"
"1fffff77bfffdfffffffbfdfef7ffffffdfffed",24,92.8,"m.tree_remove_helper.4.unfold.pred_inst.93",64,352120310,"gradual",-16469207,-4.5,"tree_remove_helper","unfold","pred_inst","bst","min"
"1fffedfffdfbff7f5fbfffeffffdffffffffdff",25,92.8,"m.tree_remove_helper.4.unfold.pred_inst.93",64,211402822,"gradual",-20589911,-8.9,"tree_remove_helper","unfold","pred_inst","bst","min"
"1fff7feff7ffff7fefffeffffefff6ffedfffff",28,92.8,"p.bst.6.pred.acc.142",64,271519119,"gradual",-21529682,-7.3,"bst","pred","acc","bst","min"
"1fbfffefeffffedd7ffffeefffffffbf7ffffff",30,92.8,"m.tree_contains_helper.1.pre.pred_inst.30",32,22417536,"gradual",-9243362,-29.2,"tree_contains_helper","pre","pred_inst","bst","min"
"1fbfffefeffffedd7ffffeefffffffbf7ffffff",30,92.8,"m.tree_contains_helper.1.pre.pred_inst.30",64,173869457,"gradual",-65526143,-27.4,"tree_contains_helper","pre","pred_inst","bst","min"
"1fff7fefffffffffdfffffff3ff9fffdb7ffffe",31,92.8,"p.tree.6.pred.pred_inst.151",32,29485054,"gradual",-10728568,-26.7,"tree","pred","pred_inst","bst","min"
"1fff7fefffffffffdfffffff3ff9fffdb7ffffe",31,92.8,"p.tree.6.pred.pred_inst.151",64,221004665,"gradual",-94950511,-30.1,"tree","pred","pred_inst","bst","min"
"1f7ff5ffefffffffffdffefffdfdfffffdffffb",1,93.5,"m.tree_contains.3.fold.pred_inst.29",32,16157806,"gradual",-8828309,-35.3,"tree_contains","fold","pred_inst","bst","min"
"1f7ff5ffefffffffffdffefffdfdfffffdffffb",1,93.5,"m.tree_contains.3.fold.pred_inst.29",64,115586871,"gradual",-71841489,-38.3,"tree_contains","fold","pred_inst","bst","min"
"1ffcefffffffffffffffffdfef7fddfbffffff7",2,93.5,"m.tree_main_lemma_bst.3.fold.pred_inst.43",32,17787455,"gradual",-12075918,-40.4,"tree_main_lemma_bst","fold","pred_inst","bst","min"
"1ffcefffffffffffffffffdfef7fddfbffffff7",2,93.5,"m.tree_main_lemma_bst.3.fold.pred_inst.43",64,136386757,"gradual",-101447941,-42.7,"tree_main_lemma_bst","fold","pred_inst","bst","min"
"1dfffffff6ffeffdffbffbbfffff7ffffffffef",4,93.5,"m.tree_contains.3.fold.pred_inst.29",32,24202586,"gradual",-8597560,-26.2,"tree_contains","fold","pred_inst","bst","min"
"1dfffffff6ffeffdffbffbbfffff7ffffffffef",4,93.5,"m.tree_contains.3.fold.pred_inst.29",64,186490951,"gradual",-65756417,-26.1,"tree_contains","fold","pred_inst","bst","min"
"f7fdffffffefffefffffffe4fffffffffffffd",7,93.5,"p.bst.6.pred.acc.140",64,269295736,"gradual",-57482513,-17.6,"bst","pred","acc","bst","min"
"1ffffffffffffdfffdffdffffef5f7ffefbfffd",13,93.5,"p.treeRemove.6.pred.pred_inst.152",64,256592884,"gradual",-41965105,-14.1,"treeRemove","pred","pred_inst","bst","min"
"1fffff77bfffdfffffffbfdfef7ffffffdfffef",24,93.5,"p.tree.6.pred.pred_inst.151",32,35012352,"gradual",-8834810,-20.1,"tree","pred","pred_inst","bst","min"
"1fffff77bfffdfffffffbfdfef7ffffffdfffef",24,93.5,"p.tree.6.pred.pred_inst.151",64,279100292,"gradual",-73020018,-20.7,"tree","pred","pred_inst","bst","min"
"1fff7feff7ffff7fefffeffffffff6ffedfffff",28,93.5,"m.tree_remove_helper.3.fold.pred_inst.100",32,27437301,"gradual",-7028844,-20.4,"tree_remove_helper","fold","pred_inst","bst","min"
"1fff7feff7ffff7fefffeffffffff6ffedfffff",28,93.5,"m.tree_remove_helper.3.fold.pred_inst.100",64,205204360,"gradual",-66314759,-24.4,"tree_remove_helper","fold","pred_inst","bst","min"
"1fbfffffeffffedd7ffffeefffffffbf7ffffff",30,93.5,"m.tree_add_helper.4.unfold.pred_inst.24",64,164507984,"gradual",-9361473,-5.4,"tree_add_helper","unfold","pred_inst","bst","min"
"1f7ff5ffffffffffffdffefffdfdfffffdffffb",1,94.1,"m.tree_contains_helper.4.unfold.pred_inst.32",64,88901234,"gradual",-26685637,-23.1,"tree_contains_helper","unfold","pred_inst","bst","min"
"1efbffffffffff7ffffffdf7bffb7ffbfffffff",10,94.1,"m.tree_add.3.fold.pred_inst.19",64,147680603,"gradual",-27504678,-15.7,"tree_add","fold","pred_inst","bst","min"
"1e7ffffffff7dfffdffff7fffffafffffffff7f",21,94.1,"m.tree_remove_lemma_right.3.fold.pred_inst.135",64,42558765,"gradual",-18512870,-30.3,"tree_remove_lemma_right","fold","pred_inst","bst","min"
"1fff7fefffffff7fefffeffffffff6ffedfffff",28,94.1,"m.tree_contains_helper.3.fold.pred_inst.33",32,15443146,"gradual",-11994155,-43.7,"tree_contains_helper","fold","pred_inst","bst","min"
"1fff7fefffffff7fefffeffffffff6ffedfffff",28,94.1,"m.tree_contains_helper.3.fold.pred_inst.33",64,110275403,"gradual",-94928957,-46.3,"tree_contains_helper","fold","pred_inst","bst","min"
"1fffffffeffffedd7ffffeefffffffbf7ffffff",30,94.1,"m.create_tree_helper.2.post.pred_inst.6",64,130026541,"gradual",-34481443,-21,"create_tree_helper","post","pred_inst","bst","min"
"1ffffffffffffdfffdfffffffef5f7ffefbffff",13,94.8,"p.tree.6.pred.pred_inst.151",32,16233685,"gradual",-17264490,-51.5,"tree","pred","pred_inst","bst","min"
"1ffffffffffffdfffdfffffffef5f7ffefbffff",13,94.8,"p.tree.6.pred.pred_inst.151",64,121071372,"gradual",-134012491,-52.5,"tree","pred","pred_inst","bst","min"
"1dfffeffffefffff7fffffdfffffffffffffde7",19,94.8,"m.tree_add_helper.4.unfold.pred_inst.24",64,31944834,"gradual",-10134688,-24.1,"tree_add_helper","unfold","pred_inst","bst","min"
"1fffff7ffbefffffffffdff7ffffffffffbffbb",20,94.8,"p.bst.6.pred.acc.140",32,22738291,"gradual",-6844032,-23.1,"bst","pred","acc","bst","min"
"1fffff7ffbefffffffffdff7ffffffffffbffbb",20,94.8,"p.bst.6.pred.acc.140",64,173461577,"gradual",-66886193,-27.8,"bst","pred","acc","bst","min"
"1dbffffffffdffffffdf7ffffffffffdfeffbff",23,94.8,"m.tree_remove_lemma_min.2.post.pred_inst.126",32,29925521,"gradual",-7270928,-19.5,"tree_remove_lemma_min","post","pred_inst","bst","min"
"1dbffffffffdffffffdf7ffffffffffdfeffbff",23,94.8,"m.tree_remove_lemma_min.2.post.pred_inst.126",64,232987646,"gradual",-58285097,-20,"tree_remove_lemma_min","post","pred_inst","bst","min"
"1ffffffffffffedd7ffffeefffffffbf7ffffff",30,94.8,"m.tree_contains_helper.4.unfold.pred_inst.32",64,103012628,"gradual",-27013913,-20.8,"tree_contains_helper","unfold","pred_inst","bst","min"
"1dffffffffffeffdffbffbffffff7ffffffffef",4,95.4,"m.tree_contains_helper.3.fold.pred_inst.33",32,11959096,"gradual",-12387592,-50.9,"tree_contains_helper","fold","pred_inst","bst","min"
"1dffffffffffeffdffbffbffffff7ffffffffef",4,95.4,"m.tree_contains_helper.3.fold.pred_inst.33",64,87733216,"gradual",-94945940,-52,"tree_contains_helper","fold","pred_inst","bst","min"
"1ffffffffffffdfffdfffffffff5f7ffefbffff",13,95.4,"m.tree_remove_helper.3.fold.pred_inst.100",32,8843231,"gradual",-7390454,-45.5,"tree_remove_helper","fold","pred_inst","bst","min"
"1ffffffffffffdfffdfffffffff5f7ffefbffff",13,95.4,"m.tree_remove_helper.3.fold.pred_inst.100",64,55679234,"gradual",-65392138,-54,"tree_remove_helper","fold","pred_inst","bst","min"
"1dbffffffffdffffffdf7ffffffffffdfefffff",23,95.4,"p.bst.6.pred.acc.142",64,194153426,"gradual",-38834220,-16.7,"bst","pred","acc","bst","min"
"1fffedfffdffff7f5fffffffffffffffffffdff",25,95.4,"m.tree_remove.4.unfold.pred_inst.88",64,156945612,"gradual",-47235802,-23.1,"tree_remove","unfold","pred_inst","bst","min"
"1fff7fefffffffffdffffffffffdfffdbfffffe",31,95.4,"m.tree_remove_helper.4.unfold.pred_inst.93",64,223074570,"gradual",-11378932,-4.9,"tree_remove_helper","unfold","pred_inst","bst","min"
"1ffcefffffffffffffffffdfffffdfffffffff7",2,96.1,"m.tree_remove_helper.3.fold.pred_inst.96",32,10727730,"gradual",-7069992,-39.7,"tree_remove_helper","fold","pred_inst","bst","min"
"1ffcefffffffffffffffffdfffffdfffffffff7",2,96.1,"m.tree_remove_helper.3.fold.pred_inst.96",64,73581506,"gradual",-64478921,-46.7,"tree_remove_helper","fold","pred_inst","bst","min"
"1fffffffffffffffebffffffffedfffffff9fff",3,96.1,"m.main.5.inv.default.13",64,56508465,"gradual",-45350306,-44.5,"main","inv","default","bst","min"
"1ff7dfff7fffffffffffffbffffffbffff7ffff",6,96.1,"m.tree_contains_helper.1.pre.pred_inst.30",32,17480828,"gradual",-11434011,-39.5,"tree_contains_helper","pre","pred_inst","bst","min"
"1ff7dfff7fffffffffffffbffffffbffff7ffff",6,96.1,"m.tree_contains_helper.1.pre.pred_inst.30",64,125246468,"gradual",-90566434,-42,"tree_contains_helper","pre","pred_inst","bst","min"
"1effffffffffff7ffffffdffbfff7ffbfffffff",10,96.1,"m.tree_remove.3.fold.pred_inst.89",64,118263987,"gradual",-42197881,-26.3,"tree_remove","fold","pred_inst","bst","min"
"1dffdffffffffff7f7fffbffbffffffffffffff",11,96.1,"m.tree_add_helper.3.fold.pred_inst.25",64,118115002,"gradual",-32535179,-21.6,"tree_add_helper","fold","pred_inst","bst","min"
"1dfffffffffdffffffdf7ffffffffffdfefffff",23,96.1,"m.create_tree_helper.2.post.pred_inst.6",64,161960370,"gradual",-32193056,-16.6,"create_tree_helper","post","pred_inst","bst","min"
"1fffff7fbfffdfffffffffdfeffffffffffffef",24,96.1,"m.tree_add_helper.3.fold.pred_inst.25",64,246769151,"gradual",-33885117,-12.1,"tree_add_helper","fold","pred_inst","bst","min"
"1fffeffffdffff7f5fffffffffffffffffffdff",25,96.1,"m.tree_add.3.fold.pred_inst.19",64,134939762,"gradual",-22005850,-14,"tree_add","fold","pred_inst","bst","min"
"1fff7fffffffffffdffffffffffdfffdbfffffe",31,96.1,"m.tree_add_helper.4.unfold.pred_inst.24",64,211065014,"gradual",-12009556,-5.4,"tree_add_helper","unfold","pred_inst","bst","min"
"1ffffdfffffffffffffffffdffffffeff7ffffe",0,96.7,"p.tree.6.pred.pred_inst.151",32,17436570,"gradual",-13943702,-44.4,"tree","pred","pred_inst","bst","min"
"1ffffdfffffffffffffffffdffffffeff7ffffe",0,96.7,"p.tree.6.pred.pred_inst.151",64,123307131,"gradual",-118941171,-49.1,"tree","pred","pred_inst","bst","min"
"1fffffffdffffffffff7bffffbfffbfffffffff",5,96.7,"m.tree_remove_lemma_min.2.post.pred_inst.126",32,9099856,"gradual",-6825795,-42.9,"tree_remove_lemma_min","post","pred_inst","bst","min"
"1fffffffdffffffffff7bffffbfffbfffffffff",5,96.7,"m.tree_remove_lemma_min.2.post.pred_inst.126",64,56723814,"gradual",-62323364,-52.4,"tree_remove_lemma_min","post","pred_inst","bst","min"
"1fffdffffffefffefffffffe7ffffffffffffff",7,96.7,"p.tree.6.pred.pred_inst.151",32,18542208,"gradual",-17266434,-48.2,"tree","pred","pred_inst","bst","min"
"1fffdffffffefffefffffffe7ffffffffffffff",7,96.7,"p.tree.6.pred.pred_inst.151",64,135621404,"gradual",-138533225,-50.5,"tree","pred","pred_inst","bst","min"
"1ffdffffeffffffffffffffbfffbfffffff7fff",8,96.7,"m.tree_remove_helper.3.fold.pred_inst.100",32,7478109,"gradual",-7754832,-50.9,"tree_remove_helper","fold","pred_inst","bst","min"
"1ffdffffeffffffffffffffbfffbfffffff7fff",8,96.7,"m.tree_remove_helper.3.fold.pred_inst.100",64,34101669,"gradual",-60979439,-64.1,"tree_remove_helper","fold","pred_inst","bst","min"
"1dffdffffffffff7f7fffbfffffffffffffffff",11,96.7,"m.tree_remove_helper.3.fold.pred_inst.94",32,8943217,"gradual",-7249827,-44.8,"tree_remove_helper","fold","pred_inst","bst","min"
"1dffdffffffffff7f7fffbfffffffffffffffff",11,96.7,"m.tree_remove_helper.3.fold.pred_inst.94",64,56074884,"gradual",-62040118,-52.5,"tree_remove_helper","fold","pred_inst","bst","min"
"1fffffffffffffbfffffff3fffffefffffffdff",14,96.7,"p.tree.6.pred.pred_inst.151",32,6803259,"gradual",-17106163,-71.5,"tree","pred","pred_inst","bst","min"
"1fffffffffffffbfffffff3fffffefffffffdff",14,96.7,"p.tree.6.pred.pred_inst.151",64,39244850,"gradual",-138012454,-77.9,"tree","pred","pred_inst","bst","min"
"1ffffffffffffeffffbfffffbdffbffffffffff",17,96.7,"m.create_tree_helper.2.post.pred_inst.6",64,119690565,"gradual",-32645238,-21.4,"create_tree_helper","post","pred_inst","bst","min"
"1fffbfffeffffffdffffffffffeffffffffffbf",18,96.7,"m.tree_main_lemma.3.fold.pred_inst.39",64,82696110,"gradual",-47711893,-36.6,"tree_main_lemma","fold","pred_inst","bst","min"
"1fff7fffffffffffdffffffffffdfffdffffffe",31,96.7,"m.tree_remove_lemma_min.2.post.pred_inst.126",32,19810516,"gradual",-7551882,-27.6,"tree_remove_lemma_min","post","pred_inst","bst","min"
"1fff7fffffffffffdffffffffffdfffdffffffe",31,96.7,"m.tree_remove_lemma_min.2.post.pred_inst.126",64,149971819,"gradual",-61093195,-28.9,"tree_remove_lemma_min","post","pred_inst","bst","min"
"1ffffdffffffffffffdffefffdfffffffffffff",1,97.4,"p.bstRemove.6.pred.acc.150",64,80138231,"gradual",-34286651,-30,"bstRemove","pred","acc","bst","min"
"1ffcffffffffffffffffffdfffffffffffffff7",2,97.4,"m.tree_remove_lemma_left.3.fold.pred_inst.111",64,76153373,"gradual",-16977890,-18.2,"tree_remove_lemma_left","fold","pred_inst","bst","min"
"1ffffffffffffffffdfffffefffffdfffffffef",15,97.4,"m.tree_contains_helper.4.unfold.pred_inst.32",64,156478721,"gradual",-29224389,-15.7,"tree_contains_helper","unfold","pred_inst","bst","min"
"1ffffffffffffeffffbffffffdffbffffffffff",17,97.4,"m.tree_remove_helper.3.fold.pred_inst.94",32,8772206,"gradual",-7082263,-44.7,"tree_remove_helper","fold","pred_inst","bst","min"
"1ffffffffffffeffffbffffffdffbffffffffff",17,97.4,"m.tree_remove_helper.3.fold.pred_inst.94",64,55488680,"gradual",-64201885,-53.6,"tree_remove_helper","fold","pred_inst","bst","min"
"1ffffffdfffefffffffffffffffffbffffdffff",22,97.4,"m.tree_remove_lemma_min.2.post.pred_inst.126",32,11447670,"gradual",-7040478,-38.1,"tree_remove_lemma_min","post","pred_inst","bst","min"
"1ffffffdfffefffffffffffffffffbffffdffff",22,97.4,"m.tree_remove_lemma_min.2.post.pred_inst.126",64,72367924,"gradual",-65574729,-47.5,"tree_remove_lemma_min","post","pred_inst","bst","min"
"1dffffffffffffffffff7ffffffffffdfefffff",23,97.4,"m.tree_main_lemma_bst.3.fold.pred_inst.43",32,9936122,"gradual",-12177826,-55.1,"tree_main_lemma_bst","fold","pred_inst","bst","min"
"1dffffffffffffffffff7ffffffffffdfefffff",23,97.4,"m.tree_main_lemma_bst.3.fold.pred_inst.43",64,60893144,"gradual",-102466139,-62.7,"tree_main_lemma_bst","fold","pred_inst","bst","min"
"1fffffffffffdfffffffffdfeffffffffffffef",24,97.4,"m.tree_contains_helper.1.pre.pred_inst.30",32,19922673,"gradual",-10855910,-35.3,"tree_contains_helper","pre","pred_inst","bst","min"
"1fffffffffffdfffffffffdfeffffffffffffef",24,97.4,"m.tree_contains_helper.1.pre.pred_inst.30",64,154892526,"gradual",-88271537,-36.3,"tree_contains_helper","pre","pred_inst","bst","min"
"1fffefffffffff7f7fffffffffffffffffffdff",25,97.4,"m.tree_contains_helper.3.fold.pred_inst.35",32,6764552,"gradual",-11604223,-63.2,"tree_contains_helper","fold","pred_inst","bst","min"
"1fffefffffffff7f7fffffffffffffffffffdff",25,97.4,"m.tree_contains_helper.3.fold.pred_inst.35",64,40863915,"gradual",-93003396,-69.5,"tree_contains_helper","fold","pred_inst","bst","min"
"1fff7fffffffffffffffeffffffffeffeffffff",28,97.4,"m.tree_add_helper.4.unfold.pred_inst.24",64,102666526,"gradual",-8945432,-8,"tree_add_helper","unfold","pred_inst","bst","min"
"1fffffffffffffffdffffffffffdfffdffffffe",31,97.4,"m.main.5.inv.default.13",64,101457323,"gradual",-48514496,-32.3,"main","inv","default","bst","min"
"1ffffffffffffffffdfffffefffffdfffffffff",15,98,"p.bstRemove.6.pred.acc.148",64,119261112,"gradual",-37217609,-23.8,"bstRemove","pred","acc","bst","min"
"1ffffff7fffffff7fffffffffffffffffbfffff",16,98,"m.tree_add_helper.4.unfold.pred_inst.24",64,76056086,"gradual",-10482965,-12.1,"tree_add_helper","unfold","pred_inst","bst","min"
"1ffffffdfffefffffffffffffffffbfffffffff",22,98,"m.tree_remove_lemma_right.3.fold.pred_inst.135",64,55622763,"gradual",-16745161,-23.1,"tree_remove_lemma_right","fold","pred_inst","bst","min"
"1fffffffffffffffdffffffffffdfffdfffffff",31,98,"p.treeRemove.6.pred.pred_inst.152",64,55879484,"gradual",-45577839,-44.9,"treeRemove","pred","pred_inst","bst","min"
"1ffffffffffdffffffffffffffffffffeffffff",9,98.7,"m.tree_remove_helper.3.fold.pred_inst.100",32,21133126,"gradual",-7563102,-26.4,"tree_remove_helper","fold","pred_inst","bst","min"
"1ffffffffffdffffffffffffffffffffeffffff",9,98.7,"m.tree_remove_helper.3.fold.pred_inst.100",64,158810617,"gradual",-63936869,-28.7,"tree_remove_helper","fold","pred_inst","bst","min"
"1ffffffdfffffffffffffffffffffbfffffffff",26,98.7,"m.tree_contains_helper.4.unfold.pred_inst.32",64,55751308,"gradual",-26491224,-32.2,"tree_contains_helper","unfold","pred_inst","bst","min"
"1fffffffffffffffffffeffffffffefffffffff",28,98.7,"m.main.5.inv.default.13",64,55329013,"gradual",-46068923,-45.4,"main","inv","default","bst","min"
"1ffffdfffffffffffffffffffffffffffffffff",0,99.3,"p.treeRemove.6.pred.pred_inst.152",64,79910374,"gradual",-43447150,-35.2,"treeRemove","pred","pred_inst","bst","min"
"1ffefffffffffffffffffffffffffffffffffff",2,99.3,"m.main.5.inv.default.11",64,55413327,"gradual",-20682883,-27.2,"main","inv","default","bst","min"
"1fffffffffffffffffffffbffffffffffffffff",6,99.3,"m.tree_contains.3.fold.pred_inst.29",32,8855390,"gradual",-8659744,-49.4,"tree_contains","fold","pred_inst","bst","min"
"1fffffffffffffffffffffbffffffffffffffff",6,99.3,"m.tree_contains.3.fold.pred_inst.29",64,55487573,"gradual",-69352976,-55.6,"tree_contains","fold","pred_inst","bst","min"
"1ffffffffffffffffffffffefffffffffffffff",7,99.3,"m.tree_remove_helper.4.unfold.pred_inst.93",64,121432674,"gradual",-13756433,-10.2,"tree_remove_helper","unfold","pred_inst","bst","min"
"1ffffffffffffffffdfffffffffffffffffffff",12,99.3,"m.tree_remove_helper.4.unfold.pred_inst.93",64,55759356,"gradual",-19024527,-25.4,"tree_remove_helper","unfold","pred_inst","bst","min"
"1fffbffffffffffffffffffffffffffffffffff",18,99.3,"m.tree_contains_helper.4.unfold.pred_inst.32",64,55668969,"gradual",-25441374,-31.4,"tree_contains_helper","unfold","pred_inst","bst","min"
"1ffffffffbfffffffffffffffffffffffffffff",20,99.3,"m.tree_remove.3.fold.pred_inst.89",64,150169375,"gradual",-45961140,-23.4,"tree_remove","fold","pred_inst","bst","min"
"1ffffffffffffffffffffffffffffffffffffef",24,99.3,"m.tree_remove_helper.3.fold.pred_inst.96",32,11859117,"gradual",-7935922,-40.1,"tree_remove_helper","fold","pred_inst","bst","min"
"1ffffffffffffffffffffffffffffffffffffef",24,99.3,"m.tree_remove_helper.3.fold.pred_inst.96",64,89301509,"gradual",-65035265,-42.1,"tree_remove_helper","fold","pred_inst","bst","min"
"1ffffffff7fffffffffffffffffffffffffffff",27,99.3,"m.tree_remove_helper.4.unfold.pred_inst.93",64,148794710,"gradual",-24916671,-14.3,"tree_remove_helper","unfold","pred_inst","bst","min"
"1ffffffffffffffffffffffffffffffffffffff",0,100,"m.tree_add.3.fold.pred_inst.19",64,55513773,"gradual",-24396601,-30.5,"tree_add","fold","pred_inst","bst","min"
"1ffffffffffffffffffffffffffffffffffffff",1,100,"m.tree_add.3.fold.pred_inst.19",64,55513773,"gradual",-24396601,-30.5,"tree_add","fold","pred_inst","bst","min"
"1ffffffffffffffffffffffffffffffffffffff",4,100,"p.bstRemove.6.pred.acc.148",64,55513773,"gradual",-33787736,-37.8,"bstRemove","pred","acc","bst","min"
"1ffffffffffffffffffffffffffffffffffffff",7,100,"m.tree_remove_helper.3.fold.pred_inst.92",32,9056265,"gradual",-6991285,-43.6,"tree_remove_helper","fold","pred_inst","bst","min"
"1ffffffffffffffffffffffffffffffffffffff",7,100,"m.tree_remove_helper.3.fold.pred_inst.92",64,55513773,"gradual",-65918901,-54.3,"tree_remove_helper","fold","pred_inst","bst","min"
"1ffffffffffffffffffffffffffffffffffffff",9,100,"m.tree_main_lemma_bst.3.fold.pred_inst.43",32,9056265,"gradual",-12110186,-57.2,"tree_main_lemma_bst","fold","pred_inst","bst","min"
"1ffffffffffffffffffffffffffffffffffffff",9,100,"m.tree_main_lemma_bst.3.fold.pred_inst.43",64,55513773,"gradual",-97986394,-63.8,"tree_main_lemma_bst","fold","pred_inst","bst","min"
"1ffffffffffffffffffffffffffffffffffffff",10,100,"m.tree_remove_helper.3.fold.pred_inst.94",32,9056265,"gradual",-7114630,-44,"tree_remove_helper","fold","pred_inst","bst","min"
"1ffffffffffffffffffffffffffffffffffffff",10,100,"m.tree_remove_helper.3.fold.pred_inst.94",64,55513773,"gradual",-64499084,-53.7,"tree_remove_helper","fold","pred_inst","bst","min"
"1ffffffffffffffffffffffffffffffffffffff",15,100,"m.tree_remove_helper.3.fold.pred_inst.92",32,9056265,"gradual",-6991285,-43.6,"tree_remove_helper","fold","pred_inst","bst","min"
"1ffffffffffffffffffffffffffffffffffffff",15,100,"m.tree_remove_helper.3.fold.pred_inst.92",64,55513773,"gradual",-65918901,-54.3,"tree_remove_helper","fold","pred_inst","bst","min"
"1ffffffffffffffffffffffffffffffffffffff",16,100,"m.tree_add_helper.3.fold.pred_inst.25",64,55513773,"gradual",-34510841,-38.3,"tree_add_helper","fold","pred_inst","bst","min"
"1ffffffffffffffffffffffffffffffffffffff",20,100,"m.tree_contains_helper.3.fold.pred_inst.34",32,9056265,"gradual",-11657928,-56.3,"tree_contains_helper","fold","pred_inst","bst","min"
"1ffffffffffffffffffffffffffffffffffffff",20,100,"m.tree_contains_helper.3.fold.pred_inst.34",64,55513773,"gradual",-94655602,-63,"tree_contains_helper","fold","pred_inst","bst","min"
"1ffffffffffffffffffffffffffffffffffffff",24,100,"p.bstRemove.6.pred.acc.148",64,55513773,"gradual",-33787736,-37.8,"bstRemove","pred","acc","bst","min"
"1ffffffffffffffffffffffffffffffffffffff",27,100,"m.tree_contains_helper.3.fold.pred_inst.33",32,9056265,"gradual",-11640906,-56.2,"tree_contains_helper","fold","pred_inst","bst","min"
"1ffffffffffffffffffffffffffffffffffffff",27,100,"m.tree_contains_helper.3.fold.pred_inst.33",64,55513773,"gradual",-93280937,-62.7,"tree_contains_helper","fold","pred_inst","bst","min"
"1ffffffffffffffffffffffffffffffffffffff",30,100,"m.tree_remove.4.unfold.pred_inst.88",64,55513773,"gradual",-47342420,-46,"tree_remove","unfold","pred_inst","bst","min"
