"id","path_id","level_id","component_added","stress","median","verification","diff","pdiff","context_name","context_type","bst_component_type","example","classification","list_component_type","composite_component_type"
"19a37b7764ddef70c6bbdb116aec3be7949fe0e",4,59.5,"m.tree_contains.4.unfold.pred_inst.28",56,296959317,"gradual",-43019832,-12.7,"tree_contains","unfold","pred_inst","bst","min",NA,NA
"19a37b7764ddef70c6bbdb116aec3be7949fe0e",4,59.5,"m.tree_contains.4.unfold.pred_inst.28",60,404547753,"gradual",-61984099,-13.3,"tree_contains","unfold","pred_inst","bst","min",NA,NA
"19a37b7764ddef70c6bbdb116aec3be7949fe0e",4,59.5,"m.tree_contains.4.unfold.pred_inst.28",64,453682208,"gradual",-69938064,-13.4,"tree_contains","unfold","pred_inst","bst","min",NA,NA
"1f7bd1ef4ed3fe3bded5fc3dfd6db7a1ece6bdb",1,68.6,"p.treeRemove.6.pred.pred_inst.152",60,62705670,"gradual",-38842791,-38.3,"treeRemove","pred","pred_inst","bst","min",NA,NA
"1f7bd1ef4ed3fe3bded5fc3dfd6db7a1ece6bdb",1,68.6,"p.treeRemove.6.pred.pred_inst.152",64,71429512,"gradual",-44244885,-38.2,"treeRemove","pred","pred_inst","bst","min",NA,NA
"1dbbfbff74fdef75d7bfdb3d7aec3be7959fe6e",4,72.5,"m.tree_main_lemma.3.fold.pred_inst.39",60,346891311,"gradual",-34583201,-9.1,"tree_main_lemma","fold","pred_inst","bst","min",NA,NA
"1dbbfbff74fdef75d7bfdb3d7aec3be7959fe6e",4,72.5,"m.tree_main_lemma.3.fold.pred_inst.39",64,393131883,"gradual",-50809803,-11.4,"tree_main_lemma","fold","pred_inst","bst","min",NA,NA
"837d7af3f9fb9b75efbfdbefbbf98fdfe3ff5e",6,73.2,"m.tree_main_lemma_bst.4.unfold.pred_inst.42",64,435308697,"gradual",-45860021,-9.5,"tree_main_lemma_bst","unfold","pred_inst","bst","min",NA,NA
"1dbbfbff76ffef75f7bfdb3d7aec3be7959ff6e",4,75.2,"m.tree_main_lemma_bst.3.fold.pred_inst.43",52,164481324,"gradual",-41569696,-20.2,"tree_main_lemma_bst","fold","pred_inst","bst","min",NA,NA
"1dbbfbff76ffef75f7bfdb3d7aec3be7959ff6e",4,75.2,"m.tree_main_lemma_bst.3.fold.pred_inst.43",56,249397535,"gradual",-61168550,-19.7,"tree_main_lemma_bst","fold","pred_inst","bst","min",NA,NA
"1dbbfbff76ffef75f7bfdb3d7aec3be7959ff6e",4,75.2,"m.tree_main_lemma_bst.3.fold.pred_inst.43",60,337037466,"gradual",-81720406,-19.5,"tree_main_lemma_bst","fold","pred_inst","bst","min",NA,NA
"1dbbfbff76ffef75f7bfdb3d7aec3be7959ff6e",4,75.2,"m.tree_main_lemma_bst.3.fold.pred_inst.43",64,386561526,"gradual",-91736135,-19.2,"tree_main_lemma_bst","fold","pred_inst","bst","min",NA,NA
"1ff4cff3ff75ee5cffdfff9fef3b9dfbff77ff5",2,79.7,"p.bstRemove.6.pred.acc.148",64,117184383,"gradual",-32477083,-21.7,"bstRemove","pred","acc","bst","min",NA,NA
"1f7bf1ff4ef7fffbded7fe7dfd7dbfbbecfffdb",1,81,"p.bst.6.pred.acc.140",60,196435395,"gradual",-33079270,-14.4,"bst","pred","acc","bst","min",NA,NA
"1f7bf1ff4ef7fffbded7fe7dfd7dbfbbecfffdb",1,81,"p.bst.6.pred.acc.140",64,215648047,"gradual",-39169108,-15.4,"bst","pred","acc","bst","min",NA,NA
"1fff7fd7bfdffefbabeefbff77e1ddaf7ff9fff",3,83,"m.tree_main_lemma_bst.3.fold.pred_inst.43",52,107641938,"gradual",-40194510,-27.2,"tree_main_lemma_bst","fold","pred_inst","bst","min",NA,NA
"1fff7fd7bfdffefbabeefbff77e1ddaf7ff9fff",3,83,"m.tree_main_lemma_bst.3.fold.pred_inst.43",56,152275139,"gradual",-67563943,-30.7,"tree_main_lemma_bst","fold","pred_inst","bst","min",NA,NA
"1fff7fd7bfdffefbabeefbff77e1ddaf7ff9fff",3,83,"m.tree_main_lemma_bst.3.fold.pred_inst.43",60,221321553,"gradual",-87561591,-28.3,"tree_main_lemma_bst","fold","pred_inst","bst","min",NA,NA
"1fff7fd7bfdffefbabeefbff77e1ddaf7ff9fff",3,83,"m.tree_main_lemma_bst.3.fold.pred_inst.43",64,247713616,"gradual",-100751923,-28.9,"tree_main_lemma_bst","fold","pred_inst","bst","min",NA,NA
"19b7dfff3fffbdbf5ffbfdbefbbf98ffff3fffe",6,83,"m.tree_main_lemma.3.fold.pred_inst.39",60,335980262,"gradual",-34832800,-9.4,"tree_main_lemma","fold","pred_inst","bst","min",NA,NA
"19b7dfff3fffbdbf5ffbfdbefbbf98ffff3fffe",6,83,"m.tree_main_lemma.3.fold.pred_inst.39",64,381539780,"gradual",-50537579,-11.7,"tree_main_lemma","fold","pred_inst","bst","min",NA,NA
"1ffccffbff75eeddffdfff9fef3fddfbff7fff5",2,84.3,"m.tree_add_helper.3.fold.pred_inst.25",60,234616649,"gradual",-32841247,-12.3,"tree_add_helper","fold","pred_inst","bst","min",NA,NA
"1ffccffbff75eeddffdfff9fef3fddfbff7fff5",2,84.3,"m.tree_add_helper.3.fold.pred_inst.25",64,271511550,"gradual",-33802994,-11.1,"tree_add_helper","fold","pred_inst","bst","min",NA,NA
"1ffccffbfffdeedfffdfff9fef3fddfbff7fff7",2,86.9,"p.tree.6.pred.pred_inst.151",44,70507776,"gradual",-41091572,-36.8,"tree","pred","pred_inst","bst","min",NA,NA
"1ffccffbfffdeedfffdfff9fef3fddfbff7fff7",2,86.9,"p.tree.6.pred.pred_inst.151",48,67857463,"gradual",-35786412,-34.5,"tree","pred","pred_inst","bst","min",NA,NA
"1ffccffbfffdeedfffdfff9fef3fddfbff7fff7",2,86.9,"p.tree.6.pred.pred_inst.151",52,103006458,"gradual",-58561664,-36.2,"tree","pred","pred_inst","bst","min",NA,NA
"1ffccffbfffdeedfffdfff9fef3fddfbff7fff7",2,86.9,"p.tree.6.pred.pred_inst.151",56,148064892,"gradual",-87711529,-37.2,"tree","pred","pred_inst","bst","min",NA,NA
"1ffccffbfffdeedfffdfff9fef3fddfbff7fff7",2,86.9,"p.tree.6.pred.pred_inst.151",60,210513957,"gradual",-118152361,-35.9,"tree","pred","pred_inst","bst","min",NA,NA
"1ffccffbfffdeedfffdfff9fef3fddfbff7fff7",2,86.9,"p.tree.6.pred.pred_inst.151",64,243049895,"gradual",-133993017,-35.5,"tree","pred","pred_inst","bst","min",NA,NA
"1fff7ff7ffdffffbabfefbfff7e1fdbf7ff9fff",3,87.6,"m.tree_contains_helper.1.pre.pred_inst.30",52,72171245,"gradual",-42490509,-37.1,"tree_contains_helper","pre","pred_inst","bst","min",NA,NA
"1fff7ff7ffdffffbabfefbfff7e1fdbf7ff9fff",3,87.6,"m.tree_contains_helper.1.pre.pred_inst.30",56,104524680,"gradual",-62079826,-37.3,"tree_contains_helper","pre","pred_inst","bst","min",NA,NA
"1fff7ff7ffdffffbabfefbfff7e1fdbf7ff9fff",3,87.6,"m.tree_contains_helper.1.pre.pred_inst.30",60,153905023,"gradual",-81452624,-34.6,"tree_contains_helper","pre","pred_inst","bst","min",NA,NA
"1fff7ff7ffdffffbabfefbfff7e1fdbf7ff9fff",3,87.6,"m.tree_contains_helper.1.pre.pred_inst.30",64,169748681,"gradual",-95836062,-36.1,"tree_contains_helper","pre","pred_inst","bst","min",NA,NA
"19b7dfff3fffbdbf7ffbfdbffbfffbffff3fffe",6,87.6,"m.tree_remove_helper.3.fold.pred_inst.92",56,195072060,"gradual",-39355482,-16.8,"tree_remove_helper","fold","pred_inst","bst","min",NA,NA
"19b7dfff3fffbdbf7ffbfdbffbfffbffff3fffe",6,87.6,"m.tree_remove_helper.3.fold.pred_inst.92",60,266347305,"gradual",-53395913,-16.7,"tree_remove_helper","fold","pred_inst","bst","min",NA,NA
"19b7dfff3fffbdbf7ffbfdbffbfffbffff3fffe",6,87.6,"m.tree_remove_helper.3.fold.pred_inst.92",64,302567652,"gradual",-64398839,-17.5,"tree_remove_helper","fold","pred_inst","bst","min",NA,NA
"1fff7fffffdffffbabfffbffffe1fdbffff9fff",3,90.2,"m.tree_add_helper.3.fold.pred_inst.25",60,122094775,"gradual",-31520523,-20.5,"tree_add_helper","fold","pred_inst","bst","min",NA,NA
"1fff7fffffdffffbabfffbffffe1fdbffff9fff",3,90.2,"m.tree_add_helper.3.fold.pred_inst.25",64,135918517,"gradual",-32465579,-19.3,"tree_add_helper","fold","pred_inst","bst","min",NA,NA
"1bf7dfff3ffffdbf7ffffdbffbfffbffff3fffe",6,90.2,"m.create_tree_helper.2.post.pred_inst.6",64,267671750,"gradual",-35077256,-11.6,"create_tree_helper","post","pred_inst","bst","min",NA,NA
"1dffffff76ffeffdf7bffbbdffff3ffffffffef",4,90.8,"p.treeRemove.6.pred.pred_inst.152",60,227762064,"gradual",-38482493,-14.5,"treeRemove","pred","pred_inst","bst","min",NA,NA
"1dffffff76ffeffdf7bffbbdffff3ffffffffef",4,90.8,"p.treeRemove.6.pred.pred_inst.152",64,255688522,"gradual",-50421292,-16.5,"treeRemove","pred","pred_inst","bst","min",NA,NA
"1fff7ffffffffffbabfffbffffe9fdbffff9fff",3,91.5,"m.tree_main_lemma.3.fold.pred_inst.39",60,83605805,"gradual",-37623233,-31,"tree_main_lemma","fold","pred_inst","bst","min",NA,NA
"1fff7ffffffffffbabfffbffffe9fdbffff9fff",3,91.5,"m.tree_main_lemma.3.fold.pred_inst.39",64,88186212,"gradual",-46543754,-34.5,"tree_main_lemma","fold","pred_inst","bst","min",NA,NA
"f7fdfff7ffefffefffffffe4ffffffffffeffd",7,92.2,"m.tree_contains_helper.3.fold.pred_inst.35",52,136135166,"gradual",-41761478,-23.5,"tree_contains_helper","fold","pred_inst","bst","min",NA,NA
"f7fdfff7ffefffefffffffe4ffffffffffeffd",7,92.2,"m.tree_contains_helper.3.fold.pred_inst.35",56,203010183,"gradual",-58468902,-22.4,"tree_contains_helper","fold","pred_inst","bst","min",NA,NA
"f7fdfff7ffefffefffffffe4ffffffffffeffd",7,92.2,"m.tree_contains_helper.3.fold.pred_inst.35",60,288476419,"gradual",-84844733,-22.7,"tree_contains_helper","fold","pred_inst","bst","min",NA,NA
"f7fdfff7ffefffefffffffe4ffffffffffeffd",7,92.2,"m.tree_contains_helper.3.fold.pred_inst.35",64,320487655,"gradual",-107443426,-25.1,"tree_contains_helper","fold","pred_inst","bst","min",NA,NA
"1fff7dffffefff7ffffffffdffff7feef7ffffc",0,92.8,"m.tree_contains_helper.3.fold.pred_inst.33",52,75298090,"gradual",-40629372,-35,"tree_contains_helper","fold","pred_inst","bst","min",NA,NA
"1fff7dffffefff7ffffffffdffff7feef7ffffc",0,92.8,"m.tree_contains_helper.3.fold.pred_inst.33",56,112714058,"gradual",-60809621,-35,"tree_contains_helper","fold","pred_inst","bst","min",NA,NA
"1fff7dffffefff7ffffffffdffff7feef7ffffc",0,92.8,"m.tree_contains_helper.3.fold.pred_inst.33",60,143659428,"gradual",-86061333,-37.5,"tree_contains_helper","fold","pred_inst","bst","min",NA,NA
"1fff7dffffefff7ffffffffdffff7feef7ffffc",0,92.8,"m.tree_contains_helper.3.fold.pred_inst.33",64,176764952,"gradual",-98454627,-35.8,"tree_contains_helper","fold","pred_inst","bst","min",NA,NA
"1bf7dfff3fffffff7ffffdbffbfffbffff7ffff",6,92.8,"p.treeRemove.6.pred.pred_inst.152",64,226904097,"gradual",-40718958,-15.2,"treeRemove","pred","pred_inst","bst","min",NA,NA
"1f7ff5ffefffffffffdffefffdfdfffffdffffb",1,93.5,"m.tree_contains.3.fold.pred_inst.29",56,76831278,"gradual",-43992986,-36.4,"tree_contains","fold","pred_inst","bst","min",NA,NA
"1f7ff5ffefffffffffdffefffdfdfffffdffffb",1,93.5,"m.tree_contains.3.fold.pred_inst.29",60,106349787,"gradual",-59961038,-36.1,"tree_contains","fold","pred_inst","bst","min",NA,NA
"1f7ff5ffefffffffffdffefffdfdfffffdffffb",1,93.5,"m.tree_contains.3.fold.pred_inst.29",64,116915940,"gradual",-75314072,-39.2,"tree_contains","fold","pred_inst","bst","min",NA,NA
"1ffcefffffffffffffffffdfef7fddfbffffff7",2,93.5,"m.tree_main_lemma_bst.3.fold.pred_inst.43",52,60807221,"gradual",-43441272,-41.7,"tree_main_lemma_bst","fold","pred_inst","bst","min",NA,NA
"1ffcefffffffffffffffffdfef7fddfbffffff7",2,93.5,"m.tree_main_lemma_bst.3.fold.pred_inst.43",56,87026825,"gradual",-59179817,-40.5,"tree_main_lemma_bst","fold","pred_inst","bst","min",NA,NA
"1ffcefffffffffffffffffdfef7fddfbffffff7",2,93.5,"m.tree_main_lemma_bst.3.fold.pred_inst.43",60,120851623,"gradual",-86671020,-41.8,"tree_main_lemma_bst","fold","pred_inst","bst","min",NA,NA
"1ffcefffffffffffffffffdfef7fddfbffffff7",2,93.5,"m.tree_main_lemma_bst.3.fold.pred_inst.43",64,136760829,"gradual",-102529348,-42.8,"tree_main_lemma_bst","fold","pred_inst","bst","min",NA,NA
"1dfffffff6ffeffdffbffbbfffff7ffffffffef",4,93.5,"m.tree_contains.3.fold.pred_inst.29",52,81597906,"gradual",-32542153,-28.5,"tree_contains","fold","pred_inst","bst","min",NA,NA
"1dfffffff6ffeffdffbffbbfffff7ffffffffef",4,93.5,"m.tree_contains.3.fold.pred_inst.29",56,118199804,"gradual",-47791291,-28.8,"tree_contains","fold","pred_inst","bst","min",NA,NA
"1dfffffff6ffeffdffbffbbfffff7ffffffffef",4,93.5,"m.tree_contains.3.fold.pred_inst.29",60,165316409,"gradual",-57294648,-25.7,"tree_contains","fold","pred_inst","bst","min",NA,NA
"1dfffffff6ffeffdffbffbbfffff7ffffffffef",4,93.5,"m.tree_contains.3.fold.pred_inst.29",64,188237909,"gradual",-71145798,-27.4,"tree_contains","fold","pred_inst","bst","min",NA,NA
"f7fdffffffefffefffffffe4fffffffffffffd",7,93.5,"p.bst.6.pred.acc.140",60,241821846,"gradual",-49920165,-17.1,"bst","pred","acc","bst","min",NA,NA
"f7fdffffffefffefffffffe4fffffffffffffd",7,93.5,"p.bst.6.pred.acc.140",64,272042545,"gradual",-53156091,-16.3,"bst","pred","acc","bst","min",NA,NA
"1dffffffffffeffdffbffbffffff7ffffffffef",4,95.4,"m.tree_contains_helper.3.fold.pred_inst.33",52,40449248,"gradual",-42569189,-51.3,"tree_contains_helper","fold","pred_inst","bst","min",NA,NA
"1dffffffffffeffdffbffbffffff7ffffffffef",4,95.4,"m.tree_contains_helper.3.fold.pred_inst.33",56,57143003,"gradual",-61677410,-51.9,"tree_contains_helper","fold","pred_inst","bst","min",NA,NA
"1dffffffffffeffdffbffbffffff7ffffffffef",4,95.4,"m.tree_contains_helper.3.fold.pred_inst.33",60,79372999,"gradual",-84944281,-51.7,"tree_contains_helper","fold","pred_inst","bst","min",NA,NA
"1dffffffffffeffdffbffbffffff7ffffffffef",4,95.4,"m.tree_contains_helper.3.fold.pred_inst.33",64,90487467,"gradual",-95355639,-51.3,"tree_contains_helper","fold","pred_inst","bst","min",NA,NA
"1ffcefffffffffffffffffdfffffdfffffffff7",2,96.1,"m.tree_remove_helper.3.fold.pred_inst.96",56,50267485,"gradual",-36657568,-42.2,"tree_remove_helper","fold","pred_inst","bst","min",NA,NA
"1ffcefffffffffffffffffdfffffdfffffffff7",2,96.1,"m.tree_remove_helper.3.fold.pred_inst.96",60,68476295,"gradual",-53560002,-43.9,"tree_remove_helper","fold","pred_inst","bst","min",NA,NA
"1ffcefffffffffffffffffdfffffdfffffffff7",2,96.1,"m.tree_remove_helper.3.fold.pred_inst.96",64,73836405,"gradual",-63929940,-46.4,"tree_remove_helper","fold","pred_inst","bst","min",NA,NA
"1fffffffffffffffebffffffffedfffffff9fff",3,96.1,"m.main.5.inv.default.13",60,52507340,"gradual",-40267058,-43.4,"main","inv","default","bst","min",NA,NA
"1fffffffffffffffebffffffffedfffffff9fff",3,96.1,"m.main.5.inv.default.13",64,56181207,"gradual",-46745015,-45.4,"main","inv","default","bst","min",NA,NA
"1ff7dfff7fffffffffffffbffffffbffff7ffff",6,96.1,"m.tree_contains_helper.1.pre.pred_inst.30",52,55033902,"gradual",-42435414,-43.5,"tree_contains_helper","pre","pred_inst","bst","min",NA,NA
"1ff7dfff7fffffffffffffbffffffbffff7ffff",6,96.1,"m.tree_contains_helper.1.pre.pred_inst.30",56,80710068,"gradual",-62616810,-43.7,"tree_contains_helper","pre","pred_inst","bst","min",NA,NA
"1ff7dfff7fffffffffffffbffffffbffff7ffff",6,96.1,"m.tree_contains_helper.1.pre.pred_inst.30",60,113578567,"gradual",-83242625,-42.3,"tree_contains_helper","pre","pred_inst","bst","min",NA,NA
"1ff7dfff7fffffffffffffbffffffbffff7ffff",6,96.1,"m.tree_contains_helper.1.pre.pred_inst.30",64,126161461,"gradual",-98445911,-43.8,"tree_contains_helper","pre","pred_inst","bst","min",NA,NA
"1ffffdfffffffffffffffffdffffffeff7ffffe",0,96.7,"p.tree.6.pred.pred_inst.151",52,55453285,"gradual",-47700800,-46.2,"tree","pred","pred_inst","bst","min",NA,NA
"1ffffdfffffffffffffffffdffffffeff7ffffe",0,96.7,"p.tree.6.pred.pred_inst.151",56,80088886,"gradual",-70195146,-46.7,"tree","pred","pred_inst","bst","min",NA,NA
"1ffffdfffffffffffffffffdffffffeff7ffffe",0,96.7,"p.tree.6.pred.pred_inst.151",60,112587429,"gradual",-95645722,-45.9,"tree","pred","pred_inst","bst","min",NA,NA
"1ffffdfffffffffffffffffdffffffeff7ffffe",0,96.7,"p.tree.6.pred.pred_inst.151",64,122624557,"gradual",-116171268,-48.6,"tree","pred","pred_inst","bst","min",NA,NA
"1fffffffdffffffffff7bffffbfffbfffffffff",5,96.7,"m.tree_remove_lemma_min.2.post.pred_inst.126",56,34572210,"gradual",-39080572,-53.1,"tree_remove_lemma_min","post","pred_inst","bst","min",NA,NA
"1fffffffdffffffffff7bffffbfffbfffffffff",5,96.7,"m.tree_remove_lemma_min.2.post.pred_inst.126",60,53813957,"gradual",-53123465,-49.7,"tree_remove_lemma_min","post","pred_inst","bst","min",NA,NA
"1fffffffdffffffffff7bffffbfffbfffffffff",5,96.7,"m.tree_remove_lemma_min.2.post.pred_inst.126",64,56433881,"gradual",-64294129,-53.3,"tree_remove_lemma_min","post","pred_inst","bst","min",NA,NA
"1fffdffffffefffefffffffe7ffffffffffffff",7,96.7,"p.tree.6.pred.pred_inst.151",44,47488967,"gradual",-38701234,-44.9,"tree","pred","pred_inst","bst","min",NA,NA
"1fffdffffffefffefffffffe7ffffffffffffff",7,96.7,"p.tree.6.pred.pred_inst.151",48,40195269,"gradual",-36145336,-47.3,"tree","pred","pred_inst","bst","min",NA,NA
"1fffdffffffefffefffffffe7ffffffffffffff",7,96.7,"p.tree.6.pred.pred_inst.151",52,60514033,"gradual",-57124612,-48.6,"tree","pred","pred_inst","bst","min",NA,NA
"1fffdffffffefffefffffffe7ffffffffffffff",7,96.7,"p.tree.6.pred.pred_inst.151",56,85329108,"gradual",-90097480,-51.4,"tree","pred","pred_inst","bst","min",NA,NA
"1fffdffffffefffefffffffe7ffffffffffffff",7,96.7,"p.tree.6.pred.pred_inst.151",60,125954193,"gradual",-117017289,-48.2,"tree","pred","pred_inst","bst","min",NA,NA
"1fffdffffffefffefffffffe7ffffffffffffff",7,96.7,"p.tree.6.pred.pred_inst.151",64,136892133,"gradual",-139868056,-50.5,"tree","pred","pred_inst","bst","min",NA,NA
"1ffffdfffffffffffffffffffffffffffffffff",0,99.3,"p.treeRemove.6.pred.pred_inst.152",60,76481075,"gradual",-36099938,-32.1,"treeRemove","pred","pred_inst","bst","min",NA,NA
"1ffffdfffffffffffffffffffffffffffffffff",0,99.3,"p.treeRemove.6.pred.pred_inst.152",64,80066319,"gradual",-42778607,-34.8,"treeRemove","pred","pred_inst","bst","min",NA,NA
"1fffffffffffffffffffffbffffffffffffffff",6,99.3,"m.tree_contains.3.fold.pred_inst.29",56,34079879,"gradual",-46634405,-57.8,"tree_contains","fold","pred_inst","bst","min",NA,NA
"1fffffffffffffffffffffbffffffffffffffff",6,99.3,"m.tree_contains.3.fold.pred_inst.29",60,53491729,"gradual",-60045224,-52.9,"tree_contains","fold","pred_inst","bst","min",NA,NA
"1fffffffffffffffffffffbffffffffffffffff",6,99.3,"m.tree_contains.3.fold.pred_inst.29",64,55686457,"gradual",-66533116,-54.4,"tree_contains","fold","pred_inst","bst","min",NA,NA
"1ffffffffffffffffffffffffffffffffffffff",4,100,"p.bstRemove.6.pred.acc.148",64,55682476,"gradual",-34457309,-38.2,"bstRemove","pred","acc","bst","min",NA,NA
"1ffffffffffffffffffffffffffffffffffffff",7,100,"m.tree_remove_helper.3.fold.pred_inst.92",56,34402668,"gradual",-37873617,-52.4,"tree_remove_helper","fold","pred_inst","bst","min",NA,NA
"1ffffffffffffffffffffffffffffffffffffff",7,100,"m.tree_remove_helper.3.fold.pred_inst.92",60,53770548,"gradual",-51085843,-48.7,"tree_remove_helper","fold","pred_inst","bst","min",NA,NA
"1ffffffffffffffffffffffffffffffffffffff",7,100,"m.tree_remove_helper.3.fold.pred_inst.92",64,55682476,"gradual",-64836058,-53.8,"tree_remove_helper","fold","pred_inst","bst","min",NA,NA
"19a27b3664cc8f70c4989a11606c3bc3949e60e",4,49,"p.bst.6.pred.acc.142",28,51152692,"gradual",45420301,792.3,"bst","pred","acc","bst","max",NA,NA
"19a27b3664cc8f70c4989a11606c3bc3949e60e",4,49,"p.bst.6.pred.acc.142",32,59029293,"gradual",52713297,834.6,"bst","pred","acc","bst","max",NA,NA
"19a27b3664cc8f70c4989a11606c3bc3949e60e",4,49,"p.bst.6.pred.acc.142",36,91119795,"gradual",83299591,1065.2,"bst","pred","acc","bst","max",NA,NA
"19a27b3664cc8f70c4989a11606c3bc3949e60e",4,49,"p.bst.6.pred.acc.142",40,101723108,"gradual",93381736,1119.5,"bst","pred","acc","bst","max",NA,NA
"19a27b3664cc8f70c4989a11606c3bc3949e60e",4,49,"p.bst.6.pred.acc.142",44,140508766,"gradual",130334253,1281,"bst","pred","acc","bst","max",NA,NA
"19a27b3664cc8f70c4989a11606c3bc3949e60e",4,49,"p.bst.6.pred.acc.142",48,134341327,"gradual",124482748,1262.7,"bst","pred","acc","bst","max",NA,NA
"19a27b3664cc8f70c4989a11606c3bc3949e60e",4,49,"p.bst.6.pred.acc.142",52,203257245,"gradual",190331639,1472.5,"bst","pred","acc","bst","max",NA,NA
"19a27b3664cc8f70c4989a11606c3bc3949e60e",4,49,"p.bst.6.pred.acc.142",56,304468685,"gradual",288736992,1835.4,"bst","pred","acc","bst","max",NA,NA
"19a27b3664cc8f70c4989a11606c3bc3949e60e",4,49,"p.bst.6.pred.acc.142",60,419890131,"gradual",400948963,2116.8,"bst","pred","acc","bst","max",NA,NA
"19a27b3664cc8f70c4989a11606c3bc3949e60e",4,49,"p.bst.6.pred.acc.142",64,477268778,"gradual",456669847,2217,"bst","pred","acc","bst","max",NA,NA
"37550d3f0bb9965adb359af3ab98f9fa3ad4a",6,57.9,"p.bst.6.pred.pred_inst.137",44,45744212,"gradual",37515829,455.9,"bst","pred","pred_inst","bst","max",NA,NA
"37550d3f0bb9965adb359af3ab98f9fa3ad4a",6,57.9,"p.bst.6.pred.pred_inst.137",48,45651134,"gradual",36935462,423.8,"bst","pred","pred_inst","bst","max",NA,NA
"37550d3f0bb9965adb359af3ab98f9fa3ad4a",6,57.9,"p.bst.6.pred.pred_inst.137",52,67088992,"gradual",57312734,586.2,"bst","pred","pred_inst","bst","max",NA,NA
"37550d3f0bb9965adb359af3ab98f9fa3ad4a",6,57.9,"p.bst.6.pred.pred_inst.137",56,98367397,"gradual",86223028,710,"bst","pred","pred_inst","bst","max",NA,NA
"37550d3f0bb9965adb359af3ab98f9fa3ad4a",6,57.9,"p.bst.6.pred.pred_inst.137",60,131612382,"gradual",117499143,832.5,"bst","pred","pred_inst","bst","max",NA,NA
"37550d3f0bb9965adb359af3ab98f9fa3ad4a",6,57.9,"p.bst.6.pred.pred_inst.137",64,154056083,"gradual",138104739,865.8,"bst","pred","pred_inst","bst","max",NA,NA
"1f33c1ef4ed3ee33de95b439fd69b7218ce4b8a",1,60.7,"m.tree_main_lemma_bst.1.pre.pred_inst.40",44,34643366,"gradual",29052129,519.6,"tree_main_lemma_bst","pre","pred_inst","bst","max",NA,NA
"1f33c1ef4ed3ee33de95b439fd69b7218ce4b8a",1,60.7,"m.tree_main_lemma_bst.1.pre.pred_inst.40",52,48243477,"gradual",41298868,594.7,"tree_main_lemma_bst","pre","pred_inst","bst","max",NA,NA
"1f33c1ef4ed3ee33de95b439fd69b7218ce4b8a",1,60.7,"m.tree_main_lemma_bst.1.pre.pred_inst.40",56,68418530,"gradual",61339104,866.4,"tree_main_lemma_bst","pre","pred_inst","bst","max",NA,NA
"1f33c1ef4ed3ee33de95b439fd69b7218ce4b8a",1,60.7,"m.tree_main_lemma_bst.1.pre.pred_inst.40",60,96430281,"gradual",86098024,833.3,"tree_main_lemma_bst","pre","pred_inst","bst","max",NA,NA
"1f33c1ef4ed3ee33de95b439fd69b7218ce4b8a",1,60.7,"m.tree_main_lemma_bst.1.pre.pred_inst.40",64,110542794,"gradual",99858980,934.7,"tree_main_lemma_bst","pre","pred_inst","bst","max",NA,NA
"37572d3f9bb9975adbbdbaf3ab98f9fa3ad4a",6,63.4,"m.tree_add_helper.2.post.pred_inst.23",56,137925591,"gradual",27963529,25.4,"tree_add_helper","post","pred_inst","bst","max",NA,NA
"37572d3f9bb9975adbbdbaf3ab98f9fa3ad4a",6,63.4,"m.tree_add_helper.2.post.pred_inst.23",60,178054351,"gradual",32685711,22.5,"tree_add_helper","post","pred_inst","bst","max",NA,NA
"37572d3f9bb9975adbbdbaf3ab98f9fa3ad4a",6,63.4,"m.tree_add_helper.2.post.pred_inst.23",64,202495145,"gradual",30421870,17.7,"tree_add_helper","post","pred_inst","bst","max",NA,NA
"3757ad3f9bb9975adbbdbaf3ab98f9fa3ef4a",6,65.5,"p.bstRemove.6.pred.pred_inst.143",44,105366388,"gradual",43004303,69,"bstRemove","pred","pred_inst","bst","max",NA,NA
"3757ad3f9bb9975adbbdbaf3ab98f9fa3ef4a",6,65.5,"p.bstRemove.6.pred.pred_inst.143",48,103104109,"gradual",38113106,58.6,"bstRemove","pred","pred_inst","bst","max",NA,NA
"3757ad3f9bb9975adbbdbaf3ab98f9fa3ef4a",6,65.5,"p.bstRemove.6.pred.pred_inst.143",52,158028934,"gradual",68096548,75.7,"bstRemove","pred","pred_inst","bst","max",NA,NA
"3757ad3f9bb9975adbbdbaf3ab98f9fa3ef4a",6,65.5,"p.bstRemove.6.pred.pred_inst.143",56,230042917,"gradual",94605774,69.9,"bstRemove","pred","pred_inst","bst","max",NA,NA
"3757ad3f9bb9975adbbdbaf3ab98f9fa3ef4a",6,65.5,"p.bstRemove.6.pred.pred_inst.143",60,316257504,"gradual",139303775,78.7,"bstRemove","pred","pred_inst","bst","max",NA,NA
"3757ad3f9bb9975adbbdbaf3ab98f9fa3ef4a",6,65.5,"p.bstRemove.6.pred.pred_inst.143",64,364460061,"gradual",162802771,80.7,"bstRemove","pred","pred_inst","bst","max",NA,NA
"ff4cdf0e575ce1ccccf7f95c73b1cfbff737a5",2,66.9,"p.bstRemove.6.pred.pred_inst.143",56,62789755,"gradual",35452531,129.7,"bstRemove","pred","pred_inst","bst","max",NA,NA
"ff4cdf0e575ce1ccccf7f95c73b1cfbff737a5",2,66.9,"p.bstRemove.6.pred.pred_inst.143",60,86360991,"gradual",52187256,152.7,"bstRemove","pred","pred_inst","bst","max",NA,NA
"ff4cdf0e575ce1ccccf7f95c73b1cfbff737a5",2,66.9,"p.bstRemove.6.pred.pred_inst.143",64,94442650,"gradual",58447290,162.4,"bstRemove","pred","pred_inst","bst","max",NA,NA
"97746fd797e32fa6ffecbfe4403efff3ebcafd",7,69.7,"p.bst.6.pred.acc.141",28,38490211,"gradual",31247010,431.4,"bst","pred","acc","bst","max",NA,NA
"97746fd797e32fa6ffecbfe4403efff3ebcafd",7,69.7,"p.bst.6.pred.acc.141",32,42563611,"gradual",34839977,451.1,"bst","pred","acc","bst","max",NA,NA
"97746fd797e32fa6ffecbfe4403efff3ebcafd",7,69.7,"p.bst.6.pred.acc.141",36,65548644,"gradual",55642456,561.7,"bst","pred","acc","bst","max",NA,NA
"97746fd797e32fa6ffecbfe4403efff3ebcafd",7,69.7,"p.bst.6.pred.acc.141",40,75616035,"gradual",65071617,617.1,"bst","pred","acc","bst","max",NA,NA
"97746fd797e32fa6ffecbfe4403efff3ebcafd",7,69.7,"p.bst.6.pred.acc.141",44,105190829,"gradual",91447717,665.4,"bst","pred","acc","bst","max",NA,NA
"97746fd797e32fa6ffecbfe4403efff3ebcafd",7,69.7,"p.bst.6.pred.acc.141",48,94758565,"gradual",83084138,711.7,"bst","pred","acc","bst","max",NA,NA
"97746fd797e32fa6ffecbfe4403efff3ebcafd",7,69.7,"p.bst.6.pred.acc.141",52,140846386,"gradual",123516992,712.8,"bst","pred","acc","bst","max",NA,NA
"97746fd797e32fa6ffecbfe4403efff3ebcafd",7,69.7,"p.bst.6.pred.acc.141",56,211072137,"gradual",191915097,1001.8,"bst","pred","acc","bst","max",NA,NA
"97746fd797e32fa6ffecbfe4403efff3ebcafd",7,69.7,"p.bst.6.pred.acc.141",60,285843637,"gradual",260873259,1044.7,"bst","pred","acc","bst","max",NA,NA
"97746fd797e32fa6ffecbfe4403efff3ebcafd",7,69.7,"p.bst.6.pred.acc.141",64,324977404,"gradual",297780840,1094.9,"bst","pred","acc","bst","max",NA,NA
"1a6f5dd7a3cdfefb8ace83fd77e1d5af7ff9ebf",3,72.4,"p.bst.6.pred.pred_inst.137",28,39647781,"gradual",32009010,419,"bst","pred","pred_inst","bst","max",NA,NA
"1a6f5dd7a3cdfefb8ace83fd77e1d5af7ff9ebf",3,72.4,"p.bst.6.pred.pred_inst.137",32,43536068,"gradual",35418108,436.3,"bst","pred","pred_inst","bst","max",NA,NA
"1a6f5dd7a3cdfefb8ace83fd77e1d5af7ff9ebf",3,72.4,"p.bst.6.pred.pred_inst.137",36,65141328,"gradual",54950558,539.2,"bst","pred","pred_inst","bst","max",NA,NA
"1a6f5dd7a3cdfefb8ace83fd77e1d5af7ff9ebf",3,72.4,"p.bst.6.pred.pred_inst.137",40,73135239,"gradual",61176601,511.6,"bst","pred","pred_inst","bst","max",NA,NA
"1a6f5dd7a3cdfefb8ace83fd77e1d5af7ff9ebf",3,72.4,"p.bst.6.pred.pred_inst.137",44,104873156,"gradual",88401807,536.7,"bst","pred","pred_inst","bst","max",NA,NA
"1a6f5dd7a3cdfefb8ace83fd77e1d5af7ff9ebf",3,72.4,"p.bst.6.pred.pred_inst.137",48,96642680,"gradual",85312209,752.9,"bst","pred","pred_inst","bst","max",NA,NA
"1a6f5dd7a3cdfefb8ace83fd77e1d5af7ff9ebf",3,72.4,"p.bst.6.pred.pred_inst.137",52,148745821,"gradual",131383792,756.7,"bst","pred","pred_inst","bst","max",NA,NA
"1a6f5dd7a3cdfefb8ace83fd77e1d5af7ff9ebf",3,72.4,"p.bst.6.pred.pred_inst.137",56,221242271,"gradual",202317005,1069,"bst","pred","pred_inst","bst","max",NA,NA
"1a6f5dd7a3cdfefb8ace83fd77e1d5af7ff9ebf",3,72.4,"p.bst.6.pred.pred_inst.137",60,305392605,"gradual",280242648,1114.3,"bst","pred","pred_inst","bst","max",NA,NA
"1a6f5dd7a3cdfefb8ace83fd77e1d5af7ff9ebf",3,72.4,"p.bst.6.pred.pred_inst.137",64,346826248,"gradual",319489016,1168.7,"bst","pred","pred_inst","bst","max",NA,NA
"837d7af3f9bb9b75efbfdbefbbf98fdfe3ff5e",6,76.6,"m.tree_contains.2.post.pred_inst.27",52,200401924,"gradual",30094454,17.7,"tree_contains","post","pred_inst","bst","max",NA,NA
"837d7af3f9bb9b75efbfdbefbbf98fdfe3ff5e",6,76.6,"m.tree_contains.2.post.pred_inst.27",56,296991146,"gradual",41720240,16.3,"tree_contains","post","pred_inst","bst","max",NA,NA
"837d7af3f9bb9b75efbfdbefbbf98fdfe3ff5e",6,76.6,"m.tree_contains.2.post.pred_inst.27",60,405060308,"gradual",58858169,17,"tree_contains","post","pred_inst","bst","max",NA,NA
"837d7af3f9bb9b75efbfdbefbbf98fdfe3ff5e",6,76.6,"m.tree_contains.2.post.pred_inst.27",64,481168718,"gradual",77082448,19.1,"tree_contains","post","pred_inst","bst","max",NA,NA
"1dbbfbff76fdef75d7bfdb3d7aec3be7959ff6e",4,77.9,"p.bstRemove.6.pred.pred_inst.144",52,206574507,"gradual",28489032,16,"bstRemove","pred","pred_inst","bst","max",NA,NA
"1dbbfbff76fdef75d7bfdb3d7aec3be7959ff6e",4,77.9,"p.bstRemove.6.pred.pred_inst.144",56,309396098,"gradual",54631281,21.4,"bstRemove","pred","pred_inst","bst","max",NA,NA
"1dbbfbff76fdef75d7bfdb3d7aec3be7959ff6e",4,77.9,"p.bstRemove.6.pred.pred_inst.144",60,424415758,"gradual",74018961,21.1,"bstRemove","pred","pred_inst","bst","max",NA,NA
"1dbbfbff76fdef75d7bfdb3d7aec3be7959ff6e",4,77.9,"p.bstRemove.6.pred.pred_inst.144",64,491548958,"gradual",93980039,23.6,"bstRemove","pred","pred_inst","bst","max",NA,NA
"1ff4cff2ff75ee5cffdfff9fef3b9dfbff77fe5",2,82.8,"m.tree_remove_helper.2.post.pred_inst.91",56,95618530,"gradual",36880378,62.8,"tree_remove_helper","post","pred_inst","bst","max",NA,NA
"1ff4cff2ff75ee5cffdfff9fef3b9dfbff77fe5",2,82.8,"m.tree_remove_helper.2.post.pred_inst.91",60,130859359,"gradual",50689433,63.2,"tree_remove_helper","post","pred_inst","bst","max",NA,NA
"1ff4cff2ff75ee5cffdfff9fef3b9dfbff77fe5",2,82.8,"m.tree_remove_helper.2.post.pred_inst.91",64,149240585,"gradual",63467338,74,"tree_remove_helper","post","pred_inst","bst","max",NA,NA
"1f7bf1ff4ef7ffbbded7fe7dfd7dbfbbecfefdb",1,84.1,"p.bst.6.pred.pred_inst.136",36,51272280,"gradual",31822976,163.6,"bst","pred","pred_inst","bst","max",NA,NA
"1f7bf1ff4ef7ffbbded7fe7dfd7dbfbbecfefdb",1,84.1,"p.bst.6.pred.pred_inst.136",40,56378043,"gradual",34751423,160.7,"bst","pred","pred_inst","bst","max",NA,NA
"1f7bf1ff4ef7ffbbded7fe7dfd7dbfbbecfefdb",1,84.1,"p.bst.6.pred.pred_inst.136",44,79603118,"gradual",51022711,178.5,"bst","pred","pred_inst","bst","max",NA,NA
"1f7bf1ff4ef7ffbbded7fe7dfd7dbfbbecfefdb",1,84.1,"p.bst.6.pred.pred_inst.136",48,75238237,"gradual",45040576,149.2,"bst","pred","pred_inst","bst","max",NA,NA
"1f7bf1ff4ef7ffbbded7fe7dfd7dbfbbecfefdb",1,84.1,"p.bst.6.pred.pred_inst.136",52,110402630,"gradual",74024758,203.5,"bst","pred","pred_inst","bst","max",NA,NA
"1f7bf1ff4ef7ffbbded7fe7dfd7dbfbbecfefdb",1,84.1,"p.bst.6.pred.pred_inst.136",56,164494264,"gradual",110013948,201.9,"bst","pred","pred_inst","bst","max",NA,NA
"1f7bf1ff4ef7ffbbded7fe7dfd7dbfbbecfefdb",1,84.1,"p.bst.6.pred.pred_inst.136",60,225773443,"gradual",151772992,205.1,"bst","pred","pred_inst","bst","max",NA,NA
"1f7bf1ff4ef7ffbbded7fe7dfd7dbfbbecfefdb",1,84.1,"p.bst.6.pred.pred_inst.136",64,245262844,"gradual",162648010,196.9,"bst","pred","pred_inst","bst","max",NA,NA
"1ffccff3ff75eeddffdfff9fef3fddfbff7fff5",2,88.3,"p.bst.6.pred.pred_inst.137",36,58379265,"gradual",30851173,112.1,"bst","pred","pred_inst","bst","max",NA,NA
"1ffccff3ff75eeddffdfff9fef3fddfbff7fff5",2,88.3,"p.bst.6.pred.pred_inst.137",40,65124393,"gradual",38824554,147.6,"bst","pred","pred_inst","bst","max",NA,NA
"1ffccff3ff75eeddffdfff9fef3fddfbff7fff5",2,88.3,"p.bst.6.pred.pred_inst.137",44,91339432,"gradual",49892060,120.4,"bst","pred","pred_inst","bst","max",NA,NA
"1ffccff3ff75eeddffdfff9fef3fddfbff7fff5",2,88.3,"p.bst.6.pred.pred_inst.137",48,88899130,"gradual",51352401,136.8,"bst","pred","pred_inst","bst","max",NA,NA
"1ffccff3ff75eeddffdfff9fef3fddfbff7fff5",2,88.3,"p.bst.6.pred.pred_inst.137",52,137191080,"gradual",81926671,148.2,"bst","pred","pred_inst","bst","max",NA,NA
"1ffccff3ff75eeddffdfff9fef3fddfbff7fff5",2,88.3,"p.bst.6.pred.pred_inst.137",56,200232498,"gradual",123536749,161.1,"bst","pred","pred_inst","bst","max",NA,NA
"1ffccff3ff75eeddffdfff9fef3fddfbff7fff5",2,88.3,"p.bst.6.pred.pred_inst.137",60,267457896,"gradual",158302420,145,"bst","pred","pred_inst","bst","max",NA,NA
"1ffccff3ff75eeddffdfff9fef3fddfbff7fff5",2,88.3,"p.bst.6.pred.pred_inst.137",64,305314544,"gradual",186881391,157.8,"bst","pred","pred_inst","bst","max",NA,NA
"b77d7ff7dfef3fefffffffe4e7fefffbffcffd",7,89.7,"p.bstRemove.6.pred.pred_inst.144",56,264153409,"gradual",37685607,16.6,"bstRemove","pred","pred_inst","bst","max",NA,NA
"b77d7ff7dfef3fefffffffe4e7fefffbffcffd",7,89.7,"p.bstRemove.6.pred.pred_inst.144",60,369823030,"gradual",61249318,19.8,"bstRemove","pred","pred_inst","bst","max",NA,NA
"b77d7ff7dfef3fefffffffe4e7fefffbffcffd",7,89.7,"p.bstRemove.6.pred.pred_inst.144",64,416550751,"gradual",69010909,19.9,"bstRemove","pred","pred_inst","bst","max",NA,NA
"1ffccffbfffdeedfffdfff9fef3fddfbff7fff5",2,91,"m.tree_main_lemma_bst.2.post.pred_inst.41",44,111599348,"gradual",28379952,34.1,"tree_main_lemma_bst","post","pred_inst","bst","max",NA,NA
"1ffccffbfffdeedfffdfff9fef3fddfbff7fff5",2,91,"m.tree_main_lemma_bst.2.post.pred_inst.41",52,161568122,"gradual",44010199,37.4,"tree_main_lemma_bst","post","pred_inst","bst","max",NA,NA
"1ffccffbfffdeedfffdfff9fef3fddfbff7fff5",2,91,"m.tree_main_lemma_bst.2.post.pred_inst.41",56,235776421,"gradual",61530969,35.3,"tree_main_lemma_bst","post","pred_inst","bst","max",NA,NA
"1ffccffbfffdeedfffdfff9fef3fddfbff7fff5",2,91,"m.tree_main_lemma_bst.2.post.pred_inst.41",60,328666318,"gradual",92749340,39.3,"tree_main_lemma_bst","post","pred_inst","bst","max",NA,NA
"1ffccffbfffdeedfffdfff9fef3fddfbff7fff5",2,91,"m.tree_main_lemma_bst.2.post.pred_inst.41",64,377042912,"gradual",98588520,35.4,"tree_main_lemma_bst","post","pred_inst","bst","max",NA,NA
"1fff7ff7bfdffffbabfefbfff7e1fdbf7ff9fff",3,91.7,"m.tree_add_helper.2.post.pred_inst.23",60,235357647,"gradual",30161714,14.7,"tree_add_helper","post","pred_inst","bst","max",NA,NA
"1fff7ff7bfdffffbabfefbfff7e1fdbf7ff9fff",3,91.7,"m.tree_add_helper.2.post.pred_inst.23",64,265584743,"gradual",31790989,13.6,"tree_add_helper","post","pred_inst","bst","max",NA,NA
"1fff7dffe7eff77ffffffffdffdf6fe6f7ffffc",0,93.8,"p.bst.6.pred.pred_inst.137",36,37456694,"gradual",30129651,411.2,"bst","pred","pred_inst","bst","max",NA,NA
"1fff7dffe7eff77ffffffffdffdf6fe6f7ffffc",0,93.8,"p.bst.6.pred.pred_inst.137",40,44836739,"gradual",36736077,453.5,"bst","pred","pred_inst","bst","max",NA,NA
"1fff7dffe7eff77ffffffffdffdf6fe6f7ffffc",0,93.8,"p.bst.6.pred.pred_inst.137",44,61279385,"gradual",51022272,497.4,"bst","pred","pred_inst","bst","max",NA,NA
"1fff7dffe7eff77ffffffffdffdf6fe6f7ffffc",0,93.8,"p.bst.6.pred.pred_inst.137",48,57375876,"gradual",49075589,591.3,"bst","pred","pred_inst","bst","max",NA,NA
"1fff7dffe7eff77ffffffffdffdf6fe6f7ffffc",0,93.8,"p.bst.6.pred.pred_inst.137",52,88606665,"gradual",76399456,625.9,"bst","pred","pred_inst","bst","max",NA,NA
"1fff7dffe7eff77ffffffffdffdf6fe6f7ffffc",0,93.8,"p.bst.6.pred.pred_inst.137",56,134614812,"gradual",121839104,953.7,"bst","pred","pred_inst","bst","max",NA,NA
"1fff7dffe7eff77ffffffffdffdf6fe6f7ffffc",0,93.8,"p.bst.6.pred.pred_inst.137",60,174089830,"gradual",157121533,926,"bst","pred","pred_inst","bst","max",NA,NA
"1fff7dffe7eff77ffffffffdffdf6fe6f7ffffc",0,93.8,"p.bst.6.pred.pred_inst.137",64,202795859,"gradual",184186217,989.7,"bst","pred","pred_inst","bst","max",NA,NA
"1fff7ffedfeefffffff7b7bffbfff8ffbfe7fff",5,94.5,"p.bstRemove.6.pred.pred_inst.144",56,47434331,"gradual",36722139,342.8,"bstRemove","pred","pred_inst","bst","max",NA,NA
"1fff7ffedfeefffffff7b7bffbfff8ffbfe7fff",5,94.5,"p.bstRemove.6.pred.pred_inst.144",60,64104745,"gradual",50784740,381.3,"bstRemove","pred","pred_inst","bst","max",NA,NA
"1fff7ffedfeefffffff7b7bffbfff8ffbfe7fff",5,94.5,"p.bstRemove.6.pred.pred_inst.144",64,77181968,"gradual",62211100,415.5,"bstRemove","pred","pred_inst","bst","max",NA,NA
"1fff7dfff7eff77ffffffffdffff7fe6f7ffffc",0,95.9,"m.tree_contains_helper.4.unfold.pred_inst.32",52,116279985,"gradual",28419113,32.3,"tree_contains_helper","unfold","pred_inst","bst","max",NA,NA
"1fff7dfff7eff77ffffffffdffff7fe6f7ffffc",0,95.9,"m.tree_contains_helper.4.unfold.pred_inst.32",56,175581765,"gradual",43932997,33.4,"tree_contains_helper","unfold","pred_inst","bst","max",NA,NA
"1fff7dfff7eff77ffffffffdffff7fe6f7ffffc",0,95.9,"m.tree_contains_helper.4.unfold.pred_inst.32",60,230251036,"gradual",58882232,34.4,"tree_contains_helper","unfold","pred_inst","bst","max",NA,NA
"1fff7dfff7eff77ffffffffdffff7fe6f7ffffc",0,95.9,"m.tree_contains_helper.4.unfold.pred_inst.32",64,278593821,"gradual",73488901,35.8,"tree_contains_helper","unfold","pred_inst","bst","max",NA,NA
"1ffffdfffffffffffffffffdffff7feef7ffffc",0,100,"m.tree_main_lemma_bst.1.pre.pred_inst.40",52,104093135,"gradual",29863475,40.2,"tree_main_lemma_bst","pre","pred_inst","bst","max",NA,NA
"1ffffdfffffffffffffffffdffff7feef7ffffc",0,100,"m.tree_main_lemma_bst.1.pre.pred_inst.40",56,150333979,"gradual",39319527,35.4,"tree_main_lemma_bst","pre","pred_inst","bst","max",NA,NA
"1ffffdfffffffffffffffffdffff7feef7ffffc",0,100,"m.tree_main_lemma_bst.1.pre.pred_inst.40",60,212222747,"gradual",69253320,48.4,"tree_main_lemma_bst","pre","pred_inst","bst","max",NA,NA
"1ffffdfffffffffffffffffdffff7feef7ffffc",0,100,"m.tree_main_lemma_bst.1.pre.pred_inst.40",64,243495197,"gradual",66016162,37.2,"tree_main_lemma_bst","pre","pred_inst","bst","max",NA,NA
"5efccf57ea5fed7dffdb",5,75.6,"m.list_insert.3.fold.pred_inst.67",112,7280528,"gradual",-193371324,-96.4,"list_insert","fold",NA,"list","min","pred_inst",NA
"5efccf57ea5fed7dffdb",5,75.6,"m.list_insert.3.fold.pred_inst.67",128,9189926,"gradual",-287784237,-96.9,"list_insert","fold",NA,"list","min","pred_inst",NA
"5efccf57ea5fed7dffdb",5,75.6,"m.list_insert.3.fold.pred_inst.67",144,11178824,"gradual",-407951925,-97.3,"list_insert","fold",NA,"list","min","pred_inst",NA
"5efccf57ea5fed7dffdb",5,75.6,"m.list_insert.3.fold.pred_inst.67",160,13308367,"gradual",-562710025,-97.7,"list_insert","fold",NA,"list","min","pred_inst",NA
"5efccf57ea5fed7dffdb",5,75.6,"m.list_insert.3.fold.pred_inst.67",176,15928243,"gradual",-744081935,-97.9,"list_insert","fold",NA,"list","min","pred_inst",NA
"5efccf57ea5fed7dffdb",5,75.6,"m.list_insert.3.fold.pred_inst.67",192,18474216,"gradual",-962411571,-98.1,"list_insert","fold",NA,"list","min","pred_inst",NA
"5efccf57ea5fed7dffdb",5,75.6,"m.list_insert.3.fold.pred_inst.67",208,21417407,"gradual",-1230941527,-98.3,"list_insert","fold",NA,"list","min","pred_inst",NA
"5efccf57ea5fed7dffdb",5,75.6,"m.list_insert.3.fold.pred_inst.67",224,24429239,"gradual",-1529002149,-98.4,"list_insert","fold",NA,"list","min","pred_inst",NA
"5efccf57ea5fed7dffdb",5,75.6,"m.list_insert.3.fold.pred_inst.67",240,27817546,"gradual",-1875947776,-98.5,"list_insert","fold",NA,"list","min","pred_inst",NA
"5efccf57ea5fed7dffdb",5,75.6,"m.list_insert.3.fold.pred_inst.67",256,31259909,"gradual",-2290047792,-98.7,"list_insert","fold",NA,"list","min","pred_inst",NA
"7bfbfe5bff7bffff7fbf",7,88.5,"m.list_insert.3.fold.pred_inst.48",96,5743279,"gradual",-123599741,-95.6,"list_insert","fold",NA,"list","min","pred_inst",NA
"7bfbfe5bff7bffff7fbf",7,88.5,"m.list_insert.3.fold.pred_inst.48",112,7278875,"gradual",-195835434,-96.4,"list_insert","fold",NA,"list","min","pred_inst",NA
"7bfbfe5bff7bffff7fbf",7,88.5,"m.list_insert.3.fold.pred_inst.48",128,9127629,"gradual",-293213467,-97,"list_insert","fold",NA,"list","min","pred_inst",NA
"7bfbfe5bff7bffff7fbf",7,88.5,"m.list_insert.3.fold.pred_inst.48",144,11231576,"gradual",-416225850,-97.4,"list_insert","fold",NA,"list","min","pred_inst",NA
"7bfbfe5bff7bffff7fbf",7,88.5,"m.list_insert.3.fold.pred_inst.48",160,13446794,"gradual",-567191636,-97.7,"list_insert","fold",NA,"list","min","pred_inst",NA
"7bfbfe5bff7bffff7fbf",7,88.5,"m.list_insert.3.fold.pred_inst.48",176,15919696,"gradual",-750751087,-97.9,"list_insert","fold",NA,"list","min","pred_inst",NA
"7bfbfe5bff7bffff7fbf",7,88.5,"m.list_insert.3.fold.pred_inst.48",192,18800032,"gradual",-974840279,-98.1,"list_insert","fold",NA,"list","min","pred_inst",NA
"7bfbfe5bff7bffff7fbf",7,88.5,"m.list_insert.3.fold.pred_inst.48",208,21487381,"gradual",-1230004503,-98.3,"list_insert","fold",NA,"list","min","pred_inst",NA
"7bfbfe5bff7bffff7fbf",7,88.5,"m.list_insert.3.fold.pred_inst.48",224,24968938,"gradual",-1530543611,-98.4,"list_insert","fold",NA,"list","min","pred_inst",NA
"7bfbfe5bff7bffff7fbf",7,88.5,"m.list_insert.3.fold.pred_inst.48",240,28647715,"gradual",-1872059184,-98.5,"list_insert","fold",NA,"list","min","pred_inst",NA
"7bfbfe5bff7bffff7fbf",7,88.5,"m.list_insert.3.fold.pred_inst.48",256,32228895,"gradual",-2282416190,-98.6,"list_insert","fold",NA,"list","min","pred_inst",NA
"5fbf7fbfb7eddfffffff",6,89.7,"m.list_insert.3.fold.pred_inst.48",112,7309354,"gradual",-196517767,-96.4,"list_insert","fold",NA,"list","min","pred_inst",NA
"5fbf7fbfb7eddfffffff",6,89.7,"m.list_insert.3.fold.pred_inst.48",128,9226761,"gradual",-291744680,-96.9,"list_insert","fold",NA,"list","min","pred_inst",NA
"5fbf7fbfb7eddfffffff",6,89.7,"m.list_insert.3.fold.pred_inst.48",144,11314467,"gradual",-416936787,-97.4,"list_insert","fold",NA,"list","min","pred_inst",NA
"5fbf7fbfb7eddfffffff",6,89.7,"m.list_insert.3.fold.pred_inst.48",160,13438301,"gradual",-563172347,-97.7,"list_insert","fold",NA,"list","min","pred_inst",NA
"5fbf7fbfb7eddfffffff",6,89.7,"m.list_insert.3.fold.pred_inst.48",176,15984830,"gradual",-752696091,-97.9,"list_insert","fold",NA,"list","min","pred_inst",NA
"5fbf7fbfb7eddfffffff",6,89.7,"m.list_insert.3.fold.pred_inst.48",192,18662895,"gradual",-967046757,-98.1,"list_insert","fold",NA,"list","min","pred_inst",NA
"5fbf7fbfb7eddfffffff",6,89.7,"m.list_insert.3.fold.pred_inst.48",208,21519376,"gradual",-1220578734,-98.3,"list_insert","fold",NA,"list","min","pred_inst",NA
"5fbf7fbfb7eddfffffff",6,89.7,"m.list_insert.3.fold.pred_inst.48",224,24603075,"gradual",-1523834149,-98.4,"list_insert","fold",NA,"list","min","pred_inst",NA
"5fbf7fbfb7eddfffffff",6,89.7,"m.list_insert.3.fold.pred_inst.48",240,27910967,"gradual",-1880296650,-98.5,"list_insert","fold",NA,"list","min","pred_inst",NA
"5fbf7fbfb7eddfffffff",6,89.7,"m.list_insert.3.fold.pred_inst.48",256,31401400,"gradual",-2289090434,-98.6,"list_insert","fold",NA,"list","min","pred_inst",NA
"7efffffffdbbf7dffdfb",2,91,"m.list_insert.3.fold.pred_inst.67",96,126019358,"gradual",-123588159,-49.5,"list_insert","fold",NA,"list","min","pred_inst",NA
"7efffffffdbbf7dffdfb",2,91,"m.list_insert.3.fold.pred_inst.67",112,199295080,"gradual",-194358783,-49.4,"list_insert","fold",NA,"list","min","pred_inst",NA
"7efffffffdbbf7dffdfb",2,91,"m.list_insert.3.fold.pred_inst.67",128,294087716,"gradual",-288961608,-49.6,"list_insert","fold",NA,"list","min","pred_inst",NA
"7efffffffdbbf7dffdfb",2,91,"m.list_insert.3.fold.pred_inst.67",144,417840828,"gradual",-415141673,-49.8,"list_insert","fold",NA,"list","min","pred_inst",NA
"7efffffffdbbf7dffdfb",2,91,"m.list_insert.3.fold.pred_inst.67",160,564672827,"gradual",-586957680,-51,"list_insert","fold",NA,"list","min","pred_inst",NA
"7efffffffdbbf7dffdfb",2,91,"m.list_insert.3.fold.pred_inst.67",176,752514657,"gradual",-765735053,-50.4,"list_insert","fold",NA,"list","min","pred_inst",NA
"7efffffffdbbf7dffdfb",2,91,"m.list_insert.3.fold.pred_inst.67",192,980387731,"gradual",-979398477,-50,"list_insert","fold",NA,"list","min","pred_inst",NA
"7efffffffdbbf7dffdfb",2,91,"m.list_insert.3.fold.pred_inst.67",208,1235554494,"gradual",-1265666635,-50.6,"list_insert","fold",NA,"list","min","pred_inst",NA
"7efffffffdbbf7dffdfb",2,91,"m.list_insert.3.fold.pred_inst.67",224,1551770765,"gradual",-1558289173,-50.1,"list_insert","fold",NA,"list","min","pred_inst",NA
"7efffffffdbbf7dffdfb",2,91,"m.list_insert.3.fold.pred_inst.67",240,1896632379,"gradual",-1932418688,-50.5,"list_insert","fold",NA,"list","min","pred_inst",NA
"7efffffffdbbf7dffdfb",2,91,"m.list_insert.3.fold.pred_inst.67",256,2301137425,"gradual",-2348799335,-50.5,"list_insert","fold",NA,"list","min","pred_inst",NA
"7ffffffffffbffffffff",2,100,"m.main.5.inv.default.69",112,6823136,"gradual",-186240236,-96.5,"main","inv",NA,"list","min","default",NA
"7ffffffffffbffffffff",2,100,"m.main.5.inv.default.69",128,8419513,"gradual",-280829542,-97.1,"main","inv",NA,"list","min","default",NA
"7ffffffffffbffffffff",2,100,"m.main.5.inv.default.69",144,10426087,"gradual",-400650335,-97.5,"main","inv",NA,"list","min","default",NA
"7ffffffffffbffffffff",2,100,"m.main.5.inv.default.69",160,12358490,"gradual",-554286485,-97.8,"main","inv",NA,"list","min","default",NA
"7ffffffffffbffffffff",2,100,"m.main.5.inv.default.69",176,14635579,"gradual",-726332574,-98,"main","inv",NA,"list","min","default",NA
"7ffffffffffbffffffff",2,100,"m.main.5.inv.default.69",192,17110027,"gradual",-949859836,-98.2,"main","inv",NA,"list","min","default",NA
"7ffffffffffbffffffff",2,100,"m.main.5.inv.default.69",208,19684594,"gradual",-1191701185,-98.4,"main","inv",NA,"list","min","default",NA
"7ffffffffffbffffffff",2,100,"m.main.5.inv.default.69",224,22806969,"gradual",-1499918477,-98.5,"main","inv",NA,"list","min","default",NA
"7ffffffffffbffffffff",2,100,"m.main.5.inv.default.69",240,25992561,"gradual",-1836858117,-98.6,"main","inv",NA,"list","min","default",NA
"7ffffffffffbffffffff",2,100,"m.main.5.inv.default.69",256,29507580,"gradual",-2244425207,-98.7,"main","inv",NA,"list","min","default",NA
"56fc8317ea590c51f7db",5,65.7,"m.list_insert.2.post.pred_inst.43",64,40381766,"gradual",37474392,1288.9,"list_insert","post",NA,"list","max","pred_inst",NA
"56fc8317ea590c51f7db",5,65.7,"m.list_insert.2.post.pred_inst.43",80,75772162,"gradual",71858522,1836.1,"list_insert","post",NA,"list","max","pred_inst",NA
"56fc8317ea590c51f7db",5,65.7,"m.list_insert.2.post.pred_inst.43",96,127888359,"gradual",122647835,2340.4,"list_insert","post",NA,"list","max","pred_inst",NA
"56fc8317ea590c51f7db",5,65.7,"m.list_insert.2.post.pred_inst.43",112,205179356,"gradual",198386446,2920.5,"list_insert","post",NA,"list","max","pred_inst",NA
"56fc8317ea590c51f7db",5,65.7,"m.list_insert.2.post.pred_inst.43",128,297990475,"gradual",289525137,3420.1,"list_insert","post",NA,"list","max","pred_inst",NA
"56fc8317ea590c51f7db",5,65.7,"m.list_insert.2.post.pred_inst.43",144,430327672,"gradual",420013258,4072.1,"list_insert","post",NA,"list","max","pred_inst",NA
"56fc8317ea590c51f7db",5,65.7,"m.list_insert.2.post.pred_inst.43",160,583751860,"gradual",571476242,4655.4,"list_insert","post",NA,"list","max","pred_inst",NA
"56fc8317ea590c51f7db",5,65.7,"m.list_insert.2.post.pred_inst.43",176,769639339,"gradual",755027583,5167.3,"list_insert","post",NA,"list","max","pred_inst",NA
"56fc8317ea590c51f7db",5,65.7,"m.list_insert.2.post.pred_inst.43",192,994055445,"gradual",976929321,5704.3,"list_insert","post",NA,"list","max","pred_inst",NA
"56fc8317ea590c51f7db",5,65.7,"m.list_insert.2.post.pred_inst.43",208,1235815143,"gradual",1216016889,6142,"list_insert","post",NA,"list","max","pred_inst",NA
"56fc8317ea590c51f7db",5,65.7,"m.list_insert.2.post.pred_inst.43",224,1557094516,"gradual",1534724336,6860.6,"list_insert","post",NA,"list","max","pred_inst",NA
"56fc8317ea590c51f7db",5,65.7,"m.list_insert.2.post.pred_inst.43",240,1904820578,"gradual",1879387804,7389.6,"list_insert","post",NA,"list","max","pred_inst",NA
"56fc8317ea590c51f7db",5,65.7,"m.list_insert.2.post.pred_inst.43",256,2304111975,"gradual",2275491574,7950.6,"list_insert","post",NA,"list","max","pred_inst",NA
"45bf7d9fa7ed9fbeefeb",6,86.6,"p.sortedSeg.6.pred.pred_inst.71",64,40687782,"gradual",37603979,1219.4,"sortedSeg","pred",NA,"list","max","pred_inst",NA
"45bf7d9fa7ed9fbeefeb",6,86.6,"p.sortedSeg.6.pred.pred_inst.71",80,75983226,"gradual",71819704,1725,"sortedSeg","pred",NA,"list","max","pred_inst",NA
"45bf7d9fa7ed9fbeefeb",6,86.6,"p.sortedSeg.6.pred.pred_inst.71",96,130821819,"gradual",125437246,2329.6,"sortedSeg","pred",NA,"list","max","pred_inst",NA
"45bf7d9fa7ed9fbeefeb",6,86.6,"p.sortedSeg.6.pred.pred_inst.71",112,201175620,"gradual",194358336,2851,"sortedSeg","pred",NA,"list","max","pred_inst",NA
"45bf7d9fa7ed9fbeefeb",6,86.6,"p.sortedSeg.6.pred.pred_inst.71",128,298827471,"gradual",290193183,3360.9,"sortedSeg","pred",NA,"list","max","pred_inst",NA
"45bf7d9fa7ed9fbeefeb",6,86.6,"p.sortedSeg.6.pred.pred_inst.71",144,421334432,"gradual",410969402,3965,"sortedSeg","pred",NA,"list","max","pred_inst",NA
"45bf7d9fa7ed9fbeefeb",6,86.6,"p.sortedSeg.6.pred.pred_inst.71",160,576499176,"gradual",564029833,4523.3,"sortedSeg","pred",NA,"list","max","pred_inst",NA
"45bf7d9fa7ed9fbeefeb",6,86.6,"p.sortedSeg.6.pred.pred_inst.71",176,759469455,"gradual",744765714,5065.1,"sortedSeg","pred",NA,"list","max","pred_inst",NA
"45bf7d9fa7ed9fbeefeb",6,86.6,"p.sortedSeg.6.pred.pred_inst.71",192,985942236,"gradual",968841272,5665.4,"sortedSeg","pred",NA,"list","max","pred_inst",NA
"45bf7d9fa7ed9fbeefeb",6,86.6,"p.sortedSeg.6.pred.pred_inst.71",208,1248400124,"gradual",1228560195,6192.4,"sortedSeg","pred",NA,"list","max","pred_inst",NA
"45bf7d9fa7ed9fbeefeb",6,86.6,"p.sortedSeg.6.pred.pred_inst.71",224,1555546346,"gradual",1532503484,6650.7,"sortedSeg","pred",NA,"list","max","pred_inst",NA
"45bf7d9fa7ed9fbeefeb",6,86.6,"p.sortedSeg.6.pred.pred_inst.71",240,1913101528,"gradual",1886935817,7211.5,"sortedSeg","pred",NA,"list","max","pred_inst",NA
"45bf7d9fa7ed9fbeefeb",6,86.6,"p.sortedSeg.6.pred.pred_inst.71",256,2294236036,"gradual",2264816587,7698.4,"sortedSeg","pred",NA,"list","max","pred_inst",NA
"45bf7d9fa7ed9ffeefff",6,91,"m.list_insert.5.inv.pred_inst.56",240,1924507634,"gradual",37044467,2,"list_insert","inv",NA,"list","max","pred_inst",NA
"7bfafa1aff7b9fff7fbf",7,94,"p.sortedSeg.6.pred.pred_inst.71",64,41146111,"gradual",37990596,1203.9,"sortedSeg","pred",NA,"list","max","pred_inst",NA
"7bfafa1aff7b9fff7fbf",7,94,"p.sortedSeg.6.pred.pred_inst.71",80,76801232,"gradual",72756211,1798.7,"sortedSeg","pred",NA,"list","max","pred_inst",NA
"7bfafa1aff7b9fff7fbf",7,94,"p.sortedSeg.6.pred.pred_inst.71",96,130425482,"gradual",125053783,2328,"sortedSeg","pred",NA,"list","max","pred_inst",NA
"7bfafa1aff7b9fff7fbf",7,94,"p.sortedSeg.6.pred.pred_inst.71",112,203717601,"gradual",196865262,2873,"sortedSeg","pred",NA,"list","max","pred_inst",NA
"7bfafa1aff7b9fff7fbf",7,94,"p.sortedSeg.6.pred.pred_inst.71",128,299761468,"gradual",291291293,3439,"sortedSeg","pred",NA,"list","max","pred_inst",NA
"7bfafa1aff7b9fff7fbf",7,94,"p.sortedSeg.6.pred.pred_inst.71",144,424640828,"gradual",414292973,4003.7,"sortedSeg","pred",NA,"list","max","pred_inst",NA
"7bfafa1aff7b9fff7fbf",7,94,"p.sortedSeg.6.pred.pred_inst.71",160,579513308,"gradual",567139998,4583.6,"sortedSeg","pred",NA,"list","max","pred_inst",NA
"7bfafa1aff7b9fff7fbf",7,94,"p.sortedSeg.6.pred.pred_inst.71",176,762395828,"gradual",747838458,5137.2,"sortedSeg","pred",NA,"list","max","pred_inst",NA
"7bfafa1aff7b9fff7fbf",7,94,"p.sortedSeg.6.pred.pred_inst.71",192,991138634,"gradual",974156631,5736.4,"sortedSeg","pred",NA,"list","max","pred_inst",NA
"7bfafa1aff7b9fff7fbf",7,94,"p.sortedSeg.6.pred.pred_inst.71",208,1251341917,"gradual",1231588133,6234.7,"sortedSeg","pred",NA,"list","max","pred_inst",NA
"7bfafa1aff7b9fff7fbf",7,94,"p.sortedSeg.6.pred.pred_inst.71",224,1560957957,"gradual",1538066675,6719,"sortedSeg","pred",NA,"list","max","pred_inst",NA
"7bfafa1aff7b9fff7fbf",7,94,"p.sortedSeg.6.pred.pred_inst.71",240,1906750040,"gradual",1880879565,7270.4,"sortedSeg","pred",NA,"list","max","pred_inst",NA
"7bfafa1aff7b9fff7fbf",7,94,"p.sortedSeg.6.pred.pred_inst.71",256,2319358151,"gradual",2289243084,7601.7,"sortedSeg","pred",NA,"list","max","pred_inst",NA
"7effebfebdbbe7dff5eb",2,95.5,"p.sorted.6.pred.pred_inst.70",48,34103866,"gradual",31672796,1302.8,"sorted","pred",NA,"list","max","pred_inst",NA
"7effebfebdbbe7dff5eb",2,95.5,"p.sorted.6.pred.pred_inst.70",64,75896681,"gradual",72567877,2180,"sorted","pred",NA,"list","max","pred_inst",NA
"7effebfebdbbe7dff5eb",2,95.5,"p.sorted.6.pred.pred_inst.70",80,144296744,"gradual",139833180,3132.8,"sorted","pred",NA,"list","max","pred_inst",NA
"7effebfebdbbe7dff5eb",2,95.5,"p.sorted.6.pred.pred_inst.70",96,246002947,"gradual",240244026,4171.7,"sorted","pred",NA,"list","max","pred_inst",NA
"7effebfebdbbe7dff5eb",2,95.5,"p.sorted.6.pred.pred_inst.70",112,395311943,"gradual",388111456,5390.1,"sorted","pred",NA,"list","max","pred_inst",NA
"7effebfebdbbe7dff5eb",2,95.5,"p.sorted.6.pred.pred_inst.70",128,583884589,"gradual",575047874,6507.5,"sorted","pred",NA,"list","max","pred_inst",NA
"7effebfebdbbe7dff5eb",2,95.5,"p.sorted.6.pred.pred_inst.70",144,826424396,"gradual",815663567,7579.9,"sorted","pred",NA,"list","max","pred_inst",NA
"7effebfebdbbe7dff5eb",2,95.5,"p.sorted.6.pred.pred_inst.70",160,1128670175,"gradual",1115711556,8609.8,"sorted","pred",NA,"list","max","pred_inst",NA
"7effebfebdbbe7dff5eb",2,95.5,"p.sorted.6.pred.pred_inst.70",176,1504010549,"gradual",1488731969,9743.9,"sorted","pred",NA,"list","max","pred_inst",NA
"7effebfebdbbe7dff5eb",2,95.5,"p.sorted.6.pred.pred_inst.70",192,1960354273,"gradual",1942249438,10727.8,"sorted","pred",NA,"list","max","pred_inst",NA
"7effebfebdbbe7dff5eb",2,95.5,"p.sorted.6.pred.pred_inst.70",208,2476207867,"gradual",2455552935,11888.5,"sorted","pred",NA,"list","max","pred_inst",NA
"7effebfebdbbe7dff5eb",2,95.5,"p.sorted.6.pred.pred_inst.70",224,3098060902,"gradual",3074193233,12880.2,"sorted","pred",NA,"list","max","pred_inst",NA
"7effebfebdbbe7dff5eb",2,95.5,"p.sorted.6.pred.pred_inst.70",240,3845717981,"gradual",3819344455,14481.7,"sorted","pred",NA,"list","max","pred_inst",NA
"7effebfebdbbe7dff5eb",2,95.5,"p.sorted.6.pred.pred_inst.70",256,4596202306,"gradual",4566184947,15211.8,"sorted","pred",NA,"list","max","pred_inst",NA
"7efffbfefdbbf7dff5eb",2,100,"m.list_insert.3.fold.pred_inst.50",224,3119511662,"gradual",50762695,1.7,"list_insert","fold",NA,"list","max","pred_inst",NA
"7efffbfefdbbf7dff5eb",2,100,"m.list_insert.3.fold.pred_inst.50",256,4645088527,"gradual",32848244,0.7,"list_insert","fold",NA,"list","max","pred_inst",NA
"319697c10f09551cd51b6174aeee5f6f",6,53.2,"m.tree_has_right.3.fold.pred_inst.69",32,160135016,"gradual",-51220071,-24.2,"tree_has_right","fold",NA,"composite","min",NA,"pred_inst"
"359e97c10f8d55dcd59b61f4beff5fff",6,63.5,"m.main.5.inv.default.10",16,14164185,"gradual",-60745160,-81.1,"main","inv",NA,"composite","min",NA,"default"
"359e97c10f8d55dcd59b61f4beff5fff",6,63.5,"m.main.5.inv.default.10",18,19036369,"gradual",-82238357,-81.2,"main","inv",NA,"composite","min",NA,"default"
"359e97c10f8d55dcd59b61f4beff5fff",6,63.5,"m.main.5.inv.default.10",20,23545812,"gradual",-107356242,-82,"main","inv",NA,"composite","min",NA,"default"
"359e97c10f8d55dcd59b61f4beff5fff",6,63.5,"m.main.5.inv.default.10",22,30247271,"gradual",-142313822,-82.5,"main","inv",NA,"composite","min",NA,"default"
"359e97c10f8d55dcd59b61f4beff5fff",6,63.5,"m.main.5.inv.default.10",24,36164434,"gradual",-177351510,-83.1,"main","inv",NA,"composite","min",NA,"default"
"359e97c10f8d55dcd59b61f4beff5fff",6,63.5,"m.main.5.inv.default.10",26,44755148,"gradual",-227527661,-83.6,"main","inv",NA,"composite","min",NA,"default"
"359e97c10f8d55dcd59b61f4beff5fff",6,63.5,"m.main.5.inv.default.10",28,56260442,"gradual",-286010147,-83.6,"main","inv",NA,"composite","min",NA,"default"
"359e97c10f8d55dcd59b61f4beff5fff",6,63.5,"m.main.5.inv.default.10",30,59855461,"gradual",-318812310,-84.2,"main","inv",NA,"composite","min",NA,"default"
"359e97c10f8d55dcd59b61f4beff5fff",6,63.5,"m.main.5.inv.default.10",32,74851776,"gradual",-396807340,-84.1,"main","inv",NA,"composite","min",NA,"default"
"27dffaffcf7ffb0c6eafebbee0fe5fbb",3,73,"m.tree_get_parent.3.fold.pred_inst.46",28,127269591,"gradual",-57591391,-31.2,"tree_get_parent","fold",NA,"composite","min",NA,"pred_inst"
"27dffaffcf7ffb0c6eafebbee0fe5fbb",3,73,"m.tree_get_parent.3.fold.pred_inst.46",30,154958483,"gradual",-71952233,-31.7,"tree_get_parent","fold",NA,"composite","min",NA,"pred_inst"
"27dffaffcf7ffb0c6eafebbee0fe5fbb",3,73,"m.tree_get_parent.3.fold.pred_inst.46",32,195711449,"gradual",-85716964,-30.5,"tree_get_parent","fold",NA,"composite","min",NA,"pred_inst"
"3b9ff3f1bf7c965ebfff5dd7ff3b7f7d",7,75.4,"m.tree_get_left.3.fold.pred_inst.37",32,271862058,"gradual",-59159390,-17.9,"tree_get_left","fold",NA,"composite","min",NA,"pred_inst"
"377f7e7fbdf5f7ffffb8e9dafdff6aef",0,79.4,"m.tree_has_parent.3.fold.pred_inst.65",32,158651862,"gradual",-51894564,-24.6,"tree_has_parent","fold",NA,"composite","min",NA,"pred_inst"
"3fffb7cf4f8f5ddff79f61fcbfff7fff",6,79.4,"m.fixup_ancestors.3.fold.pred_inst.7",32,22104874,"gradual",-52024069,-70.2,"fixup_ancestors","fold",NA,"composite","min",NA,"pred_inst"
"27fffeffdf7ffb4c6fefebbee8fe7ffb",3,80.2,"m.tree_has_right.3.fold.pred_inst.69",28,74681647,"gradual",-55317672,-42.6,"tree_has_right","fold",NA,"composite","min",NA,"pred_inst"
"27fffeffdf7ffb4c6fefebbee8fe7ffb",3,80.2,"m.tree_has_right.3.fold.pred_inst.69",30,87825866,"gradual",-68773421,-43.9,"tree_has_right","fold",NA,"composite","min",NA,"pred_inst"
"27fffeffdf7ffb4c6fefebbee8fe7ffb",3,80.2,"m.tree_has_right.3.fold.pred_inst.69",32,110922579,"gradual",-86279403,-43.8,"tree_has_right","fold",NA,"composite","min",NA,"pred_inst"
"3f9ff7f1bf7c9f7fbfff5fd7ff3b7f7f",7,81.7,"m.tree_has_left.3.fold.pred_inst.61",24,52218727,"gradual",-53132529,-50.4,"tree_has_left","fold",NA,"composite","min",NA,"pred_inst"
"3f9ff7f1bf7c9f7fbfff5fd7ff3b7f7f",7,81.7,"m.tree_has_left.3.fold.pred_inst.61",26,68443498,"gradual",-68482696,-50,"tree_has_left","fold",NA,"composite","min",NA,"pred_inst"
"3f9ff7f1bf7c9f7fbfff5fd7ff3b7f7f",7,81.7,"m.tree_has_left.3.fold.pred_inst.61",28,74770740,"gradual",-77728776,-51,"tree_has_left","fold",NA,"composite","min",NA,"pred_inst"
"3f9ff7f1bf7c9f7fbfff5fd7ff3b7f7f",7,81.7,"m.tree_has_left.3.fold.pred_inst.61",30,119511436,"gradual",-116444250,-49.4,"tree_has_left","fold",NA,"composite","min",NA,"pred_inst"
"3f9ff7f1bf7c9f7fbfff5fd7ff3b7f7f",7,81.7,"m.tree_has_left.3.fold.pred_inst.61",32,129407487,"gradual",-137745071,-51.6,"tree_has_left","fold",NA,"composite","min",NA,"pred_inst"
"377f7e7fbdfdffffffb8e9fafdff6bef",0,82.5,"m.tree_get_parent.3.fold.pred_inst.42",32,104057540,"gradual",-51111580,-32.9,"tree_get_parent","fold",NA,"composite","min",NA,"pred_inst"
"1bddf8faefb7effffefdfbffdbfbff7f",4,84.1,"m.tree_get_right.3.fold.pred_inst.53",30,221994135,"gradual",-65355310,-22.7,"tree_get_right","fold",NA,"composite","min",NA,"pred_inst"
"1bddf8faefb7effffefdfbffdbfbff7f",4,84.1,"m.tree_get_right.3.fold.pred_inst.53",32,268828673,"gradual",-57496225,-17.6,"tree_get_right","fold",NA,"composite","min",NA,"pred_inst"
"39fbbdffeff79def7fbfffef79efffff",2,85.7,"m.tree_has_left.3.fold.pred_inst.61",20,49363643,"gradual",-49066305,-49.8,"tree_has_left","fold",NA,"composite","min",NA,"pred_inst"
"39fbbdffeff79def7fbfffef79efffff",2,85.7,"m.tree_has_left.3.fold.pred_inst.61",22,65192106,"gradual",-66802172,-50.6,"tree_has_left","fold",NA,"composite","min",NA,"pred_inst"
"39fbbdffeff79def7fbfffef79efffff",2,85.7,"m.tree_has_left.3.fold.pred_inst.61",24,81533143,"gradual",-88767852,-52.1,"tree_has_left","fold",NA,"composite","min",NA,"pred_inst"
"39fbbdffeff79def7fbfffef79efffff",2,85.7,"m.tree_has_left.3.fold.pred_inst.61",26,108050339,"gradual",-120407469,-52.7,"tree_has_left","fold",NA,"composite","min",NA,"pred_inst"
"39fbbdffeff79def7fbfffef79efffff",2,85.7,"m.tree_has_left.3.fold.pred_inst.61",28,128648563,"gradual",-143157646,-52.7,"tree_has_left","fold",NA,"composite","min",NA,"pred_inst"
"39fbbdffeff79def7fbfffef79efffff",2,85.7,"m.tree_has_left.3.fold.pred_inst.61",30,165710789,"gradual",-176049148,-51.5,"tree_has_left","fold",NA,"composite","min",NA,"pred_inst"
"39fbbdffeff79def7fbfffef79efffff",2,85.7,"m.tree_has_left.3.fold.pred_inst.61",32,205188615,"gradual",-219719587,-51.7,"tree_has_left","fold",NA,"composite","min",NA,"pred_inst"
"2ff7fbffffffffbffd7ddfbb77fedffb",1,88.1,"m.tree_get_parent.3.fold.pred_inst.41",28,61642869,"gradual",-48174312,-43.9,"tree_get_parent","fold",NA,"composite","min",NA,"pred_inst"
"2ff7fbffffffffbffd7ddfbb77fedffb",1,88.1,"m.tree_get_parent.3.fold.pred_inst.41",30,79504384,"gradual",-61460293,-43.6,"tree_get_parent","fold",NA,"composite","min",NA,"pred_inst"
"2ff7fbffffffffbffd7ddfbb77fedffb",1,88.1,"m.tree_get_parent.3.fold.pred_inst.41",32,93144578,"gradual",-75739968,-44.8,"tree_get_parent","fold",NA,"composite","min",NA,"pred_inst"
"27fffeffdf7fffdd7feffffffdfeffff",3,91.3,"m.tree_has_parent.3.fold.pred_inst.65",20,9394059,"gradual",-54012198,-85.2,"tree_has_parent","fold",NA,"composite","min",NA,"pred_inst"
"27fffeffdf7fffdd7feffffffdfeffff",3,91.3,"m.tree_has_parent.3.fold.pred_inst.65",22,12498454,"gradual",-71813293,-85.2,"tree_has_parent","fold",NA,"composite","min",NA,"pred_inst"
"27fffeffdf7fffdd7feffffffdfeffff",3,91.3,"m.tree_has_parent.3.fold.pred_inst.65",24,13686997,"gradual",-92226623,-87.1,"tree_has_parent","fold",NA,"composite","min",NA,"pred_inst"
"27fffeffdf7fffdd7feffffffdfeffff",3,91.3,"m.tree_has_parent.3.fold.pred_inst.65",26,17694958,"gradual",-123670985,-87.5,"tree_has_parent","fold",NA,"composite","min",NA,"pred_inst"
"27fffeffdf7fffdd7feffffffdfeffff",3,91.3,"m.tree_has_parent.3.fold.pred_inst.65",28,21830133,"gradual",-149215020,-87.2,"tree_has_parent","fold",NA,"composite","min",NA,"pred_inst"
"27fffeffdf7fffdd7feffffffdfeffff",3,91.3,"m.tree_has_parent.3.fold.pred_inst.65",30,22726262,"gradual",-187015891,-89.2,"tree_has_parent","fold",NA,"composite","min",NA,"pred_inst"
"27fffeffdf7fffdd7feffffffdfeffff",3,91.3,"m.tree_has_parent.3.fold.pred_inst.65",32,29360250,"gradual",-229754202,-88.7,"tree_has_parent","fold",NA,"composite","min",NA,"pred_inst"
"39fffdffefffffffffffffefffffffff",2,96,"m.tree_get_parent.3.fold.pred_inst.42",22,5826521,"gradual",-59363266,-91.1,"tree_get_parent","fold",NA,"composite","min",NA,"pred_inst"
"39fffdffefffffffffffffefffffffff",2,96,"m.tree_get_parent.3.fold.pred_inst.42",24,6462607,"gradual",-76584823,-92.2,"tree_get_parent","fold",NA,"composite","min",NA,"pred_inst"
"39fffdffefffffffffffffefffffffff",2,96,"m.tree_get_parent.3.fold.pred_inst.42",26,7689675,"gradual",-101221800,-92.9,"tree_get_parent","fold",NA,"composite","min",NA,"pred_inst"
"39fffdffefffffffffffffefffffffff",2,96,"m.tree_get_parent.3.fold.pred_inst.42",28,8758060,"gradual",-120255629,-93.2,"tree_get_parent","fold",NA,"composite","min",NA,"pred_inst"
"39fffdffefffffffffffffefffffffff",2,96,"m.tree_get_parent.3.fold.pred_inst.42",30,9827011,"gradual",-156308486,-94.1,"tree_get_parent","fold",NA,"composite","min",NA,"pred_inst"
"39fffdffefffffffffffffefffffffff",2,96,"m.tree_get_parent.3.fold.pred_inst.42",32,11180385,"gradual",-190471713,-94.5,"tree_get_parent","fold",NA,"composite","min",NA,"pred_inst"
"3fffffdffdfffffbffffdffffffffffb",5,96,"m.tree_get_parent.3.fold.pred_inst.42",24,7634950,"gradual",-48158130,-86.3,"tree_get_parent","fold",NA,"composite","min",NA,"pred_inst"
"3fffffdffdfffffbffffdffffffffffb",5,96,"m.tree_get_parent.3.fold.pred_inst.42",26,8949461,"gradual",-63966166,-87.7,"tree_get_parent","fold",NA,"composite","min",NA,"pred_inst"
"3fffffdffdfffffbffffdffffffffffb",5,96,"m.tree_get_parent.3.fold.pred_inst.42",28,9753639,"gradual",-72041393,-88.1,"tree_get_parent","fold",NA,"composite","min",NA,"pred_inst"
"3fffffdffdfffffbffffdffffffffffb",5,96,"m.tree_get_parent.3.fold.pred_inst.42",30,11777472,"gradual",-105211574,-89.9,"tree_get_parent","fold",NA,"composite","min",NA,"pred_inst"
"3fffffdffdfffffbffffdffffffffffb",5,96,"m.tree_get_parent.3.fold.pred_inst.42",32,13139825,"gradual",-126556579,-90.6,"tree_get_parent","fold",NA,"composite","min",NA,"pred_inst"
"37fffffffffffffffffffdfbffffffff",0,97.6,"m.fixup_ancestors.4.unfold.pred_inst.6",26,8270361,"gradual",-49596487,-85.7,"fixup_ancestors","unfold",NA,"composite","min",NA,"pred_inst"
"37fffffffffffffffffffdfbffffffff",0,97.6,"m.fixup_ancestors.4.unfold.pred_inst.6",28,9259878,"gradual",-59742392,-86.6,"fixup_ancestors","unfold",NA,"composite","min",NA,"pred_inst"
"37fffffffffffffffffffdfbffffffff",0,97.6,"m.fixup_ancestors.4.unfold.pred_inst.6",30,10319149,"gradual",-78369906,-88.4,"fixup_ancestors","unfold",NA,"composite","min",NA,"pred_inst"
"37fffffffffffffffffffdfbffffffff",0,97.6,"m.fixup_ancestors.4.unfold.pred_inst.6",32,11540215,"gradual",-95663811,-89.2,"fixup_ancestors","unfold",NA,"composite","min",NA,"pred_inst"
"3fdfffffffffffffbfff7fffffffffff",7,97.6,"m.fixup_ancestors.3.fold.pred_inst.7",24,5469780,"gradual",-49586202,-90.1,"fixup_ancestors","fold",NA,"composite","min",NA,"pred_inst"
"3fdfffffffffffffbfff7fffffffffff",7,97.6,"m.fixup_ancestors.3.fold.pred_inst.7",26,6481121,"gradual",-68247785,-91.3,"fixup_ancestors","fold",NA,"composite","min",NA,"pred_inst"
"3fdfffffffffffffbfff7fffffffffff",7,97.6,"m.fixup_ancestors.3.fold.pred_inst.7",28,7203894,"gradual",-82326924,-92,"fixup_ancestors","fold",NA,"composite","min",NA,"pred_inst"
"3fdfffffffffffffbfff7fffffffffff",7,97.6,"m.fixup_ancestors.3.fold.pred_inst.7",30,8217639,"gradual",-105606780,-92.8,"fixup_ancestors","fold",NA,"composite","min",NA,"pred_inst"
"3fdfffffffffffffbfff7fffffffffff",7,97.6,"m.fixup_ancestors.3.fold.pred_inst.7",32,9232348,"gradual",-128958170,-93.3,"fixup_ancestors","fold",NA,"composite","min",NA,"pred_inst"
"3ffffbffffffffffffffffbfffffffff",1,98.4,"m.main.5.inv.default.10",26,12518783,"gradual",-49499496,-79.8,"main","inv",NA,"composite","min",NA,"default"
"3ffffbffffffffffffffffbfffffffff",1,98.4,"m.main.5.inv.default.10",28,14660747,"gradual",-60512474,-80.5,"main","inv",NA,"composite","min",NA,"default"
"3ffffbffffffffffffffffbfffffffff",1,98.4,"m.main.5.inv.default.10",30,16994515,"gradual",-70129002,-80.5,"main","inv",NA,"composite","min",NA,"default"
"3ffffbffffffffffffffffbfffffffff",1,98.4,"m.main.5.inv.default.10",32,19638638,"gradual",-88685691,-81.9,"main","inv",NA,"composite","min",NA,"default"
"3ffffffaffffffffffffffffffffffff",4,98.4,"m.tree_has_right.3.fold.pred_inst.69",22,16561223,"gradual",-55616224,-77.1,"tree_has_right","fold",NA,"composite","min",NA,"pred_inst"
"3ffffffaffffffffffffffffffffffff",4,98.4,"m.tree_has_right.3.fold.pred_inst.69",24,23425471,"gradual",-71529282,-75.3,"tree_has_right","fold",NA,"composite","min",NA,"pred_inst"
"3ffffffaffffffffffffffffffffffff",4,98.4,"m.tree_has_right.3.fold.pred_inst.69",26,26013780,"gradual",-95735809,-78.6,"tree_has_right","fold",NA,"composite","min",NA,"pred_inst"
"3ffffffaffffffffffffffffffffffff",4,98.4,"m.tree_has_right.3.fold.pred_inst.69",28,29511005,"gradual",-116235192,-79.8,"tree_has_right","fold",NA,"composite","min",NA,"pred_inst"
"3ffffffaffffffffffffffffffffffff",4,98.4,"m.tree_has_right.3.fold.pred_inst.69",30,42038872,"gradual",-150616602,-78.2,"tree_has_right","fold",NA,"composite","min",NA,"pred_inst"
"3ffffffaffffffffffffffffffffffff",4,98.4,"m.tree_has_right.3.fold.pred_inst.69",32,45764329,"gradual",-184492916,-80.1,"tree_has_right","fold",NA,"composite","min",NA,"pred_inst"
"3fffffffffffffffffffffffffffffff",2,100,"p.context.6.pred.acc.89",26,6646800,"gradual",-51352023,-88.5,"context","pred",NA,"composite","min",NA,"acc"
"3fffffffffffffffffffffffffffffff",2,100,"p.context.6.pred.acc.89",28,7263689,"gradual",-62028372,-89.5,"context","pred",NA,"composite","min",NA,"acc"
"3fffffffffffffffffffffffffffffff",2,100,"p.context.6.pred.acc.89",30,8356537,"gradual",-81234825,-90.7,"context","pred",NA,"composite","min",NA,"acc"
"3fffffffffffffffffffffffffffffff",2,100,"p.context.6.pred.acc.89",32,9360903,"gradual",-99485633,-91.4,"context","pred",NA,"composite","min",NA,"acc"
"309014c009010104940961742cc24e28",6,30.1,"p.tree.6.pred.pred_inst.120",22,48909186,"gradual",45825570,1486.1,"tree","pred",NA,"composite","max",NA,"pred_inst"
"309014c009010104940961742cc24e28",6,30.1,"p.tree.6.pred.pred_inst.120",24,60803516,"gradual",57383240,1677.7,"tree","pred",NA,"composite","max",NA,"pred_inst"
"309014c009010104940961742cc24e28",6,30.1,"p.tree.6.pred.pred_inst.120",26,76703081,"gradual",72910648,1922.5,"tree","pred",NA,"composite","max",NA,"pred_inst"
"309014c009010104940961742cc24e28",6,30.1,"p.tree.6.pred.pred_inst.120",28,94817146,"gradual",90783231,2250.5,"tree","pred",NA,"composite","max",NA,"pred_inst"
"309014c009010104940961742cc24e28",6,30.1,"p.tree.6.pred.pred_inst.120",30,114430610,"gradual",109903798,2427.8,"tree","pred",NA,"composite","max",NA,"pred_inst"
"309014c009010104940961742cc24e28",6,30.1,"p.tree.6.pred.pred_inst.120",32,151441943,"gradual",146693885,3089.6,"tree","pred",NA,"composite","max",NA,"pred_inst"
"319016c009011104940b61742cc24f28",6,34.1,"m.fixup_ancestors.2.post.pred_inst.5",32,203961498,"gradual",49552277,32.1,"fixup_ancestors","post",NA,"composite","max",NA,"pred_inst"
"25880ae6891f620c6e0dc2a660321f39",3,43.9,"p.tree.6.pred.pred_inst.120",24,50652915,"gradual",45012829,798.1,"tree","pred",NA,"composite","max",NA,"pred_inst"
"25880ae6891f620c6e0dc2a660321f39",3,43.9,"p.tree.6.pred.pred_inst.120",26,64241326,"gradual",58061123,939.5,"tree","pred",NA,"composite","max",NA,"pred_inst"
"25880ae6891f620c6e0dc2a660321f39",3,43.9,"p.tree.6.pred.pred_inst.120",28,79377880,"gradual",72668072,1083,"tree","pred",NA,"composite","max",NA,"pred_inst"
"25880ae6891f620c6e0dc2a660321f39",3,43.9,"p.tree.6.pred.pred_inst.120",30,94362623,"gradual",86897262,1164,"tree","pred",NA,"composite","max",NA,"pred_inst"
"25880ae6891f620c6e0dc2a660321f39",3,43.9,"p.tree.6.pred.pred_inst.120",32,115515680,"gradual",107629495,1364.8,"tree","pred",NA,"composite","max",NA,"pred_inst"
"261a38132dd0d6f4ab20e858f51e086e",0,47.2,"p.subtreeHelper.6.pred.pred_inst.114",28,58241303,"gradual",42222682,263.6,"subtreeHelper","pred",NA,"composite","max",NA,"pred_inst"
"261a38132dd0d6f4ab20e858f51e086e",0,47.2,"p.subtreeHelper.6.pred.pred_inst.114",30,69448000,"gradual",52347221,306.1,"subtreeHelper","pred",NA,"composite","max",NA,"pred_inst"
"261a38132dd0d6f4ab20e858f51e086e",0,47.2,"p.subtreeHelper.6.pred.pred_inst.114",32,81872757,"gradual",60796673,288.5,"subtreeHelper","pred",NA,"composite","max",NA,"pred_inst"
"259c0afe895f620c6e0dc2a660321f39",3,48,"m.tree_get_parent.2.post.pred_inst.39",30,137695657,"gradual",43634540,46.4,"tree_get_parent","post",NA,"composite","max",NA,"pred_inst"
"259c0afe895f620c6e0dc2a660321f39",3,48,"m.tree_get_parent.2.post.pred_inst.39",32,171704344,"gradual",54201477,46.1,"tree_get_parent","post",NA,"composite","max",NA,"pred_inst"
"279c4afe8b5f720c6e0de2a660321f39",3,52,"p.context.6.pred.pred_inst.80",28,172245661,"gradual",57949350,50.7,"context","pred",NA,"composite","max",NA,"pred_inst"
"279c4afe8b5f720c6e0de2a660321f39",3,52,"p.context.6.pred.pred_inst.80",30,189185266,"gradual",49644103,35.6,"context","pred",NA,"composite","max",NA,"pred_inst"
"279c4afe8b5f720c6e0de2a660321f39",3,52,"p.context.6.pred.pred_inst.80",32,243236599,"gradual",69787399,40.2,"context","pred",NA,"composite","max",NA,"pred_inst"
"365a38573dd4f6f5ab20e858f51e486e",0,54.5,"p.subtreeHelper.6.pred.acc.111",26,87663000,"gradual",49466583,129.5,"subtreeHelper","pred",NA,"composite","max",NA,"acc"
"365a38573dd4f6f5ab20e858f51e486e",0,54.5,"p.subtreeHelper.6.pred.acc.111",28,109532390,"gradual",62519751,133,"subtreeHelper","pred",NA,"composite","max",NA,"acc"
"365a38573dd4f6f5ab20e858f51e486e",0,54.5,"p.subtreeHelper.6.pred.acc.111",30,136053861,"gradual",80279263,143.9,"subtreeHelper","pred",NA,"composite","max",NA,"acc"
"365a38573dd4f6f5ab20e858f51e486e",0,54.5,"p.subtreeHelper.6.pred.acc.111",32,163381247,"gradual",98969656,153.7,"subtreeHelper","pred",NA,"composite","max",NA,"acc"
"ac43b8dab47772ff5058aaa575e9c6b",1,55.3,"p.tree.6.pred.pred_inst.120",26,54570063,"gradual",50093823,1119.1,"tree","pred",NA,"composite","max",NA,"pred_inst"
"ac43b8dab47772ff5058aaa575e9c6b",1,55.3,"p.tree.6.pred.pred_inst.120",28,66294806,"gradual",61491350,1280.1,"tree","pred",NA,"composite","max",NA,"pred_inst"
"ac43b8dab47772ff5058aaa575e9c6b",1,55.3,"p.tree.6.pred.pred_inst.120",30,77889275,"gradual",72572403,1364.9,"tree","pred",NA,"composite","max",NA,"pred_inst"
"ac43b8dab47772ff5058aaa575e9c6b",1,55.3,"p.tree.6.pred.pred_inst.120",32,95526819,"gradual",89718016,1544.5,"tree","pred",NA,"composite","max",NA,"pred_inst"
"11ddb0d0e236404e12bd5bff8bbbb755",4,55.3,"p.tree.6.pred.pred_inst.121",32,48515660,"gradual",43698760,907.2,"tree","pred",NA,"composite","max",NA,"pred_inst"
"319697c10f0955dcd59b61f4beef5fff",6,61,"p.tree.6.pred.pred_inst.121",18,82266654,"gradual",48784764,145.7,"tree","pred",NA,"composite","max",NA,"pred_inst"
"319697c10f0955dcd59b61f4beef5fff",6,61,"p.tree.6.pred.pred_inst.121",20,105307345,"gradual",62047173,143.4,"tree","pred",NA,"composite","max",NA,"pred_inst"
"319697c10f0955dcd59b61f4beef5fff",6,61,"p.tree.6.pred.pred_inst.121",22,141929771,"gradual",86096017,154.2,"tree","pred",NA,"composite","max",NA,"pred_inst"
"319697c10f0955dcd59b61f4beef5fff",6,61,"p.tree.6.pred.pred_inst.121",24,172395186,"gradual",102606165,147,"tree","pred",NA,"composite","max",NA,"pred_inst"
"319697c10f0955dcd59b61f4beef5fff",6,61,"p.tree.6.pred.pred_inst.121",26,222002850,"gradual",133835043,151.8,"tree","pred",NA,"composite","max",NA,"pred_inst"
"319697c10f0955dcd59b61f4beef5fff",6,61,"p.tree.6.pred.pred_inst.121",28,273569787,"gradual",165520509,153.2,"tree","pred",NA,"composite","max",NA,"pred_inst"
"319697c10f0955dcd59b61f4beef5fff",6,61,"p.tree.6.pred.pred_inst.121",30,307827050,"gradual",180743043,142.2,"tree","pred",NA,"composite","max",NA,"pred_inst"
"319697c10f0955dcd59b61f4beef5fff",6,61,"p.tree.6.pred.pred_inst.121",32,380576222,"gradual",220627996,137.9,"tree","pred",NA,"composite","max",NA,"pred_inst"
"319697c10f8955dcd59b61f4beef5fff",6,61.8,"m.tree_get_parent.1.pre.pred_inst.38",26,275087157,"gradual",53084307,23.9,"tree_get_parent","pre",NA,"composite","max",NA,"pred_inst"
"319697c10f8955dcd59b61f4beef5fff",6,61.8,"m.tree_get_parent.1.pre.pred_inst.38",28,340820599,"gradual",67250812,24.6,"tree_get_parent","pre",NA,"composite","max",NA,"pred_inst"
"319697c10f8955dcd59b61f4beef5fff",6,61.8,"m.tree_get_parent.1.pre.pred_inst.38",30,378171009,"gradual",70343959,22.9,"tree_get_parent","pre",NA,"composite","max",NA,"pred_inst"
"319697c10f8955dcd59b61f4beef5fff",6,61.8,"m.tree_get_parent.1.pre.pred_inst.38",32,475653698,"gradual",95077476,25,"tree_get_parent","pre",NA,"composite","max",NA,"pred_inst"
"279fdafecb5f730c6e2feab660b65f3b",3,63.4,"p.context.6.pred.pred_inst.72",30,251312185,"gradual",63057762,33.5,"context","pred",NA,"composite","max",NA,"pred_inst"
"279fdafecb5f730c6e2feab660b65f3b",3,63.4,"p.context.6.pred.pred_inst.72",32,311773012,"gradual",65265064,26.5,"context","pred",NA,"composite","max",NA,"pred_inst"
"1a8fb371be7c925ebf7c51d5ff2b7f61",7,63.4,"p.context.6.pred.pred_inst.72",32,110852201,"gradual",42287049,61.7,"context","pred",NA,"composite","max",NA,"pred_inst"
"1b8fb371be7c925ebf7c51d5ff2b7f61",7,64.2,"m.fixup_ancestors.2.post.pred_inst.5",30,143568276,"gradual",52759405,58.1,"fixup_ancestors","post",NA,"composite","max",NA,"pred_inst"
"1b8fb371be7c925ebf7c51d5ff2b7f61",7,64.2,"m.fixup_ancestors.2.post.pred_inst.5",32,174556523,"gradual",63704322,57.5,"fixup_ancestors","post",NA,"composite","max",NA,"pred_inst"
"367e385fbdf5f6f5efa0e858f5bf4aee",0,65.9,"m.tree_has_parent.2.post.pred_inst.63",30,180712492,"gradual",48107461,36.3,"tree_has_parent","post",NA,"composite","max",NA,"pred_inst"
"367e385fbdf5f6f5efa0e858f5bf4aee",0,65.9,"m.tree_has_parent.2.post.pred_inst.63",32,219412343,"gradual",58882676,36.7,"tree_has_parent","post",NA,"composite","max",NA,"pred_inst"
"1b8ff371be7c965ebf7c51d5ff2b7f71",7,66.7,"p.tree.6.pred.pred_inst.121",22,99668052,"gradual",46129221,86.2,"tree","pred",NA,"composite","max",NA,"pred_inst"
"1b8ff371be7c965ebf7c51d5ff2b7f71",7,66.7,"p.tree.6.pred.pred_inst.121",24,121294210,"gradual",56268305,86.5,"tree","pred",NA,"composite","max",NA,"pred_inst"
"1b8ff371be7c965ebf7c51d5ff2b7f71",7,66.7,"p.tree.6.pred.pred_inst.121",26,164358679,"gradual",77678002,89.6,"tree","pred",NA,"composite","max",NA,"pred_inst"
"1b8ff371be7c965ebf7c51d5ff2b7f71",7,66.7,"p.tree.6.pred.pred_inst.121",28,180485365,"gradual",82611356,84.4,"tree","pred",NA,"composite","max",NA,"pred_inst"
"1b8ff371be7c965ebf7c51d5ff2b7f71",7,66.7,"p.tree.6.pred.pred_inst.121",30,273302110,"gradual",125840243,85.3,"tree","pred",NA,"composite","max",NA,"pred_inst"
"1b8ff371be7c965ebf7c51d5ff2b7f71",7,66.7,"p.tree.6.pred.pred_inst.121",32,327260190,"gradual",153278700,88.1,"tree","pred",NA,"composite","max",NA,"pred_inst"
"1bddb8daefb6c65ffefd7bffdbbbff7d",4,77.2,"p.subtreeHelper.6.pred.pred_inst.114",22,85680937,"gradual",56087497,189.5,"subtreeHelper","pred",NA,"composite","max",NA,"pred_inst"
"1bddb8daefb6c65ffefd7bffdbbbff7d",4,77.2,"p.subtreeHelper.6.pred.pred_inst.114",24,110438260,"gradual",77719974,237.5,"subtreeHelper","pred",NA,"composite","max",NA,"pred_inst"
"1bddb8daefb6c65ffefd7bffdbbbff7d",4,77.2,"p.subtreeHelper.6.pred.pred_inst.114",26,141206025,"gradual",87848388,164.6,"subtreeHelper","pred",NA,"composite","max",NA,"pred_inst"
"1bddb8daefb6c65ffefd7bffdbbbff7d",4,77.2,"p.subtreeHelper.6.pred.pred_inst.114",28,170529630,"gradual",114629182,205.1,"subtreeHelper","pred",NA,"composite","max",NA,"pred_inst"
"1bddb8daefb6c65ffefd7bffdbbbff7d",4,77.2,"p.subtreeHelper.6.pred.pred_inst.114",30,218070248,"gradual",162477666,292.3,"subtreeHelper","pred",NA,"composite","max",NA,"pred_inst"
"1bddb8daefb6c65ffefd7bffdbbbff7d",4,77.2,"p.subtreeHelper.6.pred.pred_inst.114",32,264680796,"gradual",181545176,218.4,"subtreeHelper","pred",NA,"composite","max",NA,"pred_inst"
"31fbbdbeeef59de67f9fffef79efffef",2,80.5,"p.subtreeHelper.6.pred.pred_inst.108",26,59736825,"gradual",48547565,433.9,"subtreeHelper","pred",NA,"composite","max",NA,"pred_inst"
"31fbbdbeeef59de67f9fffef79efffef",2,80.5,"p.subtreeHelper.6.pred.pred_inst.108",28,72991481,"gradual",60152120,468.5,"subtreeHelper","pred",NA,"composite","max",NA,"pred_inst"
"31fbbdbeeef59de67f9fffef79efffef",2,80.5,"p.subtreeHelper.6.pred.pred_inst.108",30,90588754,"gradual",75034233,482.4,"subtreeHelper","pred",NA,"composite","max",NA,"pred_inst"
"31fbbdbeeef59de67f9fffef79efffef",2,80.5,"p.subtreeHelper.6.pred.pred_inst.108",32,118589405,"gradual",103791671,701.4,"subtreeHelper","pred",NA,"composite","max",NA,"pred_inst"
"1bddf8faefb7eefffefdfbffdbfbff7f",4,85.4,"m.tree_get_right.2.post.pred_inst.48",28,219271477,"gradual",45944691,26.5,"tree_get_right","post",NA,"composite","max",NA,"pred_inst"
"1bddf8faefb7eefffefdfbffdbfbff7f",4,85.4,"m.tree_get_right.2.post.pred_inst.48",30,287349445,"gradual",69881972,32.1,"tree_get_right","post",NA,"composite","max",NA,"pred_inst"
"1bddf8faefb7eefffefdfbffdbfbff7f",4,85.4,"m.tree_get_right.2.post.pred_inst.48",32,326324898,"gradual",60077185,22.6,"tree_get_right","post",NA,"composite","max",NA,"pred_inst"
"27fffeffdf7fff4c6feffbfef9fe7ffb",3,86.2,"p.context.6.pred.pred_inst.87",22,83683602,"gradual",44404894,113.1,"context","pred",NA,"composite","max",NA,"pred_inst"
"27fffeffdf7fff4c6feffbfef9fe7ffb",3,86.2,"p.context.6.pred.pred_inst.87",24,104594494,"gradual",55532153,113.2,"context","pred",NA,"composite","max",NA,"pred_inst"
"27fffeffdf7fff4c6feffbfef9fe7ffb",3,86.2,"p.context.6.pred.pred_inst.87",26,141594619,"gradual",80897595,133.3,"context","pred",NA,"composite","max",NA,"pred_inst"
"27fffeffdf7fff4c6feffbfef9fe7ffb",3,86.2,"p.context.6.pred.pred_inst.87",28,171296140,"gradual",96775329,129.9,"context","pred",NA,"composite","max",NA,"pred_inst"
"27fffeffdf7fff4c6feffbfef9fe7ffb",3,86.2,"p.context.6.pred.pred_inst.87",30,210336793,"gradual",118761292,129.7,"context","pred",NA,"composite","max",NA,"pred_inst"
"27fffeffdf7fff4c6feffbfef9fe7ffb",3,86.2,"p.context.6.pred.pred_inst.87",32,262535786,"gradual",149629825,132.5,"context","pred",NA,"composite","max",NA,"pred_inst"
"37ffbf9bfdf77efbbfef4ef7ffeffbfb",5,86.2,"p.subtreeHelper.6.pred.pred_inst.114",24,67810999,"gradual",46183832,213.5,"subtreeHelper","pred",NA,"composite","max",NA,"pred_inst"
"37ffbf9bfdf77efbbfef4ef7ffeffbfb",5,86.2,"p.subtreeHelper.6.pred.pred_inst.114",26,86306544,"gradual",56513887,189.7,"subtreeHelper","pred",NA,"composite","max",NA,"pred_inst"
"37ffbf9bfdf77efbbfef4ef7ffeffbfb",5,86.2,"p.subtreeHelper.6.pred.pred_inst.114",28,98641471,"gradual",67955367,221.5,"subtreeHelper","pred",NA,"composite","max",NA,"pred_inst"
"37ffbf9bfdf77efbbfef4ef7ffeffbfb",5,86.2,"p.subtreeHelper.6.pred.pred_inst.114",30,145871425,"gradual",110415950,311.4,"subtreeHelper","pred",NA,"composite","max",NA,"pred_inst"
"37ffbf9bfdf77efbbfef4ef7ffeffbfb",5,86.2,"p.subtreeHelper.6.pred.pred_inst.114",32,164925629,"gradual",113340098,219.7,"subtreeHelper","pred",NA,"composite","max",NA,"pred_inst"
"39fbbdffeff79dee7fbfffef79efffff",2,87,"p.tree.6.pred.pred_inst.121",18,71010348,"gradual",48712105,218.5,"tree","pred",NA,"composite","max",NA,"pred_inst"
"39fbbdffeff79dee7fbfffef79efffff",2,87,"p.tree.6.pred.pred_inst.121",20,98429948,"gradual",69332247,238.3,"tree","pred",NA,"composite","max",NA,"pred_inst"
"39fbbdffeff79dee7fbfffef79efffff",2,87,"p.tree.6.pred.pred_inst.121",22,131994278,"gradual",94709348,254,"tree","pred",NA,"composite","max",NA,"pred_inst"
"39fbbdffeff79dee7fbfffef79efffff",2,87,"p.tree.6.pred.pred_inst.121",24,170300995,"gradual",123546342,264.2,"tree","pred",NA,"composite","max",NA,"pred_inst"
"39fbbdffeff79dee7fbfffef79efffff",2,87,"p.tree.6.pred.pred_inst.121",26,228457808,"gradual",168836917,283.2,"tree","pred",NA,"composite","max",NA,"pred_inst"
"39fbbdffeff79dee7fbfffef79efffff",2,87,"p.tree.6.pred.pred_inst.121",28,271806209,"gradual",198406947,270.3,"tree","pred",NA,"composite","max",NA,"pred_inst"
"39fbbdffeff79dee7fbfffef79efffff",2,87,"p.tree.6.pred.pred_inst.121",30,341759937,"gradual",254397280,291.2,"tree","pred",NA,"composite","max",NA,"pred_inst"
"39fbbdffeff79dee7fbfffef79efffff",2,87,"p.tree.6.pred.pred_inst.121",32,424908202,"gradual",314293576,284.1,"tree","pred",NA,"composite","max",NA,"pred_inst"
"3f9ff7fffffd9fffbfff7ff7ffff7f7f",7,93.5,"p.context.6.pred.pred_inst.80",26,85390378,"gradual",43686688,104.8,"context","pred",NA,"composite","max",NA,"pred_inst"
"3f9ff7fffffd9fffbfff7ff7ffff7f7f",7,93.5,"p.context.6.pred.pred_inst.80",28,103395510,"gradual",59189468,133.9,"context","pred",NA,"composite","max",NA,"pred_inst"
"3f9ff7fffffd9fffbfff7ff7ffff7f7f",7,93.5,"p.context.6.pred.pred_inst.80",30,128269273,"gradual",60059944,88.1,"context","pred",NA,"composite","max",NA,"pred_inst"
"3f9ff7fffffd9fffbfff7ff7ffff7f7f",7,93.5,"p.context.6.pred.pred_inst.80",32,157814945,"gradual",82398343,109.3,"context","pred",NA,"composite","max",NA,"pred_inst"
"3bffffffefffffffffffffefffffffff",2,100,"m.fixup_ancestors.1.pre.pred_inst.4",26,57923784,"gradual",50008627,631.8,"fixup_ancestors","pre",NA,"composite","max",NA,"pred_inst"
"3bffffffefffffffffffffefffffffff",2,100,"m.fixup_ancestors.1.pre.pred_inst.4",28,69658043,"gradual",60894000,694.8,"fixup_ancestors","pre",NA,"composite","max",NA,"pred_inst"
"3bffffffefffffffffffffefffffffff",2,100,"m.fixup_ancestors.1.pre.pred_inst.4",30,91027486,"gradual",81017609,809.4,"fixup_ancestors","pre",NA,"composite","max",NA,"pred_inst"
"3bffffffefffffffffffffefffffffff",2,100,"m.fixup_ancestors.1.pre.pred_inst.4",32,109947129,"gradual",98618896,870.6,"fixup_ancestors","pre",NA,"composite","max",NA,"pred_inst"
